11,00,01,03,04,05,06,02
-0.07770297,-0.2193600210469495,0.0725245776906603,0.1792493558785006,0.0916497948925864,0.0593310541856925,0.0554657858432808,0.0764949486296788
0.029138614,-0.1883093624299153,0.0701197748132001,0.1828182116600343,0.1180196494328601,0.0541365406013421,0.0707799342226483,0.0642502939920155
-0.087415842,-0.2121017983783082,0.0721667970779889,0.1604912160277664,0.1228698896142568,0.0354720225138256,0.0567054415539987,0.0653362198333154
0.029138614,-0.2216973097026695,0.0678985881519229,0.1714582084253374,0.0909639175086696,0.0945719198747702,0.0737224374250553,0.0564271702124491
-0.029138614,-0.2237559513749749,0.0751374168615577,0.1828603676170144,0.0873159854359107,0.031008099632296,0.0569428727278354,0.0794158113819304
0.038851485,-0.253371838231667,0.0751177920835877,0.1806293271072776,0.0898194624239277,0.1115111802871842,0.0713774939386461,0.0811728655062969
-0.067990099,-0.2427942555018065,0.0712173994074225,0.1951031819286286,0.1040276560945344,0.0586469533225307,0.0665280440595198,0.0822133482547781
0.029138614,-0.2196538821514561,0.0758937842181354,0.1706158835055629,0.1139311911702212,0.1190835006802242,0.0611599524657401,0.0656249129382823
-0.019425743,-0.2185055762880297,0.0830259268705376,0.1656012785914877,0.1081690113415008,0.0875149700661581,0.0586642066589782,0.0691282917594724
-0.019425743,-0.1998280299848438,0.0742510854473233,0.1789149955084264,0.1059539470688537,0.1106695034287181,0.077594393956177,0.051875197473964
0.019425743,-0.2240186696438696,0.0660592863439623,0.1859619780588685,0.0986302818660861,0.0862317386067747,0.0641347828077971,0.0656344014162488
0.009712871,-0.2294763950549168,0.071803405146204,0.1718594243313995,0.1068876942178528,0.0227651197736329,0.0757129215657693,0.0633103352975275
-0.009712871,-0.2165716936011743,0.0639985842944459,0.1774818939156625,0.0896014419182253,0.0824371018361003,0.0593795307270584,0.0777178823083752
-0.038851485,-0.216226759103783,0.068877864969036,0.1743679924328755,0.0839401748600242,0.0152900314952972,0.0659122467761391,0.0590753228028981
-0.009712871,-0.2362108830525559,0.0755117628902121,0.1790419883982618,0.1012051823242205,0.0824366688497793,0.06328270796817,0.0693204859021104
-0.048564356,-0.2131499538488117,0.0644319306854786,0.1870967993373391,0.0985040103236814,0.0464646572009632,0.0771394093632791,0.0626302037907828
-0.038851485,-0.2046674925934087,0.0703767439575687,0.165916320214726,0.1270932347914794,0.1104549891703081,0.0741170165543877,0.0711433956405851
-0.048564356,-0.2193621532666685,0.0685132176592234,0.162891368576438,0.0920401569558715,-0.0008323840325602,0.0759934039746001,0.0522598195651849
-0.029138614,-0.2195796253688974,0.0767317181302583,0.1800138829104459,0.0971156187213722,0.0522674148473233,0.056379215243872,0.0599470399945565
-0.038851485,-0.1987589934901978,0.0803317999338867,0.1765447916252509,0.0954015260388986,0.032454795959085,0.0613665089739775,0.071671392750757
0.058277228,-0.218116490970049,0.0744402716602202,0.1759885975254692,0.1047336263527493,0.0508361377459809,0.0535652717295984,0.0846036037953974
-0.087415842,-0.226493450613464,0.0806921378108484,0.1836766010695771,0.0911185334090839,0.0292377355861202,0.0658942294881678,0.0787600756932619
0.038851485,-0.209101696943429,0.0752075369586624,0.1895314035580877,0.1119649443492367,0.034046641668971,0.0613050532023265,0.0635497223942438
-0.067990099,-0.2243911937011468,0.0702083268043873,0.1776977968806833,0.1125401519025128,0.1065837395781223,0.0749214644150171,0.0605817283432372
0.087415842,-0.2298115212723074,0.0731897482943496,0.1792780689575542,0.1024732918124311,0.06248051677841,0.0595798546881701,0.0749462853122634
-0.116554455,-0.2071357980495574,0.0768432961955679,0.1673252259889025,0.1108598145263883,0.0872135571968946,0.0611337460707308,0.0747575079038763
0.07770297,-0.1921907295926579,0.0774005620189566,0.1972283080448747,0.1140020141271864,0.0760126892711546,0.051428801739548,0.072435138588327
-0.087415842,-0.2076325043422462,0.0671397550112388,0.1862555991604354,0.1034462177557463,0.1148666839062654,0.0714322030774353,0.0622336835730192
0.058277228,-0.2316977411104888,0.0710965059113577,0.1826410584467067,0.103187031817665,0.0690506954123687,0.0636289766634417,0.0847837387228096
-0.048564356,-0.2226370914358088,0.0772291552208754,0.1875909461940064,0.123362189125461,0.0341218117984505,0.0725159897452256,0.0651758121400661
0.0,-0.1954521741280432,0.0666569041877642,0.1751863209767331,0.1005584178068114,0.0891478387706333,0.0655570779693059,0.0838809194494667
-0.067990099,-0.2182956119342878,0.0733382771913195,0.192103492887217,0.1088855084260727,0.0331635052503679,0.0670793616653299,0.0704097339815562
0.009712871,-0.2084456831837979,0.0828225125887716,0.262212570028,0.1183002734452166,0.1243405258504601,0.0610124801441594,0.073603792615299
-0.058277228,-0.09462750608375,0.1193102861803161,0.3728983902513937,0.1902972062010714,0.0153587179821447,0.0655994171243579,0.0778750009412239
0.009712871,0.026347641642055,0.2326751594170325,0.4589339999682336,0.3372066709926405,0.1238926966003567,0.0598406294796207,0.1695896899455767
0.097128713,0.0437466464169311,0.3402506209789626,0.4366850222660874,0.3863369863247438,0.0793146511678006,0.1002148237753417,0.2845811215598953
0.194257426,0.0089882205007118,0.3461064532233272,0.3281837686986583,0.3390212004076102,0.2406677979316621,0.2096137975636858,0.36264808393211
0.233108911,-0.1177307154686722,0.2516841425601575,0.1932925470922116,0.2566346233761649,0.2823444829918629,0.3370814204508879,0.3156867251974559
0.233108911,-0.2379237862894919,0.1422990426499283,0.131118457162656,0.0977478236595761,0.3085515038809286,0.3566970737430874,0.1933816137067688
0.116554455,-0.2739097518120287,0.0198548337801923,0.1221671539635831,0.0494801061739048,0.1611327013708107,0.2709441499745031,0.0617099672756133
-0.038851485,-0.2398669363448004,0.0191182570040383,0.1622587537055294,0.0493031138836233,0.0726853256264083,0.1393100168333108,0.0078004291196063
-0.097128713,-0.2093425410777926,0.0355519114959706,0.1640111735739156,0.0845110734953578,0.0210802373414103,0.0219590556649156,0.02214770513687
-0.087415842,-0.2694614199078448,0.0719180917699155,0.1112071399838036,0.0899786630903584,0.0083696284420095,0.0037873639892947,0.0580089616201074
0.0,-0.3228758357415052,0.0240629064209957,0.032631503989419,0.0306961033133446,0.0830511503756998,0.0533696522833241,0.0391512281405643
-0.058277228,-0.4155230887848703,-0.0499743209582113,-0.0225151281888795,-0.0347449997765567,0.0178191740079596,0.0644247207134401,-0.0110724042846855
-0.097128713,-0.4493249488048746,-0.1223517486299289,-0.0425403592505441,-0.0850294839514294,0.0247674404525975,0.0260678639657336,-0.0986876631322115
-0.213683168,-0.4959617305208679,-0.1374344888115207,-0.0290673532004936,-0.0971898076872904,-0.1182039988406645,-0.0597828739584024,-0.1387345808183488
-0.194257426,-0.4407405579599672,-0.1433458871521961,0.0157186629017434,-0.0956194936965822,-0.115307902283368,-0.1275192826651009,-0.1393623117486361
-0.291386139,-0.3860902837716721,-0.0927973142802789,0.0315414505568408,-0.0461997518508166,-0.0908060790227863,-0.1314710088654972,-0.1210231631903696
-0.213683168,-0.460074118192027,-0.0656560844925862,-0.0630553470730077,-0.0580815314201383,-0.0952242277139197,-0.1450355397887305,-0.0560405968585326
-0.203970297,-0.5699370773343335,-0.1633464929984281,-0.1267443835751915,-0.1474627587002864,-0.0179876741515456,-0.1100233925747022,-0.1003762532943239
-0.165118812,-0.5803346496937222,-0.2502666167936059,-0.1241893392922829,-0.2121274057640397,-0.0730497888263953,-0.0748483374838989,-0.2055953277631066
-0.291386139,-0.561363119116336,-0.2619914358881061,-0.1033550824594019,-0.2053701648261912,-0.1469282991469393,-0.1618701216349343,-0.2505438888460218
-0.291386139,-0.4759070310439859,-0.2135228757920859,-0.0072295895906467,-0.1375136302510688,-0.353533556255134,-0.2513580706758122,-0.2323940816190298
-0.339950495,-0.3178261363135335,-0.1342228208923881,0.0802780023989307,-0.0521767465324324,-0.260869680525358,-0.2722493367354409,-0.1707096151748695
-0.213683168,-0.2887867591079388,-0.0237327978166516,0.0558056320044473,0.0120748303476581,-0.2646968979524031,-0.217472855213231,-0.0639622788658815
-0.194257426,-0.3380616288538726,-0.0261328921428137,0.0657678461434966,0.0051032920062181,-0.0687773778995716,-0.134134339932339,-0.0138039820536357
-0.058277228,-0.3677307577366537,-0.0497867478743168,0.0047885662526262,-0.0226448565563551,-0.0742701732585713,-0.0370984071071864,-0.0416523653624432
-0.174831683,-0.4170411026434339,-0.0869963760148899,0.0313353453408391,-0.0516877263571446,-0.0063600195555701,-0.0367016328807585,-0.0521541425234153
-0.174831683,-0.3400133813941912,-0.087223486790441,0.1077515923763795,-0.0396546089224043,-0.0738382811204114,-0.0524035357874528,-0.1064385966596722
-0.203970297,-0.2585207734852453,-0.0155360320930534,0.2001044891724111,0.0286255124148441,-0.1108193646948047,-0.0912336681267874,-0.0547825709672506
-0.126267327,-0.2034514518321923,0.0560152922964749,0.2294798201522949,0.1119585857640046,-0.0554225862370813,-0.099375744855158,0.0226411433633672
-0.087415842,-0.1278910809083682,0.1333883044780489,0.2638861206331742,0.1424638320092198,-0.0274294976331596,-0.0202256873040717,0.1214132331947674
0.058277228,-0.1302542112878636,0.1559224585179687,0.2567680242555337,0.1944089600395359,0.0983967077092658,0.0607181950899711,0.1466346672648891
0.038851485,-0.1170170598944748,0.1576029402204893,0.3037704850037601,0.1961743073954225,0.0886807617145082,0.1164266655517027,0.1512031830214406
0.038851485,-0.0493608528560183,0.176633591691169,0.3552883839454921,0.2212723819626356,0.2174624890107925,0.1535339539445684,0.1630293755617247
0.07770297,0.0113681392003924,0.2625257015069153,0.4442038339497291,0.288112214974794,0.1635079790815419,0.1443342826860258,0.2119146673347182
0.106841584,0.0834351695358794,0.3163155211002547,0.4963918213868289,0.3558027502807266,0.218224294473563,0.1740137451309097,0.2893493285993928
0.213683168,0.1133791456957672,0.3837410673215926,0.5195791228691965,0.4331472930218707,0.3003228271491726,0.248406338388314,0.3586535526486137
0.281673267,0.1548728131768462,0.4162715471377881,0.565181222295214,0.4600745748193063,0.3756011321764985,0.3209123338490777,0.3983626900448341
0.30109901,0.1933063874228352,0.4404428039221403,0.6419238278305055,0.4649513334197351,0.4079322799294043,0.3734343169743856,0.4282104113737062
0.271960396,0.2813685462110746,0.5114266342483351,0.6612874481075438,0.5498896345500514,0.450439659745625,0.415122321200552,0.468731105667047
0.407940594,0.2946313967363991,0.5373228922305974,0.7501314411161178,0.5878029741694096,0.4531053462906346,0.4441857505348194,0.5332910510986523
0.398227723,0.3690586116267302,0.5687406611378054,0.74063282542094,0.6504361712088311,0.4895761555976678,0.5130979588992277,0.5271149074808672
0.514782178,0.2911566443474078,0.6545757526320702,0.7269711777586354,0.6611013214487935,0.5698057332288002,0.5311412673891049,0.6436276373873905
0.505069307,0.3338850630986287,0.5925905784016897,0.7006527396804749,0.6099276909384463,0.5506635778790909,0.5834111805394793,0.5949686664595538
0.505069307,0.2303292680963831,0.6236674677376804,0.5620869966723993,0.6721793827459207,0.6140966737681769,0.6330873905004518,0.597599921278467
0.45650495,0.0976319994744941,0.5284911056346486,0.4044109677360568,0.4955291430300965,0.5494480269117271,0.5959875065663215,0.571535703873452
0.495356436,-0.0366109214783055,0.3510679207463048,0.3493173859649807,0.3378363104136594,0.5842646825471551,0.6125060222344985,0.3976640093014693
0.194257426,-0.0562209255770995,0.2403775083242063,0.3775319331998434,0.2735529518235886,0.3671270444345629,0.4999383771083016,0.2667006046286201
0.203970297,-0.0237396975292089,0.244646552504306,0.3796517904910458,0.3111017511155055,0.2377680349796207,0.3250901288968185,0.2470970491148295
0.116554455,-0.0305268408327425,0.2658790983500402,0.3613488442613021,0.2760955141129172,0.205595180561615,0.2488538716014371,0.2553470661966068
0.252534653,-0.0530225687008089,0.2599375918593453,0.3027816581516346,0.3097771073581646,0.221309397912323,0.2519940404267853,0.2670678264094372
0.126267327,-0.1157012228831962,0.2284429736864982,0.193638060885352,0.2513172540469778,0.3159836632344693,0.2682696058538137,0.2465486677529823
0.184544554,-0.214058056597356,0.1368616323712083,0.1359319598553723,0.1774927232369695,0.2168152523482921,0.2480826877095301,0.1657401674258706
-0.019425743,-0.3092544756612567,0.0446879202620543,0.0473439270144661,0.0545466253698791,0.2202800586659578,0.1941620058257469,0.0645038296696261
0.038851485,-0.40605026807304,-0.0367682281936257,-0.0276741874583897,-0.0008483817298343,0.0821256690256949,0.1120230863458357,0.0084734785120129
-0.155405941,-0.4901261104697823,-0.1262786673999046,-0.0539085070333947,-0.0879427281573402,0.0567774890630108,0.0291806023619495,-0.1030862761447416
-0.135980198,-0.5385423213381332,-0.1496709474085766,-0.0971703768977351,-0.1123781125028314,-0.0930139330618035,-0.0505356341306258,-0.1486880902848847
-0.320524752,-0.5964258340046381,-0.1946002760235256,-0.2011278591753131,-0.1800475106376567,-0.1354193417137529,-0.1360774211380636,-0.1771304792609088
-0.203970297,-0.6512610366433094,-0.2771381489643817,-0.2773727239957006,-0.2184099495182247,-0.1662612019069754,-0.1702527738152259,-0.2274908402976732
-0.349663366,-0.7470081772910524,-0.3559021003447155,-0.3517438283047783,-0.3361860864960849,-0.241718472902411,-0.217797060543035,-0.3286005415587539
-0.398227723,-0.7895151178873699,-0.409442157854647,-0.4170189696634923,-0.3913118238612296,-0.2782315095000103,-0.3023617944664681,-0.3831596070819729
-0.563346535,-0.902955191129071,-0.4803578673741174,-0.6453148127488196,-0.4288031887120586,-0.4179745018669508,-0.3730632236395125,-0.4630901731806969
-0.485643564,-1.0842464471251134,-0.6006903916509281,-0.6908704299770222,-0.5555125184173407,-0.4009689979571254,-0.4414607518085768,-0.5302298710240241
-0.699326733,-1.0391750730812188,-0.8274993875543086,-0.464764950290621,-0.775098839459317,-0.5692181082805509,-0.501210746659215,-0.7816230211971635
-0.864445545,-0.9299103602750316,-0.6905997809786245,-0.3824884858956196,-0.6561498308558507,-0.782310009011429,-0.6482414216746933,-0.7866391342654594
-0.874158416,-0.8084245355555182,-0.5188076490371688,-0.324976620315878,-0.4973474780060968,-0.8868914489435534,-0.8462730507433669,-0.53334851148978
-0.534207921,-0.7625182067247452,-0.450181857737653,-0.2804530448038401,-0.4360091652867296,-0.6176112956578409,-0.660382088295654,-0.488908354966011
-0.582772277,-0.7543610417357844,-0.4226946705707664,-0.3084340317038738,-0.3933518283443856,-0.5557038662430293,-0.5096143077825813,-0.4241045486436782
-0.495356436,-0.75949099937682,-0.3820222487515138,-0.3322836670081835,-0.3766731704324113,-0.4980356115835861,-0.4679388010149414,-0.3768534803631245
-0.466217822,-0.8121649286753381,-0.4277816716055391,-0.3472497097987716,-0.394278857193206,-0.3761924024005144,-0.4257618220178751,-0.3987364350917181
-0.52449505,-0.8034964756124158,-0.4536358495554159,-0.314952176529292,-0.4145203735625593,-0.4553686095610202,-0.4083884164622084,-0.4485377661343018
-0.543920792,-0.7366443278156491,-0.4571427415483489,-0.2355284605063682,-0.4403075906339319,-0.4324831996480022,-0.4577457506643521,-0.4620302919840352
-0.553633663,-0.652933293103823,-0.389401451159711,-0.1686880909530199,-0.379216853603388,-0.5017852737239723,-0.4864316698901079,-0.4154348315422893
-0.437079208,-0.6216607696844643,-0.2972068331397378,-0.1103087468475957,-0.2965789067803026,-0.3981671790248997,-0.4636252889556125,-0.3253118767100794
-0.417653465,-0.5926133566962334,-0.2773888550168778,-0.0243665468946766,-0.2525074210530668,-0.3524374476128001,-0.3954101986776339,-0.2739489844091585
-0.349663366,-0.4344741983871131,-0.1897450768697471,0.0502875449026428,-0.1703338450407461,-0.2840665579026235,-0.3043409914509225,-0.2161703011137995
-0.310811881,-0.3592156990407955,-0.0647144409397576,0.0999530137169929,-0.0701809495641451,-0.2040961387948459,-0.2763445434799156,-0.0950981509079551
-0.174831683,-0.2434772363368358,-0.0322810304046404,0.2431362795478965,-0.0071759012625385,-0.0669801673366566,-0.1648738890501437,-0.0478329834582232
-0.194257426,-0.0951893374277378,0.0949981732535543,0.376126261430568,0.0850552068662349,0.0012304529289351,-0.0715637360669119,0.0402435650656295
0.058277228,0.037371133418518,0.2333425857347423,0.4552608716811768,0.2424621422644138,0.0268859229514022,-0.0194176738066667,0.1802551202849037
0.07770297,0.1114678515145802,0.3381609219323263,0.5457031244794386,0.3548060348508265,0.2363060015348306,0.112958765460324,0.3022388039058787
0.310811881,0.1902364959095604,0.3932863959805143,0.6743891762263395,0.4186209760666302,0.224252901703383,0.2583200791713936,0.3754029706887543
0.252534653,0.3447730567991395,0.5156839814025406,0.796017953534182,0.5459387534918914,0.2808341344673657,0.3462005797452852,0.4459053849064036
0.446792079,0.4242932177632202,0.6608273168263341,0.8705356655024189,0.6828012578882545,0.3637652335132891,0.4142432675508109,0.6048335626201714
0.553633663,0.4847606073528707,0.7381437891079786,0.9044630190164598,0.7620830969630883,0.6226208301076469,0.5413707719383207,0.7236890237602145
0.650762376,0.5312457761385254,0.7760332316438526,0.9449636371600828,0.8344248363764386,0.6778278075551364,0.6799168503787909,0.7456030391739007
0.641049505,0.6270109948222082,0.8294747218517701,1.0053023452243512,0.865719351006394,0.7706522068522601,0.7407695168136268,0.8027276733207462
0.796455446,0.6221809297783354,0.8492040070103963,1.0652263510181552,0.8661120661597463,0.7502449739254122,0.7837623568783336,0.8432723034413391
0.718752475,0.735381362383465,0.9196689667954489,1.1859375636222362,0.9365115424748052,0.8392407764579815,0.8366109517267741,0.8930535145926528
0.796455446,0.8077440295999531,1.0341927192725553,1.3064965631215346,1.074364976238486,0.8691055934021322,0.8726424950835883,1.0024093570644077
0.942148515,0.9519834656839472,1.1455944481721037,1.3404253439604543,1.1678991918758903,0.9695067882628052,0.9652500811842442,1.103135853602278
1.029564356,0.861056045475836,1.2309496265494215,1.0983755756284836,1.232091165635979,1.1186692098565405,1.063637103134697,1.1985417860227037
1.194683168,0.6092244654917446,1.1390964789962978,0.833213533502768,1.198316168265762,1.1784478244915406,1.1615482927303966,1.1921427649348155
1.029564356,0.4679775745613571,0.8336631789663917,0.7770913018180233,0.8942996089136953,1.2957551531463454,1.243869286131336,0.876036831509238
0.699326733,0.3561153158573429,0.6713422815318225,0.7843818180312386,0.711947298770762,0.9313053759394578,1.0299970122107651,0.6995792979082937
0.52449505,0.3847349760875867,0.6363303082904397,0.8021250716024788,0.6541752123134559,0.7532378992472112,0.7651220999677028,0.6162590102638028
0.582772277,0.3653071618571787,0.7133472551389592,0.7391574630144886,0.7546143485781358,0.6625876619418894,0.6556069460802736,0.682087827474809
0.573059406,0.3100128346494443,0.6425201339470413,0.6423900568144122,0.6586190383519757,0.72864425315447,0.6665358019783851,0.665887910387976
0.592485149,0.1452753813745994,0.5597386921317891,0.4902907228358402,0.621752788118576,0.7020155289797856,0.6860684501428276,0.5790207411565188
0.437079208,0.0284536757363005,0.4097067732639862,0.3537108563350986,0.4634224925083797,0.6180899607979167,0.6196151573318435,0.4400028561450076
0.349663366,-0.1448399813594369,0.2920039806919542,0.2070794883614492,0.3500004073650948,0.4649129836707855,0.5071405591331564,0.3108504719445029
0.165118812,-0.2082539814482422,0.1178374768320944,0.1136005145979332,0.1764241303174863,0.2671752552760233,0.3606255538393429,0.163294201713041
0.067990099,-0.399824115111992,0.0405790475881612,-0.0583532366817345,0.0915214691826655,0.1779417524025147,0.2328405327922287,0.0492193124785474
-0.097128713,-0.5790267521951722,-0.1156149329852322,-0.2663716505180918,-0.016592461379895,0.0173815105868068,0.0701763542662759,-0.0528651311733724
-0.106841584,-0.7401317070037982,-0.3348858289746803,-0.3659810110806364,-0.2478418625070629,-0.0064414464848065,-0.0113078600627541,-0.2810646397589793
-0.495356436,-0.812381379601435,-0.4353008096465071,-0.4409313920396328,-0.3856368026758127,-0.3107602907804465,-0.20968827667287,-0.405757577123041
-0.475930693,-0.9526393496156468,-0.5099172023847466,-0.5426374638801178,-0.4549086624435914,-0.4413947771316286,-0.3958641165169632,-0.5018635609919904
-0.67990099,-0.9959229082276732,-0.6280782915807052,-0.6429214689835135,-0.5550922299203895,-0.5557547507811725,-0.4842409424992535,-0.59733346833342
-0.650762376,-1.113839886266809,-0.6960563377667536,-0.7621498181847296,-0.6777438773867216,-0.6330580064592924,-0.5638625110972242,-0.6711057084782908
-0.835306931,-1.215400784021575,-0.7958522022708713,-0.8406355630391991,-0.737176593950024,-0.7538774839177945,-0.6587831097216253,-0.7574071327022195
-0.777029703,-1.2615983767216774,-0.9431749292051864,-0.9042534266208408,-0.8740944501831793,-0.8058226847612999,-0.733428760652359,-0.9055087660347868
-1.116980198,-1.3612912512940332,-0.9640296244538976,-1.0862395300591687,-0.9101043345335952,-0.9620303300113928,-0.8580628463034613,-0.9529803059927792
-1.000425743,-1.5191989080396104,-1.0802873837914149,-1.0160622710055922,-1.0037950137399607,-1.0480936140494652,-0.9754456677045648,-1.023475644358408
-1.262673267,-1.4568911706831909,-1.2045944877807675,-0.6889364036662234,-1.16022080549939,-1.0166807669926847,-0.9955168204061622,-1.2136725567610158
-1.28209901,-1.069176893045519,-0.9910124751655436,-0.4459777479387528,-0.9844593723605952,-1.2800731706917698,-1.1856024064789692,-1.0652781308990191
-1.146118812,-0.8765312512248935,-0.7104014669133984,-0.4868438690773726,-0.7133807495495679,-1.1004956221639473,-1.1796462131101757,-0.7711554658925787
-0.747891089,-0.9402363618925548,-0.5248334249881468,-0.568077557970108,-0.50223529958117,-0.8128024331428877,-0.8893078473459336,-0.5259860464462662
-0.689613861,-1.0369598199991907,-0.6390447306629518,-0.5991287225861923,-0.6115617767764321,-0.5432281247199011,-0.6130995525490015,-0.5927836448386608
-0.67990099,-0.9709646096663964,-0.6959536245833834,-0.5110403919348045,-0.6749292973329075,-0.6201147892911545,-0.5631848757213967,-0.7092657655929968
-0.767316832,-0.9497416238587508,-0.6908862241944206,-0.4462097315333005,-0.64391792656574,-0.7125538439548234,-0.6870468760465861,-0.6951444599513872
-0.75760396,-0.8519656835409641,-0.5847482337675365,-0.3419080569291519,-0.5484226099268593,-0.685038581193915,-0.7201899732722964,-0.6088238276628327
-0.699326733,-0.7749085796654478,-0.5256556873328749,-0.2138257631485556,-0.5068549045301801,-0.6114599740050439,-0.6601166411615202,-0.5290014153495755
-0.611910891,-0.6276570077654714,-0.3987644759054679,-0.1164401626656153,-0.3595580744549367,-0.5010054744147906,-0.5625068621824492,-0.4280558627989054
-0.466217822,-0.5280177097220069,-0.2724702123363335,-0.0542090036884538,-0.2428593632932328,-0.497793928421412,-0.4847524156773158,-0.2974330998934735
-0.359376238,-0.4613580160268675,-0.1814487507696978,0.014177316442549,-0.1753982331599786,-0.3378632681446001,-0.3480664995605749,-0.2052354176895588
-0.271960396,-0.3299947310512866,-0.1256479026456108,0.1846309124915673,-0.1255719956960852,-0.2440445603667919,-0.2498556261505883,-0.1714111725611595
-0.242821782,-0.1686078921245345,0.0316700553360189,0.2788280017786074,0.0322819041030238,-0.1589938659716253,-0.1841379692509899,-0.0226185838286688
-0.029138614,-0.0759364816083159,0.1505925811997304,0.4011499158773575,0.1712659166154074,-0.0154236381441322,-0.0805084280885671,0.1245702890637674
0.038851485,0.059572216769586,0.2549194742377941,0.5707279798603375,0.2396436755435035,0.0920037241831433,0.09807921462036,0.2227390736916425
0.242821782,0.2315446254514694,0.3990931225711466,0.6835733311718468,0.4182617685676028,0.171183464196503,0.1880273700736799,0.3713724227124268
0.252534653,0.2950273096487826,0.5589498140894218,0.8043269313503352,0.5655362908828849,0.3163180594064814,0.3065471719419501,0.5108856079926536
0.514782178,0.4710608860159874,0.6272359477354622,0.9449577168482544,0.6744313641973115,0.5402902177013011,0.4773251673335286,0.6070230477397736
0.505069307,0.5194564044812708,0.7892735317519977,0.9224636957138774,0.8291932038789811,0.5427656909825019,0.5746537643135777,0.7506652294793529
0.728465347,0.5598928009160988,0.8145894094098673,1.072017885073527,0.8542069446503266,0.7834139317999271,0.7133852679068436,0.8063325630963627
0.728465347,0.6755867149150767,0.867237123689367,1.1517713512548775,0.9220914942037411,0.7660711684004198,0.8224713681800789,0.8400187448237701
0.738178218,0.7853273198124346,1.0152496894528475,1.1799085391287074,1.061866630036239,0.8357241623009439,0.8088104726776075,0.9831064114714364
0.883871287,0.754896210594967,1.0542479158049418,1.1889830102622196,1.0698287238696311,1.0657520011878323,0.9538914272572216,1.0422718822722363
0.981,0.85663555673985,1.04348521342969,1.2538007686946846,1.1089613700791368,1.051581622291943,1.0644227296181124,1.028480090980472
0.951861386,0.844237066513516,1.125808651195788,1.2850595999144985,1.1794882489034644,1.1076989320193995,1.0364078668547665,1.117940660027344
1.000425743,0.9432321367140742,1.1307772123031483,1.4197866861391686,1.1569786705496363,1.1358002875459805,1.083489384818088,1.1263824558557014
1.078128713,0.9964788149835738,1.2623685667399018,1.3414652689822617,1.3123495150985798,1.194282326410851,1.1410880873295235,1.222613493760023
1.107267327,0.8124327502801093,1.2982196902428684,0.9971837151425832,1.286337699406915,1.2845518167640264,1.1781716406545002,1.3133448097268574
1.194683168,0.567393759280486,1.0096495537448102,0.8303593966306292,0.9629181555020598,1.4132810824706032,1.3294115146509724,1.0630099547515524
0.864445545,0.4367438961473759,0.7432175119876175,0.83237727722103,0.7574390840136099,0.9918357818244566,1.1588731578321991,0.7481882319034768
0.641049505,0.3896595768353599,0.7089616847251454,0.7479204202881756,0.766748124450602,0.7529395902314432,0.8219326164086527,0.7085216789609999
0.621623762,0.3167531918780397,0.6592005619707386,0.7141233408614203,0.6798475612985214,0.6815061790852084,0.7214930084556787,0.6731794198464679
0.553633663,0.2823858990755943,0.6128299381128425,0.6046331326195107,0.6485978913323859,0.6627448038641117,0.6948001469123172,0.6019638852854554
0.553633663,0.1844688028430163,0.5408623042300069,0.5022099935353203,0.5611340043106495,0.6078678265874485,0.6152958826137488,0.540474739577262
0.437079208,0.0819851740989328,0.4399769308643677,0.3888122649104304,0.4506435005209611,0.5009071687463896,0.5724832284674513,0.4564630426141909
0.330237624,-0.0222170409749703,0.3117795221100355,0.2973288743640266,0.3320103417162242,0.4226503518438118,0.4749077305109576,0.3331743123033133
0.242821782,-0.1124582550645106,0.2240638227276016,0.1662163040223466,0.2326326572283964,0.2428997521506941,0.3679954247856479,0.2349079127501297
0.116554455,-0.2981467156406409,0.1133196570869964,0.0615742870103624,0.1324647167344057,0.23016381099955,0.266233526603626,0.1407518139438612
-0.019425743,-0.3572076619054865,-0.0242437659037583,-0.0397669843765786,0.0203321810224345,0.0507230849012601,0.1675366524592044,-0.006889438600304
-0.145693069,-0.5689936546118405,-0.1043789298328525,-0.2305038252893074,-0.0838671894744944,0.0389517178240275,0.0239770705328549,-0.0629776252809573
-0.184544554,-0.7130828156766013,-0.2998607403377608,-0.3598956166721373,-0.2839806134668105,-0.0345028925820965,-0.0712665508931902,-0.2430364445667035
-0.437079208,-0.8452960203599199,-0.4599298126554244,-0.4053239391175828,-0.3916491115586554,-0.2205965888006003,-0.2106197301596545,-0.4280595522218012
-0.573059406,-0.8922097937092075,-0.495628992883898,-0.4849367991693526,-0.4772431298482678,-0.4401157284753169,-0.4049347796893819,-0.474852345887824
-0.631336634,-0.9494393427073384,-0.5811358578065072,-0.5980917755410554,-0.5366482029233556,-0.4707329000909411,-0.4858939748585427,-0.5423169278987974
-0.563346535,-1.060794568853528,-0.6617236209361839,-0.6857284365547065,-0.6231068233232163,-0.5315840341618243,-0.5436705709480126,-0.6502504681106507
-0.825594059,-1.1829920520754256,-0.7611148392450426,-0.7845857927115107,-0.7135127763591405,-0.6711589390599126,-0.6397854700235459,-0.7591228716725498
-0.796455446,-1.3088208251961828,-0.872479997565794,-0.867278797361735,-0.8268645270138224,-0.7643479596196777,-0.7407490148806148,-0.840901737641588
-1.010138614,-1.2695510430969157,-0.9744331733162788,-0.8800737632849429,-0.9098911331924427,-0.92673611488671,-0.8391441912968203,-0.9569559046656392
-0.932435644,-1.4415521167976175,-0.9494599396649418,-1.172037178855104,-0.9356199027880612,-0.9506823953479188,-0.9646544458435296,-0.9252611977376978
-1.078128713,-1.5758024076777126,-1.1817379666278425,-1.0260504369140635,-1.172565288805107,-1.0155167443767985,-0.9597078568939116,-1.1196979223357095
-1.35980198,-1.361000539351042,-1.24337552123117,-0.5957304993385972,-1.0849316125132766,-1.184968640338255,-1.0728194533915865,-1.3106364667570731
-1.330663366,-0.965299006286066,-0.7860058745505485,-0.4180475825864465,-0.6475149929123805,-1.362713358101194,-1.3261419855094307,-0.8659665754847485
-0.728465347,-0.9236714974853312,-0.5186846947542729,-0.5442499008632286,-0.5147409667237389,-0.8836598566856764,-0.982406121331196,-0.5229050905001563
-0.60219802,-1.0235033942969445,-0.6271562607081366,-0.5964344868820002,-0.6441497777255678,-0.5705973806494271,-0.593831935337509,-0.5818262083608047
-0.621623762,-1.0484692929422863,-0.7255148399548856,-0.5300239371508045,-0.6646970154476524,-0.6503574829078161,-0.5640858406405662,-0.7182929406480718
-0.786742574,-0.927366483769584,-0.6703070144968085,-0.4713822391271785,-0.6086715176733403,-0.7727818589375461,-0.7133309792802697,-0.670451487234149
-0.660475248,-0.8971021051448671,-0.5956131558682926,-0.4222872709348712,-0.5401066841174235,-0.7057480940508593,-0.7045573449200263,-0.5855760088097836
-0.728465347,-0.7878887025009218,-0.5430398558755556,-0.2818028061779047,-0.4717660339195948,-0.5598037149768126,-0.6130015650247539,-0.5534103111997092
-0.543920792,-0.6812954326091134,-0.4305204578200577,-0.1625702056523317,-0.3158428531159382,-0.5873249690629733,-0.574004469125544,-0.4438664118921474
-0.514782178,-0.5484297288248395,-0.2947415688496363,-0.0731495443213795,-0.2253954267113089,-0.4234954744556806,-0.4896609069325411,-0.2904388667283457
-0.30109901,-0.477344345982487,-0.2025901404399437,-0.0181885050960048,-0.1293544788802922,-0.2799803998303026,-0.3390403599915835,-0.2094887548652949
-0.271960396,-0.3519079318582316,-0.1425324935677069,0.1296215397190923,-0.0689161426880597,-0.2190658120485307,-0.2333509285715473,-0.1530749187192596
-0.194257426,-0.1917201289455558,0.0041080835880769,0.2395432404920973,0.0778794019659498,-0.1307853923104667,-0.1728064057363104,-0.0016743482850966
-0.048564356,-0.1148952781945246,0.1225186236843472,0.349607375031677,0.1700743079030972,-0.0080201903600879,-0.0626978757375609,0.1090926708405254
0.07770297,0.0190055078092707,0.22085495299633,0.5187843413021522,0.3112209681739795,0.1481982828561449,0.0898051173073533,0.2089717790805829
0.097128713,0.1747314796849917,0.3725821099222186,0.664921926151167,0.4515882594052251,0.2135435327527873,0.1669358683758865,0.3422772926000605
0.359376238,0.3091766021741343,0.5417926397889102,0.7427083248607105,0.5872567843284855,0.3784479891391948,0.3072529629685949,0.5129673908284855
0.466217822,0.3819478088857849,0.6113371399752544,0.8820179902923204,0.6755014031774662,0.5269809941634496,0.4912599416521565,0.5855737373213533
0.553633663,0.5168867022309578,0.7351728538519138,0.9662176045966172,0.8221559479471959,0.6528891337559202,0.5795931547327173,0.7006196212585214
0.699326733,0.5790724823808469,0.8275707293854556,1.045185172929261,0.8757403855698987,0.6531326984912859,0.6901780352443337,0.8113710658629508
0.747891089,0.7035235765308562,0.9053517777086472,1.1110721409119608,0.97794855657418,0.8211081192295208,0.8116723927245887,0.8870497904115554
0.815881188,0.6828241383296512,0.97398151188499,1.1170772666765592,1.0012169381964615,0.8894592342965094,0.8931761443978421,0.9703535513107852
0.874158416,0.774870854741648,0.9907315992034282,1.195977668753117,1.0389587095851525,0.9824267696200945,0.9849906128614504,0.9759218629022984
0.893584158,0.8226820211005718,1.0551412069966046,1.254012920175731,1.075982961983429,0.951095823610108,0.97912385309505,1.0340288270840294
0.951861386,0.898371664669134,1.1163042316348315,1.284657411833261,1.176084978223003,1.049710743090559,1.033566347804337,1.0974942900810762
1.107267327,0.9179296406221688,1.1616948999217056,1.3543809032184466,1.1753266497512176,1.132297441952116,1.0888926341013443,1.1639805799955336
1.078128713,1.0286422844003775,1.207501355645328,1.3863396786584263,1.25384656975716,1.1365259957966412,1.1610881865059326,1.1876845576848587
1.165544554,0.9269300085066572,1.2963064122464567,1.1236666413946272,1.227604224245156,1.2398404422846423,1.1823182989200374,1.3005168089405772
1.146118812,0.5458944630251259,1.0481729242576616,0.8592709956323443,0.94580143713026,1.281217523744005,1.2971619986636005,1.0722328188482777
0.864445545,0.4490967607336414,0.7610690577960204,0.8297304351414138,0.7579154966186841,1.067519784843248,1.1347785975353175,0.7662855438888418
0.60219802,0.3974148252588437,0.6843416739008293,0.8105428330766763,0.7172527132861337,0.7083677268277652,0.8282243929911811,0.6851474175448485
0.660475248,0.3955124676747438,0.6969000960977844,0.7894890932835729,0.7307158040728445,0.6974937259332767,0.6928794887249549,0.6962555340107828
0.611910891,0.3238001243815184,0.6712813123266107,0.6993386507485654,0.6749226522411862,0.7844651396070672,0.7053275338051945,0.6623483386403539
0.60219802,0.2404071553221891,0.595000998916134,0.575222613926157,0.5716697791528728,0.6946376365006289,0.6918596317073719,0.6125924120149214
0.466217822,0.0543613872308659,0.4683615230391195,0.4100427310903161,0.4301658457848814,0.6203213203803236,0.6316073733805057,0.4782397456778922
0.407940594,-0.0579481723764729,0.3154754941178596,0.3426300955319285,0.289155913359657,0.4569940086755289,0.4900259350242237,0.3155365546267661
0.155405941,-0.0928179893547149,0.2154117234210444,0.2570438073919548,0.2225551993876747,0.3202780583810958,0.3319386796193802,0.2149997717073265
0.155405941,-0.2145614113515498,0.1420143243593857,0.1081861667322083,0.0919208399163988,0.2197510955903283,0.2277625640326434,0.1638886113901844
0.009712871,-0.3629939588792458,-0.0194167945413498,0.0202817149732587,-0.0062032554540335,0.1744164006588366,0.162354806452705,-0.0319284177105297
-0.106841584,-0.5038557463786392,-0.082712886048833,-0.088316518351914,-0.100377207996376,-0.0722657383381449,-0.000548247444561,-0.0770675103922398
-0.213683168,-0.6817911837765507,-0.2439853355617875,-0.2775064218011987,-0.2858151248421362,-0.0764390402531167,-0.074869989752134,-0.217650777666548
-0.407940594,-0.8456377341800962,-0.4100837164076757,-0.3815926552494288,-0.4339965678545367,-0.275404099520822,-0.203650080279068,-0.3956764300837606
-0.573059406,-0.8556881117500543,-0.4841441956894354,-0.4129341043380717,-0.4852081483181781,-0.4076256142499566,-0.4047056012891145,-0.4812617801933798
-0.573059406,-0.9559933387736608,-0.5619286920681587,-0.5500791164429357,-0.5647694158795113,-0.5078067449740896,-0.49212532695873,-0.553390020377404
-0.670188119,-1.0388000973456033,-0.6713853497596957,-0.6643407115247195,-0.6883836287926534,-0.6265870673872596,-0.5545858741150326,-0.6586375464126313
-0.835306931,-1.163118859603611,-0.7445354547003414,-0.7025063232168344,-0.7636706561582539,-0.7279325321620045,-0.6566602583364242,-0.7483865539551988
-0.825594059,-1.2230085277464424,-0.845290825271329,-0.8587611323481489,-0.8565784224518488,-0.836358936777148,-0.7530660740222556,-0.8088243740680761
-1.000425743,-1.3397312807960124,-0.9547654221420044,-0.905503953426955,-0.9270835737625248,-0.9146806975359966,-0.8241879167978473,-0.9546399370147336
-0.990712871,-1.4377223639505294,-1.0157320628784428,-1.034682974576853,-1.0427697554059714,-1.030112118459515,-0.9526453555335096,-1.0031805715158206
-1.165544554,-1.5482427357628366,-1.1608848937581866,-1.0542264428764991,-1.137170636980778,-1.0691420968089265,-1.0186605577432584,-1.1424896077774906
-1.233534653,-1.2986644589389156,-1.1254739777205398,-0.8089120250201468,-0.9841444470185028,-1.290720639650684,-1.147241297098342,-1.148714881292468
-1.175257426,-1.028838064837186,-0.8581532950234088,-0.5790982575903274,-0.7033833032230964,-1.1280060447720417,-1.1668265905838044,-0.8608966187438148
-0.75760396,-0.9695748756480368,-0.6441613187519977,-0.5013884484069735,-0.6076131660593773,-0.8042409427571267,-0.9211826064518503,-0.6298042242660641
-0.738178218,-1.002322576432236,-0.6255725652475829,-0.5721494766990415,-0.5979847320408338,-0.6569621833099517,-0.6725315347423558,-0.6105377136452601
-0.670188119,-1.0073770142632097,-0.6920955513850898,-0.5855575948757338,-0.681709716510469,-0.6314419214729978,-0.6290156589075384,-0.6778424276297308
-0.815881188,-1.013138551060264,-0.6981465140423044,-0.562602402434936,-0.6583245314872643,-0.7292375483792236,-0.6977851402664671,-0.700263714089596
-0.718752475,-0.9205933866373304,-0.6275823712249384,-0.4637803056468902,-0.5719212092705142,-0.6835728956975522,-0.6940537556006071,-0.6337067421857208
-0.777029703,-0.8282706313354734,-0.557859794515542,-0.3923822305031659,-0.5035159766765539,-0.6250432475235825,-0.6469100443659664,-0.5663756366807333
-0.543920792,-0.705465270863337,-0.4498261820857953,-0.2688499038621622,-0.3650105063121237,-0.5433012323946644,-0.5738231618857833,-0.4667420177052761
-0.592485149,-0.5884906916163564,-0.3239693935964836,-0.1458425322585156,-0.2349347251808567,-0.4586448864238935,-0.4807897949543694,-0.3188676042208259
-0.349663366,-0.5070666552844523,-0.2214121837158235,-0.0521593515264643,-0.1456058649956654,-0.2856465009483321,-0.3470250144816454,-0.2151222121586284
-0.330237624,-0.3288076301160185,-0.1351383317131015,0.0473602366430139,-0.0839670210667239,-0.2106563916086486,-0.2393191284899728,-0.1318612925860633
-0.174831683,-0.2268782095703778,0.007755589252889,0.2293075127212978,0.0978594068848365,-0.0974215533704533,-0.1579523811387472,0.0004317022131865
-0.038851485,-0.1246628873045154,0.1512630795084875,0.2729098095283758,0.1991878141091936,0.0371335767876649,-0.0426378973731238,0.1427279083276464
0.067990099,-0.0217818835660398,0.1962127785430443,0.3732190773668748,0.2734116156412711,0.1152187704745195,0.1315347441442481,0.1915439526704793
0.126267327,0.1564544009491885,0.3160827118056107,0.5293739605884629,0.4197667751015841,0.1740035633320094,0.1858887636085874,0.3109906499383161
0.291386139,0.2248100743771439,0.4843006737795107,0.6671794063885912,0.5460587636126759,0.2952406233275505,0.3086479264755242,0.4771004562583487
0.446792079,0.3662325710960925,0.5903637885567661,0.7661360617809979,0.6561176360356265,0.4844826057903053,0.4672453113655307,0.5654883356592351
0.553633663,0.5191139896840334,0.7266874646785193,0.9348645643629696,0.7900302355455772,0.542860343532215,0.5752946213589656,0.6967622731587708
0.650762376,0.5646825446154491,0.8470913194145642,0.9763492552829868,0.872321039871575,0.7388706591149465,0.691015501359096,0.8403996460412887
0.815881188,0.6546273775959753,0.877914700683389,1.072273184708867,0.9435602813761677,0.8309668707161111,0.8350046305688433,0.8645524549178545
0.806168317,0.7146487368973562,0.9873642951289308,1.143244260873551,1.030067799510772,0.8797394343624179,0.8778019000779391,0.968634068668224
0.971287129,0.7681183773354542,1.0206260203853168,1.1643737194234318,1.0648402661880796,1.006280547503047,0.9759112589698924,1.0030292746579408
0.932435644,0.7549471734399141,1.0319659365022098,1.1739453657115209,1.0748920534978648,1.0112893843389807,1.02182908099606,1.0344260955505356
0.951861386,0.8541778864645221,1.0860921879487018,1.283023642556692,1.1476222487254994,1.0404151861753357,1.0367848780894873,1.080639019536766
1.029564356,0.912588165800579,1.157857448686261,1.2847976513075374,1.1769316109641872,1.0788557950941495,1.0853081260029536,1.1544766445166197
1.078128713,1.0239979242622843,1.187252099945273,1.404963681738185,1.2606256617854628,1.2531541298557078,1.1649624522669038,1.1699562853489986
1.087841584,0.8748080018555665,1.287840742689326,1.2993917624019522,1.2307247256296612,1.200429826279823,1.1912335591157333,1.2963923505753925
1.126693069,0.6412917039865488,1.0976839906118117,1.027469303413738,0.9311824115414012,1.3703450419810386,1.294257252567798,1.0817960559203097
0.815881188,0.4587150285236189,0.7821390779426678,0.8122367302639716,0.7373514800123746,0.9898091893572112,1.1118771323888013,0.7711200078531587
0.582772277,0.4203108287936637,0.674973914927559,0.8051444666890585,0.719168675805252,0.7752829907965445,0.7906105595689755,0.6707353911878907
0.60219802,0.3955706311859139,0.687813401913624,0.8014281834999715,0.7146945764850087,0.6588642401278768,0.6706142495847003,0.6911148987764688
0.563346535,0.4157666360969705,0.6723365038631071,0.7742436995552581,0.7100538755321669,0.672422504645109,0.6923438440246564,0.6702791320097033
0.611910891,0.2479264253961299,0.6343455009319722,0.6891795064115063,0.6294558408487323,0.68977018498588,0.6809879968434888,0.6301031578997256
0.446792079,0.1588911046141203,0.520241986253006,0.5697229446791231,0.5007653104446917,0.6021530699538502,0.6384504761637245,0.5209173668967325
0.37880198,-0.0074243370019965,0.3956677157051685,0.3802425274700018,0.3105660635461562,0.5123687293578763,0.5148692789365624,0.4054811904782259
0.174831683,-0.1533137739307537,0.2157974664193556,0.2744955158311218,0.2156060632113568,0.3041810126580035,0.3877638948258807,0.2143706921416306
0.087415842,-0.2534162495135253,0.1471562194154671,0.1724257941673842,0.1063684513424522,0.2359077109161577,0.2200878827354054,0.1415254769068163
-0.029138614,-0.352762429981089,-0.0094285371436869,0.0511409324768547,-0.0072703720141699,0.0554940308732404,0.1349104785945935,-0.015703134016949
-0.135980198,-0.4574061881121546,-0.0531036138770044,-0.0380094350037404,-0.101090990022909,-0.0481953400503037,-0.0132046502079651,-0.0556069063715919
-0.291386139,-0.6878815808928255,-0.2307879047892203,-0.2275791402494584,-0.3017317315248007,-0.116142223151288,-0.0737053367843931,-0.2198222210357157
-0.369089109,-0.7577780647751146,-0.3922739160220454,-0.3257523033168891,-0.3652136243666321,-0.308948660601302,-0.2525613363164882,-0.3827352930985624
-0.495356436,-0.8279649860733514,-0.4655248654127555,-0.3966574001636066,-0.4634211812840814,-0.4712271718568349,-0.3986650274838903,-0.4583455639838112
-0.621623762,-0.9244643302996124,-0.5293816200592304,-0.4810786983906641,-0.5310709985334156,-0.5461162052465706,-0.4821734036099644,-0.5370707650410428
-0.670188119,-1.0745868627536146,-0.6443020194168027,-0.604743340046854,-0.6889645019031018,-0.5077214200943612,-0.5458283887844516,-0.6373332433497397
-0.796455446,-1.1430184483308703,-0.7430227482878577,-0.7060081282783502,-0.7647959970086643,-0.7400047735681063,-0.6639749980353553,-0.7517338405981151
-0.874158416,-1.3110903218841814,-0.8366177174679178,-0.7954701074788354,-0.8672501751110061,-0.7571229429886732,-0.7763979449541056,-0.8319663693219104
-1.078128713,-1.2972280289103868,-0.95769329795253,-0.8650555738704291,-0.9041094677362954,-0.9731913545895202,-0.8564516552793459,-0.9697871290853196
-1.019851485,-1.3973925837788566,-0.9736428332603512,-0.9043089881153068,-0.9942814116078328,-0.9545682321124442,-0.9683953473549372,-0.954347982678476
-1.107267327,-1.5257570452249218,-1.1285257112672478,-1.1021207646717677,-1.1859410705334192,-1.058328747895796,-0.9863912303020868,-1.1285897466794357
-1.340376238,-1.3262911099409702,-1.2045240193303173,-1.0053525952659788,-1.0159607712828378,-1.2103867257335037,-1.1458045195776023,-1.2022630683013056
-1.194683168,-1.1032548538957982,-0.8970277998073202,-0.6887757253723253,-0.6873847612762323,-1.171771553383605,-1.201568620503913,-0.8714419989062215
-0.738178218,-0.9428799427783792,-0.657587254876083,-0.5039866092107634,-0.5716079155918385,-0.7871364426836072,-0.8823485771378149,-0.6328153452217182
-0.709039604,-0.9656099082188436,-0.6212024052963572,-0.5347301509883984,-0.6255833518432633,-0.5984893743697637,-0.6503035625784983,-0.5987610983064265
-0.689613861,-1.0326637776723635,-0.681818819977209,-0.5653171345762752,-0.6619334893098539,-0.6232667732240711,-0.6227097916142285,-0.6702348551548084
-0.825594059,-1.002885043689332,-0.6802123183227443,-0.5640724299982436,-0.6325741402013505,-0.6853451235001204,-0.7021172614269391,-0.6844480419197088
-0.67990099,-0.9210352873080844,-0.651479190148647,-0.5046602916409423,-0.5724814603964429,-0.7673093338906298,-0.6931948032219053,-0.6348473442648294
-0.777029703,-0.8517630229693433,-0.5765161404727802,-0.4374124055485531,-0.5033885681668279,-0.6572190502816232,-0.6483236968086146,-0.5776777494535446
-0.543920792,-0.7018568648406351,-0.4690217514829192,-0.2972116621226897,-0.3763469687558945,-0.634159804394065,-0.5758372264544234,-0.4651563171833106
-0.543920792,-0.635124826279938,-0.3522092450169066,-0.199276011354628,-0.2287455998848216,-0.4384474966798926,-0.467776063245821,-0.325020873659628
-0.30109901,-0.5014376378207724,-0.2434384567653444,-0.0880615741267172,-0.1606978324437002,-0.3356718329537213,-0.3502362898698568,-0.214621972863643
-0.310811881,-0.4403573304974257,-0.1605256175949293,-0.0230916957741714,-0.1036524577753423,-0.2092403254985654,-0.240526227668063,-0.1537366445656483
-0.116554455,-0.248889386002027,-0.0715682380296437,0.1138356501753903,0.0583885532549869,-0.1585280666039124,-0.1760681255275436,-0.0622019038996593
-0.038851485,-0.0970355872881683,0.1062504525988281,0.261224627887401,0.215153681443885,-0.0444681151585466,-0.0526737097313966,0.1258949668608853
0.165118812,-0.0128216838895128,0.2454305973034921,0.3725966194007274,0.3329453733724858,0.1751868427717822,0.1388589656036502,0.2634561540298166
0.145693069,0.0982418952451464,0.3253270668502543,0.4690335897426287,0.4034773923152516,0.2226491865489218,0.2376870266243884,0.316872968805909
0.359376238,0.2215959163522068,0.4476002221681852,0.6205854905494969,0.5272208591367479,0.3466812822814234,0.3242592801368384,0.4585591177482594
0.30109901,0.3244280951153206,0.5586326161592525,0.7134554617697746,0.6401733223291458,0.4306840596191533,0.4736641920790179,0.5526696954773824
0.534207921,0.4750603238294585,0.6843738446720784,0.8993371192152646,0.8196701274251723,0.6171613834712013,0.5731129209078237,0.6817790789845589
0.631336634,0.5818165311430687,0.8473510354317573,0.9849291184745222,0.9043835937747076,0.7516729341927783,0.7002755128946926,0.8426360686373104
0.854732673,0.6814520975880639,0.8920519261308969,1.0573325823088444,0.9664391594372376,0.8842749604751076,0.8595871717122173,0.894854894642455
0.777029703,0.7552416375503914,0.9875517744018698,1.1237797052755565,1.0276494854863718,0.9510229188425836,0.90381500597235,0.9815850754890698
0.942148515,0.7135107560168582,1.0051889948468875,1.1467728882399164,1.0551671630115604,1.044022394786147,1.0028827750554543,1.0087629867758887
0.864445545,0.7793726354617382,1.023174020557874,1.185940907648926,1.090242677945667,1.031813385560427,1.0193232648825858,1.024358146648934
1.029564356,0.8502243986737763,1.096227708059288,1.2684045593712423,1.1717079202838734,1.040612253113876,1.0360599627462264,1.0979535765859163
0.990712871,0.9068856493335437,1.1728296752603602,1.2783693732397885,1.1768403244397725,1.212891991598798,1.1234835617530532,1.162474047066866
1.078128713,0.9661043992028016,1.1679712346527642,1.35935282216086,1.238958693379102,1.1373507948003838,1.1526783125058055,1.168260360121197
1.146118812,0.9854042460891864,1.2931821145224498,1.3746862056567282,1.2719811609323723,1.251209030800098,1.194221049027013,1.2975228106344945
1.155831683,0.6666332155901261,1.1209187609873952,1.0674546452109142,1.028254341264614,1.3083812021666734,1.2867639228725034,1.0877963028205349
0.835306931,0.433381937387814,0.8321332020353424,0.8320883703777443,0.7413732701573682,0.9298656415235278,1.0739513218536505,0.7785306101819219
0.582772277,0.4178483659209114,0.6799497129740368,0.8008292990688007,0.7425529676618431,0.7267250606683241,0.7710703469013291,0.6717857712497851
0.641049505,0.399813702884053,0.6979859151138533,0.7754462893124802,0.7141114412434302,0.6523197541912615,0.6821302440497086,0.6907637792511175
0.573059406,0.3598098673323449,0.6395049396377346,0.7427558920807928,0.6738977770077232,0.6479348816403455,0.7086046152053221,0.6189050108704579
0.553633663,0.3182046241294897,0.6125395240376733,0.676640778324615,0.6205712864006111,0.5419502844661546,0.6240328361188244,0.5973574310030739
0.466217822,0.239677762401875,0.5380921609859421,0.6299408543760141,0.5383863055169634,0.5632371694865614,0.599827343752124,0.5180208016480113
0.437079208,0.0603829315232463,0.4793088883755422,0.4710892196191376,0.3973651020684424,0.4335264851659283,0.5351078443346288,0.4641479224758273
0.262247525,-0.0655902007167554,0.2743496060456417,0.3312599285350464,0.2046831174029685,0.4203362932059044,0.4414330933926802,0.2537497272330549
0.155405941,-0.2305462434758538,0.1417890518471735,0.1706769615166642,0.0971147377616275,0.1611817293619987,0.2426166513728951,0.1341491383864589
-0.038851485,-0.3621697127867082,0.0016866556364028,0.0575503131469361,-0.0201528610398787,0.1114077217544867,0.1153483567828412,-0.0239220477972597
-0.165118812,-0.4967715060382164,-0.0850971677305164,-0.0526487227374917,-0.1354197212684499,-0.0752761349075344,-0.0366670895247765,-0.0938886396440059
-0.320524752,-0.6514971861456204,-0.2307866446961524,-0.1836752354932602,-0.3120420771151783,-0.1573294898248146,-0.1081209607456405,-0.2533193199490271
-0.446792079,-0.7790640992989046,-0.3653884290752994,-0.2975708514811844,-0.3838115536726915,-0.3109137172448845,-0.2990993940494507,-0.3917174513756378
-0.534207921,-0.8093794750306156,-0.4279170089114637,-0.3469137828091395,-0.4511761319454014,-0.3989880048765103,-0.4009851288547007,-0.4383207842187986
-0.582772277,-0.9339854220323196,-0.5074102682850218,-0.4561044524439576,-0.5407926660744875,-0.4276749637093872,-0.4525705303192097,-0.5180446691344885
-0.709039604,-1.0652074805807656,-0.6644848510755683,-0.5888755254845118,-0.697918810989906,-0.5936152351356986,-0.5531752803580248,-0.6865045254048047
-0.786742574,-1.1106543247163936,-0.7427287962461715,-0.6404843211426902,-0.7301574245367026,-0.7178701727896435,-0.6979395518430527,-0.7704484839657774
-0.825594059,-1.230727011819499,-0.8047110767614347,-0.7721483192425669,-0.8875432916094498,-0.7705945289457773,-0.7688189422424117,-0.8200332070663564
-1.068415842,-1.2778003789274994,-0.9552424534730144,-0.8423970756934971,-0.912925634542586,-0.8785150919151826,-0.8678542651417175,-0.9526873616598256
-1.019851485,-1.3526817887364548,-0.9453912232910768,-0.883386890796865,-0.998125061028335,-1.0123760069916614,-0.979283176312309,-0.9591033757965202
-1.019851485,-1.5563771801206734,-1.0876168630339116,-1.0280087253530732,-1.1897971909990257,-1.0749594625276997,-0.9689381132999974,-1.1303612636388225
-1.262673267,-1.5066771553052267,-1.2167073216753097,-1.080329391642436,-0.9841528491933026,-1.2665895954738462,-1.1674305291986524,-1.223976639499878
-1.252960396,-1.0788470589172798,-0.982639670616552,-0.7794596972282473,-0.6901264767077417,-1.2464612723163664,-1.2274788555228495,-0.913081361347664
-0.767316832,-0.9495223708026436,-0.6730941338861938,-0.4938911631427865,-0.576644821492994,-0.7985811908971191,-0.8801755924731037,-0.6331259884552881
-0.747891089,-0.9574465067719208,-0.6004562053344777,-0.5082718541958933,-0.6237275867174878,-0.6741971378965915,-0.6426068435155633,-0.5852190634280471
-0.699326733,-1.00104567709674,-0.6653109734431787,-0.5648435568478248,-0.6340686312031868,-0.6191758745098017,-0.6263534452574869,-0.6642047463251897
-0.825594059,-1.016449202946654,-0.7064055583057482,-0.5653068587610659,-0.6631510306583507,-0.7517839101772926,-0.6874811256888079,-0.6903907096250697
-0.709039604,-0.9764443696323823,-0.6714459394097841,-0.5339204184133012,-0.5589488438224588,-0.7100590556694516,-0.7044797618341309,-0.661891409311156
-0.728465347,-0.8165382697818907,-0.5808083380851414,-0.4268952703769778,-0.4521609022722342,-0.694297864173269,-0.6456983802780546,-0.5504318978910949
-0.495356436,-0.7448302789663713,-0.4685626720649395,-0.305227160376827,-0.3320541060215792,-0.545155830622274,-0.5537620660569658,-0.4465837410192705
-0.563346535,-0.6576052555872842,-0.3445351457185408,-0.2194210724300929,-0.2732322043463875,-0.3299410358841913,-0.4427797504361404,-0.3223294508714645
-0.320524752,-0.6848172009033284,-0.3193000513427041,-0.2279865691283293,-0.2998199122576506,-0.313409238527224,-0.3339580328824988,-0.3299204117005768
-0.534207921,-0.4822813646475538,-0.3170336910925966,-0.110093393274014,-0.1224007716175835,-0.2979157024738409,-0.3668808389035706,-0.294024093517568
-0.194257426,-0.2547598373986733,-0.0746776076932517,0.1110876103173734,0.1193732681391598,-0.2054304092004281,-0.2656633078583416,-0.0293359916880033
-0.067990099,-0.0932670434720764,0.1325752576957869,0.2947210192921188,0.264136576378683,0.1012519840663527,0.0021446740308206,0.1683527198874065
0.203970297,0.0594224841555537,0.2655163782008395,0.4308360855009318,0.3815649935119211,0.1847450263932456,0.1841936672105679,0.2996966969533228
0.213683168,0.1656535414785796,0.3791360486422694,0.5289060681807298,0.5047407543680849,0.331186689368911,0.305481141419165,0.4033858336948133
0.407940594,0.2875206199026761,0.4906727953606227,0.6618609506484907,0.6158783814982934,0.421536441056494,0.4149164858203888,0.5134854195515388
0.446792079,0.3688884527801602,0.576925026530645,0.7349696107997717,0.7053236918171074,0.5511881147446931,0.5146147931980091,0.5924858521056623
0.621623762,0.5558771377733881,0.7136060074168502,0.9005009060087594,0.8519517722655006,0.6252868881808695,0.6152005482149874,0.7359383591420323
0.718752475,0.5754788801045401,0.8534590275598714,0.987963743487656,0.919819413433657,0.7889287006160606,0.7641253586621146,0.8718122052790375
0.835306931,0.6874712916962042,0.8990778183700349,1.0367485356810089,0.984771822965288,0.9100355249723472,0.8709331362922859,0.8973380333526142
0.854732673,0.685471835006907,0.953100328482642,1.0962902496935858,1.0199334886133222,0.8343960704419373,0.9235588751943088,0.9693719824536218
0.893584158,0.7605680358722228,0.9881317915679506,1.1174706047537128,1.0330332411991905,0.9729440130766648,0.96700890753872,0.989498593114174
0.961574257,0.7848097673174729,1.0284024791480348,1.1615083609578587,1.1298768994941806,0.8972977702231141,0.9912825988257048,1.034048166540953
0.951861386,0.8829006927883754,1.0939001313868215,1.231935150549952,1.159252855239988,1.0413512082316887,1.0516289108688297,1.0972767906601475
1.05870297,0.887389131532129,1.1396280303663724,1.2592698247878762,1.1858299540926385,1.0679720893241271,1.1363845423251877,1.1468476158200565
1.126693069,1.0358419006283446,1.1733198407170962,1.331699173152983,1.2950628363767511,1.0946347414832405,1.1734973274771363,1.1932451148249623
1.252960396,0.984098949722861,1.325965358345072,1.417495372352096,1.2850271460249054,1.186125902486058,1.2481442374572262,1.3189751653012385
1.194683168,0.6668935167224121,1.1740775796964569,1.176427544825078,0.9842537328605316,1.25796547981684,1.3005537791094577,1.0948377986340263
0.874158416,0.4846529425587623,0.8415381695586844,0.8588246821710448,0.7541865986397334,0.8925905434624207,1.0337831075809725,0.7466834714743833
0.573059406,0.4056367577488897,0.6939379733982018,0.8114575204845549,0.730601584589252,0.6398040805414044,0.7382451449977429,0.6729836390223792
0.60219802,0.4075242210740583,0.7218723243176851,0.8139961941064694,0.7382652661495414,0.7199739057401862,0.692053162114948,0.7061628157777708
0.573059406,0.3312177445788379,0.6773624579878582,0.7622837149293952,0.6700626823672131,0.6328219679991187,0.7058888822065154,0.6558426977620172
0.611910891,0.2597095537352311,0.6172586576513509,0.6920167048646306,0.602441220784268,0.6287250818955237,0.6483901737954835,0.5921678720762724
0.417653465,0.1795749956351054,0.520405426695651,0.605401119147571,0.5178155014490192,0.5605661614549832,0.5824381889546366,0.4874179275923188
0.388514851,0.0215356808578036,0.4028750079088239,0.4292849652174963,0.3429189538231452,0.4674051605873064,0.4683255650963666,0.3633725615323119
0.116554455,-0.0981281646441688,0.2212543137001926,0.3039669713454651,0.1964487230499306,0.2627757825873484,0.3148859173807682,0.1788461022475063
0.067990099,-0.1710011461903159,0.1599664216690569,0.2222591464989406,0.1395301437850145,0.1639594235703129,0.1690422820657526,0.1490593731578646
-0.009712871,-0.3283310767986819,0.0566969397382586,0.1241085811743221,0.0233459417367505,0.1640805543182789,0.1155355590607956,0.0173903861069177
-0.07770297,-0.4537542477411184,-0.0667251402110865,5.236639348592018e-05,-0.0918040923093591,-0.1129854445430936,-0.0146953312856448,-0.0853417560200197
-0.291386139,-0.6519740778073895,-0.2325520865847191,-0.1603224746345798,-0.2674797377478496,-0.1043879286937463,-0.1373505073020861,-0.2577221271598266
-0.45650495,-0.7540113298192882,-0.3750330355856727,-0.2715951950100249,-0.3808341625464597,-0.4042571761851564,-0.3076461954747584,-0.3952052139408109
-0.52449505,-0.837649012931797,-0.4412336308223845,-0.3696645773741546,-0.4442579666336297,-0.4267165772713425,-0.4134496498581142,-0.4542342703253839
-0.631336634,-0.892951181124402,-0.5206846537860388,-0.4355102325539453,-0.5356881169320868,-0.5094845158058956,-0.4901298332125577,-0.5525842970565741
-0.718752475,-1.0470579767912542,-0.6406677202702126,-0.5622805052114029,-0.6540502180116398,-0.630974126151763,-0.5843009682533571,-0.6755877511502089
-0.874158416,-1.1462766083637048,-0.750412492841366,-0.6805265207404361,-0.7560272148010103,-0.7651971376907301,-0.7096271314065649,-0.7592778757187353
-0.864445545,-1.246631864819545,-0.8340692487354229,-0.780180366532055,-0.8564775656485568,-0.8308084910201008,-0.7726799594741349,-0.8552454303248452
-1.087841584,-1.3024000976018697,-0.9563626623063932,-0.8590925025511668,-0.9133416676090584,-0.975239559190232,-0.9140760162843332,-0.9673736125595976
-0.961574257,-1.3547614753442885,-0.947357768996854,-0.8786301744630702,-0.9341185445873668,-0.9916233543433938,-0.980559623445457,-0.9555904235169064
-1.214108911,-1.578329795629588,-1.0888591532260936,-1.0780693273339803,-1.1821768681724971,-1.0495612973932813,-0.9997994770064044,-1.161572827350802
-1.301524752,-1.3776076231955312,-1.242094629813851,-1.0908878046977772,-1.0961639828626235,-1.3028942667995118,-1.212923639647561,-1.1974805774951784
-1.194683168,-1.1556769778600424,-0.9881353344986056,-0.7721428515375095,-0.8401744436931743,-1.0227943798941213,-1.140622766968546,-0.8889722240410354
-0.815881188,-1.0182489723128894,-0.6948190427459121,-0.5528383063979001,-0.6484018429809112,-0.7357133549272812,-0.8198449277178572,-0.6440053427639826
-0.796455446,-0.979265986926926,-0.6200676409211621,-0.5299585356608726,-0.5941131842259086,-0.6219138302362899,-0.640094098433845,-0.6289189190376533
-0.689613861,-1.0086748926359514,-0.6604079038363405,-0.5643809093101674,-0.6500751412152107,-0.6054062651968023,-0.638749914428588,-0.6638161695767485
-0.883871287,-1.0671955427587791,-0.703080741287837,-0.6023297886110927,-0.6495303328560754,-0.6818216205951799,-0.6957592707268925,-0.6937326744175796
-0.718752475,-0.9237375114348868,-0.6554708092642424,-0.5149468572512851,-0.5874455863475372,-0.6334440445432932,-0.6948382044025972,-0.6157915352358669
-0.767316832,-0.8459743311113193,-0.5660993221692306,-0.4334453350196001,-0.5076479851270373,-0.5932069158620696,-0.6171624287713041,-0.5371821822149965
-0.485643564,-0.7687092191757616,-0.4589118400159153,-0.3342561304896664,-0.3961623100777195,-0.4455604907604144,-0.5290937386072059,-0.4250578817157439
-0.553633663,-0.6712913133226329,-0.3738591770802184,-0.214594172530582,-0.3234587895050825,-0.396472067159012,-0.4220368788632973,-0.3291808082337967
-0.281673267,-0.547856255091345,-0.2642268422223754,-0.1086701792684429,-0.1947059817506975,-0.2448378748967065,-0.3069337449747554,-0.2115563376506401
-0.359376238,-0.4455081124998285,-0.1818348663217549,-0.0417895797741634,-0.1214038937965737,-0.2062956310602544,-0.2158386683807968,-0.1512774946791754
-0.097128713,-0.2742988033217697,-0.0372740767536295,0.1239646262503446,0.0712142803272623,-0.000787763246151,-0.115390055773892,0.0158459178733362
-0.019425743,-0.1670476181072789,0.1159932513914226,0.2423459644639447,0.1247627550890783,0.0605451784998368,0.0682810155407129,0.1250707836527146
0.126267327,-0.0624920383823474,0.1689066703893542,0.3087894317105585,0.2170842323579072,0.1139253380904189,0.1342848082388735,0.2030396611368047
0.194257426,0.1130172489513991,0.300737581130747,0.4608597436292094,0.3713619755920494,0.2503351720293352,0.2282287967038907,0.3528533773774571
0.37880198,0.2222738507767233,0.4453237116734134,0.6090922104784251,0.5350668622748702,0.3286650755989261,0.3912203488090481,0.4963198825356145
0.417653465,0.4274915637370626,0.5789101243441812,0.7205869677106761,0.6071211311718157,0.536242928067635,0.5252860796628077,0.6029852748411627
0.689613861,0.5184520913441404,0.7052691710616078,0.8707667161328164,0.7876208148555556,0.623702697911869,0.6391222093650419,0.747021396288254
0.709039604,0.55514692655872,0.8351779183552005,0.9568287598602072,0.8680827169683984,0.8120724832214957,0.7887425488636356,0.8306080405139579
0.777029703,0.6291073280018786,0.8519350008729861,0.9829152094330348,0.8805270085712371,0.7901988188123661,0.8388435743013374,0.8587468112198757
0.864445545,0.6987878217817306,0.9532654173692344,1.091521380855095,0.9807560065664656,0.9041989467151752,0.9105027014140448,0.9685928013729176
0.951861386,0.7338046566791835,0.9938023882197689,1.1243633848112715,1.0259593717839637,0.9855143708986592,0.9883663884779512,0.9804650763536308
0.951861386,0.7794386533092481,1.0168192631838653,1.15213365746336,1.0489369908425543,0.9672601235830752,1.00645435491843,1.02719731469344
1.039277228,0.8357685273224436,1.0782066482790222,1.1980029563694792,1.1275024349247005,1.0268232053001871,1.0528155186292512,1.1003669412641284
1.107267327,0.8789472291235034,1.162801574751703,1.2752886439731768,1.1795717431493236,1.0833036297765566,1.1204692109143497,1.154053474854286
1.126693069,0.9393111179500366,1.1947629130517143,1.3118613104313714,1.233831052435579,1.2310016053175927,1.17876178863838,1.2036317005554893
1.262673267,1.0280780618978749,1.2874903095840813,1.416818951567001,1.3060678574306188,1.204768981016034,1.2567558203541485,1.2993472795371055
1.184970297,0.8422168859972582,1.2275101942463398,1.3300065721581136,1.2037157180297398,1.286575108475602,1.3036365004503638,1.1383764389480608
0.893584158,0.4720145886156605,0.8844560302249407,1.0071285545596882,0.8912257919567056,0.9033925239552224,1.0285228436287266,0.7817916657437928
0.534207921,0.4226882338645431,0.6946796800544972,0.8044423820848334,0.7332527009914711,0.7280851411396598,0.7308230769050088,0.6591617534612808
0.631336634,0.3845721566937383,0.6918375795346665,0.8050548700735065,0.7178009398796197,0.6731146009592147,0.6784288926249242,0.6732200922434637
0.534207921,0.3519599389337982,0.6452672392619966,0.7779096195675855,0.670454588146986,0.632453851011171,0.6717857173730624,0.6209041297760021
0.573059406,0.2843926374077155,0.6028563162093732,0.7228822475570721,0.6338668657258362,0.5979296145749284,0.6077445456879386,0.5821739170654168
0.427366337,0.1981533874630114,0.5125473450724469,0.6404852293344975,0.5518190007471725,0.5114659096651706,0.5616938176526719,0.4924803534183213
0.359376238,0.0959505886093549,0.4285011583964174,0.5449743330532388,0.4537497541736432,0.4298811967343898,0.4665995525869827,0.4051542145501323
0.203970297,-0.0188102472969778,0.2840891982151838,0.4043529294543964,0.2957908377624598,0.3076044993080264,0.3622646185626629,0.2412170373082047
0.174831683,-0.2008604960328925,0.1572218557193724,0.2767084162213795,0.2026426269976352,0.235378933302683,0.1917635180935166,0.113593454356916
-0.038851485,-0.3236358766599735,0.0192323510681942,0.1389770199020612,0.0682599305966351,-0.0237304393772842,0.0635912658678221,-0.0177994415444206
-0.135980198,-0.4333914257041629,-0.0524675818131808,0.047413667897245,-0.024799981563877,-0.0785478195666214,-0.0450821674635064,-0.0625016477523036
-0.213683168,-0.609439751816996,-0.1866801345565319,-0.0509312974243358,-0.1300550742052163,-0.1634765612049151,-0.1124389760809045,-0.2457715599232009
-0.505069307,-0.7768598140861631,-0.3998010687229534,-0.2765609424405695,-0.3561502367424782,-0.405606606696379,-0.3536355671554327,-0.4412518904726057
-0.563346535,-0.8502312846490109,-0.4798243334985937,-0.4017731437587719,-0.4518187461216749,-0.525210015483917,-0.4691227632139557,-0.5016801283236392
-0.631336634,-0.9035828051306352,-0.5375520653980742,-0.4225009070895354,-0.4949295353293275,-0.5561870889062545,-0.5229316820491487,-0.5504593902868432
-0.699326733,-1.0400347500217264,-0.6287488417745396,-0.5219216301413686,-0.6107496207872752,-0.5510387843907913,-0.5987016346230583,-0.6593441135809003
-0.825594059,-1.1298592672575811,-0.7357865230427838,-0.6243298824957693,-0.703154463156364,-0.7663455005701794,-0.712819499625925,-0.7613914951660662
-0.893584158,-1.2537067791376475,-0.8453191044624307,-0.7323927341859651,-0.8424030333409497,-0.7930563640486956,-0.7937371255975357,-0.8890492820534694
-1.136405941,-1.2802026075843136,-0.9770806387846008,-0.8749010708663644,-0.9253299085749598,-1.0290493786525667,-0.9615541795935424,-0.96731230328067
-0.981,-1.3721423616665736,-0.9676575625990298,-0.8717735748736601,-0.9832218131923512,-0.9269220569257116,-0.9803952108387606,-0.9770512587448036
-1.320950495,-1.489761797436558,-1.143730109110843,-1.036154694438709,-1.1754507205752858,-1.1534579743395657,-1.0871564033461651,-1.1921832220120014
-1.243247525,-1.4382002576516502,-1.2077806795401296,-1.0935978072944454,-1.0876159326151456,-1.1829567184382277,-1.2386723993107709,-1.1617562969153046
-1.20439604,-1.1818672033019222,-0.9703635960740216,-0.8371209862004265,-0.787387203753856,-1.003261427545393,-1.073025004400052,-0.8622804539936386
-0.689613861,-0.9376088679289162,-0.6849326253935419,-0.5689084931660434,-0.6170128139732167,-0.6655810139668229,-0.7773321311364667,-0.6416536598388104
-0.864445545,-0.93618937753507,-0.5930644942846359,-0.4924886246820489,-0.5877894589058394,-0.5767861228669959,-0.6033150160710885,-0.600937862775827
-0.67990099,-1.0008605361666905,-0.6420195057702519,-0.5358840711037044,-0.583709465426797,-0.6032990318614092,-0.6301369360020574,-0.6549006217349436
-0.854732673,-0.9888971688025534,-0.6742145965344526,-0.5551557950519006,-0.6219254766302527,-0.6059579304405351,-0.671792817843561,-0.6607806889904
-0.670188119,-0.9148323841375786,-0.6174474068046529,-0.5265427139830449,-0.570549872486704,-0.634774017462004,-0.6519823600290385,-0.5883688570610863
-0.747891089,-0.8530596037583452,-0.5563489603524622,-0.4216647124461264,-0.4950763838085595,-0.5185913105749146,-0.5717131826082217,-0.5191051138958652
-0.475930693,-0.7639797940615909,-0.490044607174698,-0.354828201060911,-0.4169417385014389,-0.54554114948345,-0.510366135416415,-0.4531470151028106
-0.573059406,-0.6648277013864214,-0.3833252532274784,-0.2623393110732975,-0.2910152213220194,-0.3703923362064007,-0.4211331959560661,-0.3429775413652947
-0.320524752,-0.5244110194813986,-0.2919526954242217,-0.162463817441459,-0.2412807554458516,-0.2810018341941947,-0.3053699547284142,-0.2671731006782521
-0.369089109,-0.4779443723005083,-0.2313013654511139,-0.0763751998714852,-0.1562125951853281,-0.2120593280193618,-0.249543052171037,-0.1867489917950421
-0.097128713,-0.273280681903651,-0.0807853376909726,0.0681402278123388,0.0164339109413435,-0.0770398521267418,-0.12967929415196,-0.0136998642832049
-0.038851485,-0.1836555687301089,0.0940569078581928,0.2149887627897687,0.1517826908386684,0.0097099084494068,0.0345944057851138,0.1432784250980819
0.155405941,-0.0512913424311501,0.1852047474201925,0.3056086182698749,0.2185632126180024,0.1994204720294854,0.1621231654827939,0.198400826461782
0.155405941,0.0540264034343877,0.2782473762040423,0.4080675743012653,0.3539827369135065,0.2009641187678803,0.2415829895374292,0.3064040515470427
0.417653465,0.2305810196861852,0.4371483547304897,0.5908513439328862,0.534064698484,0.3936268084544073,0.3955632755561402,0.4859479170322269
0.417653465,0.3413668918793235,0.5655901452947325,0.7093590534168203,0.6493939094413436,0.4744080419635593,0.5312824038708827,0.6081560620283749
0.60219802,0.5599017965497198,0.7128770743768368,0.8735518606210327,0.8084189354044908,0.6553933042267449,0.6788775386269775,0.7637240581468299
0.786742574,0.5829997041821601,0.8603970569884288,0.9781383664772648,0.8946941489348128,0.7581564255659644,0.8435644999319194,0.8565302821601635
0.777029703,0.642927081312894,0.8779586263370808,1.0139632088297688,0.927261169075846,0.8696213053596688,0.8829063196154823,0.8934535681837728
0.845019802,0.6985443543294325,0.942192730782506,1.0741059830016353,0.987006612101476,0.9297003102992352,0.9249452036437894,0.9509594428376624
0.922722772,0.7233135718907596,0.9980304374435612,1.123007787427032,1.0242084975466728,0.9507992206172414,0.9919312873954146,0.9938339311081904
0.951861386,0.7722632127112551,1.0402958537143576,1.182156924406664,1.089231027992164,1.0109700904732868,1.033955283954072,1.0589697539213827
1.019851485,0.8301273284155283,1.0986528505961997,1.2403411347657751,1.156822809156096,1.0685164786957684,1.0849171537111195,1.124364767623077
1.087841584,0.8877920047568925,1.1556673008473672,1.2807303731660695,1.1908203797181791,1.1528143103770458,1.16939539772422,1.1548021543496498
1.107267327,0.9673135557188116,1.1972506422965687,1.3269370641271372,1.226090156771162,1.082572830571268,1.1799742184410762,1.2357831664788907
1.311237624,1.039764954753268,1.3365476356048598,1.4392274281896598,1.3623789139502636,1.3130309524697596,1.309032883920596,1.3402391237337528
1.116980198,0.7350867326086262,1.236969588486137,1.322688727280552,1.2073939171380503,1.2288841806366857,1.29906959958498,1.102755275041212
0.893584158,0.4708892685171094,0.8960566835302298,0.9722829692819432,0.8812868924139848,0.8861650339192894,0.9380243957337648,0.7596165489449576
0.573059406,0.4245386029387559,0.6978776040821072,0.8172331341129803,0.7198697456807076,0.6966051584518128,0.724376533655453,0.6723184178472926
0.631336634,0.3428009774829044,0.6531197988656866,0.7482830142520394,0.680928878644163,0.6330617074024354,0.6490354662876299,0.6311800620547137
0.466217822,0.369356583146409,0.6260515988109272,0.7433735227032205,0.6549627445652705,0.6467336361378432,0.6263625583013299,0.6215132640522723
0.563346535,0.3155092312911286,0.6484600909142539,0.749874396463845,0.6633265817201358,0.5148251380643231,0.6405283834982172,0.6177893402317814
0.417653465,0.2091139239721508,0.5394375669293175,0.5849732250350154,0.5344407037475862,0.5475121652114388,0.5702966140524361,0.473044921970947
0.369089109,0.0392851418543016,0.3751984126854151,0.4674554857475559,0.3623130720467906,0.3007476175015949,0.3985156502073967,0.319477544924994
0.087415842,-0.0369945517717031,0.2450944495987913,0.3277027942186304,0.2602326014413443,0.2510495206612906,0.2649483582941364,0.2207589097204257
0.145693069,-0.1334739816305885,0.178402395043548,0.2759940765180785,0.21397019582023,0.1186300420465825,0.1827914844093781,0.1363535512363122
-0.058277228,-0.232994654412746,0.0680284822747576,0.1354163755691374,0.0812185471399399,0.0651148672714405,0.0843755441825973,0.0284320020795317
-0.097128713,-0.3534681826035142,-0.032666143307062,0.0442756670942234,0.0238542513157128,-0.0509393303933572,-0.0275201809318154,-0.054890666613102
-0.242821782,-0.5511843363939535,-0.1504159051532886,-0.1443544126144673,-0.1211372507143977,-0.192808904191704,-0.1207067900175279,-0.244744264980103
-0.543920792,-0.7113545660491073,-0.3839006383502792,-0.3258787999061025,-0.3480567867227713,-0.4330698640210956,-0.374476940499418,-0.4280631294977862
-0.553633663,-0.8019134469425421,-0.483921738391432,-0.3831830271910246,-0.4496347339070472,-0.5560710925376371,-0.4840461515326896,-0.4886563651074844
-0.670188119,-0.8775694840714323,-0.5285253139556821,-0.4495077188971628,-0.4802727631393864,-0.5425013925432528,-0.5082554504448739,-0.5419422445131975
-0.67990099,-0.9789920239648048,-0.6240093511708941,-0.5757032843118355,-0.5765172745027117,-0.6846029422621817,-0.6040180112173357,-0.6590395494472022
-0.913009901,-1.0767415495061177,-0.7132053860297909,-0.6487033472262235,-0.6965983213329435,-0.6814289436685214,-0.7403161011666478,-0.736524739878475
-0.835306931,-1.2042066851517137,-0.8067777192827448,-0.798692435190536,-0.779941690170809,-0.8260808092683455,-0.7972112830243029,-0.860835506991311
-1.194683168,-1.3329631213386193,-0.9905119297298812,-0.9317950028654044,-0.9643519407890472,-0.9624095843900928,-0.9834106032262536,-1.0296522259489511
-1.05870297,-1.3568041157385304,-1.0202382740392235,-0.9353427216415072,-0.9804377860961332,-1.0091147331135135,-1.0305780206988475,-1.017390206337506
-1.320950495,-1.450053789398488,-1.1150586628018229,-1.087268163004295,-1.0759859145915769,-1.1026983849746042,-1.095746218632829,-1.1753466942984456
-1.165544554,-1.440181586355222,-1.1969962863978056,-1.0280862994612,-1.183739848671337,-1.173273813112212,-1.2156077571709365,-1.1703086367873212
-1.223821782,-1.2323538517280086,-0.9972588137724284,-0.7003202909083445,-0.9616007613881844,-0.9995140099457585,-1.0418025045561774,-0.856300307621009
-0.631336634,-0.9923389776342494,-0.6748507502386907,-0.4450416045220503,-0.6569063545558598,-0.5981036484462815,-0.7074671839379516,-0.5692312388846029
-0.75760396,-0.9350571331537686,-0.5545026816594348,-0.4687841551052276,-0.5193126658527788,-0.5756120236488906,-0.5716500478718948,-0.5697350731155569
-0.660475248,-0.9605525392189028,-0.6058756734679887,-0.5262957222374443,-0.5994629001157046,-0.5348328899921189,-0.6117449547450909,-0.6322456778027679
-0.864445545,-1.0105183228372214,-0.6636500683513138,-0.5798446198680919,-0.6381401927325536,-0.6900151536063885,-0.678014759111982,-0.6999921526971352
-0.738178218,-0.989351868702965,-0.6855363351628909,-0.527006261277404,-0.6453293325632337,-0.6113264457977972,-0.687544399685071,-0.6450673457992435
-0.747891089,-0.886848851037108,-0.5781236401041612,-0.4048101519567534,-0.5364910299873539,-0.6215554758374202,-0.615809541563265,-0.5418929799828576
-0.475930693,-0.7959453582366953,-0.4720399642062596,-0.3284512506108991,-0.451085143990535,-0.4947573867585186,-0.4956090477568747,-0.4305657729365945
-0.534207921,-0.7163650352644358,-0.3939459767227983,-0.2257668229278989,-0.3508397810879228,-0.4059154445414749,-0.4218713683169574,-0.3662665295743426
-0.398227723,-0.6401790788950524,-0.3285627388015721,-0.1549892068899645,-0.3001371657723015,-0.3714322334231987,-0.350301945295407,-0.2832215914089324
-0.349663366,-0.5254889283361891,-0.2339483383663945,-0.0636883788084497,-0.170130848211391,-0.2233483777286433,-0.2609283059323729,-0.184459910686048
-0.116554455,-0.3324108702319278,-0.0890902433341165,0.1116426721230483,-0.06395553298563,-0.1141446457568172,-0.1059548031051264,0.0031659013028032
-0.019425743,-0.1528157693449283,0.1075260608470858,0.2582677835889835,0.118572826808439,0.1175582958334528,0.0913650976099349,0.1635266561206431
0.165118812,-0.0765374569275795,0.1977304703688722,0.3264871355184295,0.2295108874186111,0.1554125555792348,0.1842458065154001,0.2155169353026501
0.165118812,0.006081910712284,0.2647465834556999,0.4116316479043883,0.2848994617955643,0.2255115197454177,0.2418151274851334,0.3008781902077201
0.320524752,0.1524187647774939,0.4140271566724534,0.5879230400661586,0.4286994236394805,0.3814424278255626,0.3926162118863119,0.4614658336887744
0.495356436,0.2761636030363431,0.5461503373451082,0.692329462542915,0.5586927979095345,0.5111882713459628,0.520031637415425,0.5756872934882213
0.582772277,0.4816764795365713,0.706394060211929,0.8920979581580651,0.7206313064251717,0.6598164395251727,0.6899335656527698,0.7854751069133099
0.835306931,0.5605105843889988,0.8740616885346129,0.9869961274226654,0.8702533546426616,0.8258602008248166,0.8615726929395147,0.8681855100393236
0.806168317,0.6440030276113399,0.8984922711945845,1.0250132299711985,0.9068346213036172,0.967706384409434,0.8961433090134869,0.91155312133607
0.922722772,0.7217565860910382,0.9733132086828068,1.1142322335226034,0.982654853381556,0.9194964589438572,0.9710225367383624,0.9878548966846455
0.922722772,0.7560104456297304,1.0130657592485086,1.144669926287001,1.0501162845794134,1.0414331884480328,1.0275750035205011,1.0169879824846215
1.039277228,0.7875468115204909,1.0583648421704823,1.1770819521091207,1.0878816281151444,1.011312569269455,1.0367628204850965,1.054980618263958
0.951861386,0.8524758082320043,1.1008400985028537,1.2124248945911258,1.1255264415852717,1.1497342014591263,1.0896322783796333,1.1135381036168686
1.116980198,0.8783151418737823,1.1811929818963225,1.3088068917555582,1.1757809321851744,1.1367922003354611,1.170782997431648,1.1765331094895275
1.107267327,0.9391954073034314,1.2259607896055322,1.36000527005774,1.224989920644675,1.2194674554742853,1.2188981568035169,1.2493014133534912
1.311237624,0.9894237986920024,1.2908138518081012,1.3993598847056972,1.2954188398302826,1.2590094938567848,1.2914166469359365,1.288250929672513
1.068415842,0.8560485337382486,1.2359067651450109,1.2997460927930795,1.2333044534571025,1.2139502681176426,1.2387011341066816,1.1172096761844066
0.845019802,0.5954792006099531,0.9196843060610834,0.9675101868752612,0.9228215070634516,0.8557449838298906,0.9220606545124814,0.7781479422573083
0.52449505,0.4395434531078237,0.6917592909003963,0.8058252932010191,0.7483877403086341,0.6472613752794907,0.7049610805366787,0.6589304094443728
0.621623762,0.3677891097515812,0.6676426141682945,0.7616445160475245,0.6803330757123571,0.6716513755774008,0.6473832731958509,0.6451317292245946
0.495356436,0.3265560835608475,0.6307411323738314,0.7335302572474126,0.6617357582108568,0.5334283279920046,0.632553399591108,0.6116150146343791
0.582772277,0.2913612988581374,0.6014291704733651,0.7065289420369366,0.6303955920739231,0.5547954213043887,0.5982461575730242,0.56580141645888
0.417653465,0.2136245143182735,0.541217236340643,0.6305010584887334,0.586950487613478,0.4704557949260159,0.5369601156268152,0.4901079922177655
0.330237624,0.1099164609294056,0.4457915572225024,0.5524046501104534,0.4791718066070763,0.3813735842464804,0.427777361003491,0.378709687014049
0.155405941,-0.0329251749935102,0.2901631379175572,0.3769847968160046,0.300897191464181,0.2217658099080663,0.2806423000123282,0.2245247527675208
0.067990099,-0.1364571691601682,0.1811792570413586,0.2941586027720354,0.1929143586591341,0.1203439101899738,0.1627764701255306,0.1374029689841868
-0.038851485,-0.2486761349923016,0.0642776318397139,0.1677171831307783,0.0423422327180617,0.0028917619656925,0.0642464444144126,0.0039121572734548
-0.213683168,-0.3768487652945913,-0.0496737090966196,0.0486713343666538,-0.0496329239811328,-0.0932376558812362,-0.0816142203461592,-0.0981395915400825
-0.262247525,-0.533363089103444,-0.1710616074980117,-0.0352688556646497,-0.1809037299410745,-0.1412534820059513,-0.1754811203459421,-0.2307741917572109
-0.543920792,-0.7156914890234458,-0.3551406154820217,-0.2215500053612917,-0.3831369803776595,-0.4282145009185048,-0.3859994147236812,-0.4252514127899783
-0.543920792,-0.7942806373625517,-0.4730656567433052,-0.3778165317941441,-0.4304539180187737,-0.4619223034348553,-0.4930605761953267,-0.4913645051334341
-0.709039604,-0.8910165896026299,-0.5442375618340556,-0.4293811704773925,-0.5299686833764443,-0.5211841461399732,-0.5532030859607878,-0.5683450892483274
-0.709039604,-0.9933892695114092,-0.6219962083232794,-0.5215591062810284,-0.6227895640674619,-0.6070687522090469,-0.6213449522385941,-0.6655024095164369
-0.883871287,-1.0533961690991465,-0.7085871590509941,-0.6223846347818607,-0.7119715894339731,-0.6757054714025144,-0.7259375008489786,-0.7381874826985514
-0.825594059,-1.1631438438376809,-0.7956568175160554,-0.7163903530236584,-0.7867223691054815,-0.7879954091778166,-0.8118130949344271,-0.8764168496553982
-1.214108911,-1.3144730368991795,-0.9712960745616066,-0.8918367380304787,-0.9517394695092593,-0.9660080118433504,-1.004820440608521,-1.0310411010119518
-1.010138614,-1.3080314645920612,-1.0004632232655473,-0.8864165291640064,-0.9624353416615912,-0.9562725150569658,-0.999078110797645,-0.9701824788257156
-1.301524752,-1.4396318355485924,-1.0287307382516586,-0.9605527182016856,-1.0788302427763568,-1.0307231500036746,-1.0920922333234473,-1.1377976470410485
-1.20439604,-1.4563601322565811,-1.2113491409483834,-1.1106270996409604,-1.155765851490456,-1.2533864402042336,-1.2144208417198394,-1.164300906517698
-1.136405941,-1.2783452692440391,-1.0324878276808902,-0.8782862363994092,-0.8799139132569155,-0.9288187604044792,-1.0174541831195236,-0.8756274485932268
-0.689613861,-1.063147120921322,-0.7316302712295175,-0.5895978481888591,-0.6365170911832075,-0.661150981529406,-0.7056401842720204,-0.628851946910257
-0.767316832,-0.9302295997847904,-0.5932836025546047,-0.481218766825667,-0.5635662107957048,-0.5574187084179979,-0.5915299508698992,-0.5553730064275307
-0.495356436,-0.9036195598073772,-0.536713482992289,-0.4181893667863987,-0.490582056110895,-0.5028633066363525,-0.5425039578215941,-0.5246056038826865
-0.806168317,-1.004383239847382,-0.607768252402326,-0.5209471619381754,-0.6222094392971516,-0.7567650433460553,-0.6515037568141585,-0.708036781516166
-0.777029703,-1.033933228170439,-0.7407397091159362,-0.6335505985804111,-0.7025753938853955,-0.774862485651693,-0.7546471401683796,-0.721092535361592
-0.815881188,-0.9661467361468248,-0.6635398392323388,-0.560299216882759,-0.5876462679507488,-0.6729872109155678,-0.6574917909569291,-0.6006389575822211
-0.553633663,-0.8561218686969666,-0.5413576682720108,-0.4319250601314797,-0.4692023672423314,-0.493476992693101,-0.5300776708047718,-0.4613237641956451
-0.534207921,-0.7459004883124078,-0.4040808892525104,-0.3013275118988194,-0.3311197107776017,-0.452539648383397,-0.4153001500757563,-0.3583220113557441
-0.398227723,-0.6230916650867082,-0.3298218328838705,-0.2011956202259856,-0.254355530295016,-0.2882324796557139,-0.3069239475366712,-0.2534419936250793
-0.22339604,-0.533415641332007,-0.2062013846608644,-0.0944170404015327,-0.1776076261299088,-0.2531469017244292,-0.2055099796092212,-0.1612578995963037
-0.097128713,-0.3784408031678405,-0.1131282782556856,0.0065541837313733,-0.029921747196516,-0.0450890635638803,-0.0721902760492815,-0.0193704898209577
0.029138614,-0.1936782344345781,0.0814065950958322,0.1786356510062973,0.1703937125342064,0.1373925513189293,0.0963791042650686,0.169852045282027
0.097128713,-0.0875436649901986,0.2051252638033588,0.3238956944811503,0.2444126482420283,0.1948203813435937,0.2230695737347739,0.2419151347487787
0.155405941,-0.0020736189581053,0.26490149771643,0.3748445023721767,0.3424233971116781,0.2592189686503404,0.266413896336834,0.3089847423494432
0.310811881,0.1308073241459394,0.3768541886968986,0.5034862207359747,0.4948287286286466,0.371062116275566,0.4249584229504755,0.4692329210019108
0.534207921,0.280935577343462,0.5374611625582353,0.6646506258895558,0.6288568910215948,0.6201702329342282,0.5607637328902585,0.5872633336386902
0.60219802,0.4578452484883436,0.676714233527109,0.8121712775316344,0.7826720389509382,0.7276048121302119,0.7069159016217913,0.7652720451469365
0.835306931,0.5313432812787959,0.8326200685393833,0.9517767627345431,0.891784018126507,0.8625404468606748,0.8459441794255725,0.8615684258227343
0.75760396,0.6257559720421749,0.8801471744236555,1.0047393280854449,0.9283826694649318,0.8823063803257255,0.8839077682906938,0.8845816837426864
0.932435644,0.7045511129820357,0.938137122895784,1.0640868683904696,1.0113788470652645,0.9744112309803536,0.9525750902951594,0.9718286176408216
0.913009901,0.7640565116317037,1.0229761810540696,1.148660359045798,1.0832910610135849,1.043682614664415,1.0409918595819172,1.0555357515539563
1.029564356,0.7782328127855274,1.0733278844139753,1.1777435880489862,1.074256137670824,1.0504486765403969,1.0663710670271167,1.0523967321326049
0.942148515,0.8473576038467988,1.0836952782172782,1.219656904138512,1.1491860093057191,1.1408487652918484,1.102378316718266,1.130784227890083
1.194683168,0.902319346674146,1.1852818011636297,1.2925465323775311,1.222740344381139,1.1085901504704765,1.191725463839766,1.1939412068175048
1.175257426,0.9620148672702368,1.2016871601034478,1.323653114326805,1.2532080637681653,1.2038170740639005,1.2272536808118928,1.2369988414193085
1.311237624,1.0761951333684292,1.3099258396817397,1.453161281397693,1.3349966119457526,1.2766712421025557,1.3312611657387636,1.3357106745372544
1.078128713,0.9155663068557156,1.2912564747217494,1.3648658118887238,1.1866826224069824,1.2016250646850994,1.2297600083959943,1.1118037961053668
0.796455446,0.5847823914112757,0.9463856769958264,0.9699417100535596,0.8535626965285588,0.7054181101945196,0.8489778886354158,0.7090681098080791
0.52449505,0.3885031977267146,0.6389147750965414,0.7663882254190989,0.6638644954672867,0.5706472763761942,0.6317524589741591,0.6132714482615641
0.621623762,0.3906733113176834,0.6456575514939602,0.7671927620127165,0.6901743025017499,0.5703620206157601,0.6630082349966884,0.6555931139459088
0.553633663,0.3658915481978367,0.6538226219417621,0.7655939513599922,0.6949060490166231,0.5877266021542881,0.6546357516160994,0.6193028666349141
0.52449505,0.3240709078495934,0.6228415580263349,0.7328132360394194,0.6551888125458466,0.5487673382694404,0.5952486311981354,0.569959555627453
0.45650495,0.245264455647873,0.5524256725453036,0.6421576405141695,0.5511445210735327,0.4355937139951722,0.5061171599884293,0.4825965540278683
0.320524752,0.1273994236526777,0.4353975799721797,0.5115970771249343,0.4238646075737547,0.3384148839445238,0.3903655832479876,0.3522981361270171
0.203970297,0.0110082325047789,0.2805980383263134,0.3802659883257775,0.3132464958216301,0.1483297471595284,0.2681980464007762,0.2340784179744461
0.048564356,-0.1165358918195039,0.2028440117762097,0.2880293513238941,0.2080112190410546,0.2354808054057364,0.1719547768489227,0.15870338832321
-0.048564356,-0.232707693075709,0.0867616934722362,0.1545411048543489,0.0754924476400684,0.030249561710532,0.0553957554482056,0.0003441882724738
-0.22339604,-0.3190171309570656,-0.0405238036637604,0.0551682061911649,-0.0336511044199317,-0.0120700324614366,-0.0693206017929282,-0.0728373138835819
-0.194257426,-0.5008524668245737,-0.1257738315759992,-0.0612311904477286,-0.1548357906641847,-0.2273891646862645,-0.1925785218347565,-0.2501978288381363
-0.582772277,-0.709720092048485,-0.3426619135802804,-0.290727352414765,-0.3452062398621939,-0.419889107872464,-0.4202709178971696,-0.4422953459676039
-0.485643564,-0.7992697930136817,-0.480291798149512,-0.3726408729626241,-0.4603249476610768,-0.4740927758417906,-0.5014026713376941,-0.5042526553493075
-0.728465347,-0.879571146477092,-0.5210676281522486,-0.432743293678266,-0.5204420070311866,-0.5670244602160028,-0.5591257199381637,-0.5671543420837629
-0.641049505,-0.9853799818650114,-0.6176675797112307,-0.5335500175868912,-0.5998781997264651,-0.6249269848161484,-0.6487594414287572,-0.6756808010812699
-0.913009901,-1.0652857441218986,-0.6971484801068792,-0.6102659295518195,-0.6618873572406994,-0.724930827451982,-0.733504812650128,-0.725808816698502
-0.864445545,-1.1486807992892698,-0.7679052032170137,-0.6957241795300521,-0.7767220668644984,-0.7666328723027532,-0.8212407875981943,-0.8444880120197873
-1.214108911,-1.3096603835538725,-0.929768659964948,-0.8522666042806889,-0.9346075437834068,-0.9939694298713064,-1.0089950094965692,-1.0102156492335177
-1.019851485,-1.3196698530814412,-1.0084558364466534,-0.90372534068888,-0.9507720700467618,-0.9133521745576176,-0.9987615937853884,-1.0227471523976652
-1.388940594,-1.4667740353160204,-1.060042852808728,-1.015614088338345,-1.064341704632494,-1.1943523049767375,-1.14469032910193,-1.1802599862115746
-1.146118812,-1.4941191168066312,-1.2126137051054429,-1.073137774658117,-1.1819303133909669,-1.2199301638568238,-1.225705772478632,-1.1653957507600423
-1.155831683,-1.2999864043326432,-1.066015035924587,-0.8673840952180734,-0.9467942471302198,-0.9315736839314532,-0.9696073236220628,-0.8791242867959032
-0.67990099,-1.0602533009545938,-0.7791456992108793,-0.5725059230262378,-0.6268313119021248,-0.6905845563782769,-0.6799373057923179,-0.6119857095160561
-0.709039604,-0.9368129770610522,-0.5713935086402301,-0.4523995143758985,-0.5220647506548223,-0.5553443164934903,-0.5569072779795339,-0.5500671320827969
-0.660475248,-0.9379949209994488,-0.5882378612513587,-0.4883631678876106,-0.5698377699580847,-0.6558253476211152,-0.6131701797312379,-0.6198847110576854
-0.767316832,-0.9717953753037624,-0.6217080118090472,-0.5320193916709626,-0.6357799685897845,-0.6594355654334364,-0.6563633248778764,-0.6521922856255
-0.747891089,-0.9825795763208128,-0.6562714127396952,-0.5430636368039038,-0.6243556780171816,-0.6972291409945248,-0.6616551384441036,-0.6411134071016241
-0.728465347,-0.9635177137838958,-0.6376776627064312,-0.5372891311824597,-0.6040864592101928,-0.619635164235068,-0.6509580368293384,-0.6049503877393575
-0.582772277,-0.8988348438423626,-0.5957729525254081,-0.4397335342697948,-0.523276583531294,-0.568975028119206,-0.5510516414406096,-0.4847240956603306
-0.505069307,-0.7585841449079588,-0.440820510684203,-0.2775462877194167,-0.3523041580153947,-0.3547491432707681,-0.4064366960821108,-0.3624231003546979
-0.37880198,-0.6473578335095392,-0.3268552040675345,-0.1621233637610839,-0.2368382046704674,-0.2991094267702022,-0.2810600831316054,-0.2430831525054562
-0.233108911,-0.5344752260862203,-0.2269852359822372,-0.0638015652887215,-0.1384469922260647,-0.1731967661330346,-0.1839905263941958,-0.1563260407730214
-0.087415842,-0.3937671343417321,-0.1048712607557615,0.0450657762291716,0.0047471980811878,0.037339325307146,-0.044912453129647,0.0192503679458032
0.029138614,-0.2446696570853536,0.0670971105151664,0.2047490935685092,0.1581139270190058,0.0931383806340315,0.0978202420835829,0.1489058814133696
0.106841584,-0.1106817498354541,0.1590983487771088,0.2921919802239498,0.2171919726640261,0.2202535039815848,0.1876185351121308,0.2026586105652462
0.22339604,-0.025064793301503,0.2606073991362545,0.3920771239505056,0.3271474092072559,0.2507004710298884,0.2894254287236049,0.3180718162206702
0.349663366,0.112125105317853,0.3425447008897897,0.5207657596007486,0.4852047638787403,0.4962778933796866,0.418895359773317,0.4754933952654752
0.475930693,0.2719510599717586,0.5320881316344438,0.6703990320949204,0.6423862188150927,0.5568010539331633,0.5798328782134058,0.6113522642203193
0.670188119,0.426796521417568,0.6664579167357352,0.7968964985953799,0.7976956488626716,0.7428409152247911,0.7226004690075741,0.75516738060054
0.825594059,0.5558604385773568,0.8278385678206401,0.9852910462940584,0.9084116477137928,0.834653782389807,0.8637344965851558,0.8877486350019578
0.777029703,0.6123295455303877,0.8925697455674231,1.0055890729746892,0.9208353321840742,0.9147318064054784,0.8867498132879013,0.8930523288427781
0.90329703,0.6792786660026267,0.9123608312410522,1.0525420432248913,0.9897133147047384,0.9752173470156608,0.9417308406178192,0.9494670100396996
0.961574257,0.7348036928656791,0.9737109960737924,1.1371532507736657,1.07711215453607,1.0071023208692662,1.027031286399204,1.0375546751695228
1.039277228,0.7710242356986404,1.0549380561367057,1.1540177126926552,1.0941807366534746,1.0721403242118768,1.0604173436955653,1.064602079329614
1.039277228,0.8400632177624581,1.073264331316347,1.2153739620611257,1.180867863195397,1.040137799671242,1.137432682484672,1.1383140186597176
1.175257426,0.9069531854525892,1.1906326610087503,1.3112608398992187,1.209880739996328,1.1729478929855164,1.192052168819648,1.1859127430334042
1.136405941,0.9144843840729112,1.1659277563433177,1.278688090651939,1.244398040559892,1.0858633655612624,1.1807191013499665,1.1782057026826684
1.291811881,1.0275384834749557,1.2471310179772113,1.4088528046263424,1.3327397519587911,1.2884652155374052,1.3249327505788653,1.3497084050074433
1.155831683,0.9821568871921984,1.3444150980866196,1.412223275298187,1.1918146313420268,1.1396112646062644,1.2483867347793578,1.1594715424047302
0.777029703,0.681790702105946,1.057438902434389,1.1462949827093574,0.8601825454796261,0.7928921698136995,0.8582102490879967,0.7745910228590042
0.592485149,0.4596773521462104,0.7264144994002958,0.8202181214237246,0.6749017570418384,0.6629674363084607,0.6663790334988379,0.6319056975628262
0.60219802,0.3762284878411779,0.6427786672784197,0.7711243374510756,0.6383105560264898,0.5824229979239455,0.6231313517633146,0.6053321709626232
0.475930693,0.3358565951219567,0.5916480498822214,0.7004050301682754,0.5970890102466683,0.5967804482299013,0.5660981999240409,0.5619203610728856
0.505069307,0.31305864464778,0.5887478977397234,0.723406452192827,0.6511946409240638,0.535205386049373,0.6326866808009423,0.6087054965747946
0.466217822,0.259338704557301,0.6062558052882554,0.6889501298617519,0.5409214100611669,0.5643898127684419,0.5300303735064367,0.501247756091509
0.281673267,0.1295179546600181,0.4772242195728477,0.5495912108877664,0.363546291911491,0.2667846227165986,0.3680620195247919,0.3456762200436549
0.165118812,0.009390737741804,0.2922274981863992,0.3691243940448381,0.2846423378753269,0.2769086358519276,0.2434781959115873,0.2313066143720804
0.067990099,-0.0758893941534339,0.2053551417925956,0.3212805728198882,0.2183928364968599,0.1681172912741634,0.1890457074259477,0.1634943897308171
0.048564356,-0.1874676207088859,0.1246464561546994,0.2086525086026099,0.0646703504721302,0.0734823421413936,0.0366066913679418,0.0271477522335653
-0.174831683,-0.3195573666479172,-0.0185171137381037,0.0734154130657746,-0.0413253181337002,-0.0519625707344829,-0.0762579664275481,-0.0768453852625032
-0.22339604,-0.4728118036283887,-0.1184241636421599,-0.0414160395207235,-0.2271182655995833,-0.1995065690542033,-0.2032594425201779,-0.2327271551174666
-0.553633663,-0.6453194996593495,-0.2901519600604247,-0.2128720952778667,-0.3611723666456171,-0.3587628008241065,-0.3998505729450898,-0.3968719010115366
-0.543920792,-0.7557876009070843,-0.4318656454554239,-0.3476475725735474,-0.4283587725651889,-0.5439086332636451,-0.4790595075422665,-0.4714334953930846
-0.709039604,-0.8468484413190838,-0.5007166695529213,-0.3758651814551588,-0.5270257990655444,-0.5312172224004352,-0.5501728579729196,-0.5409896742051753
-0.689613861,-0.9627358159169164,-0.5876469363543154,-0.5215542841314962,-0.6541342216480673,-0.7175971599549347,-0.6751787754869759,-0.6867843737499096
-0.942148515,-1.0493581941592058,-0.697256193239948,-0.6196499317165807,-0.7403571753636917,-0.7315891162013181,-0.7518482286052273,-0.7521810275951387
-0.913009901,-1.1472656747744543,-0.7691951108241013,-0.7148714330595314,-0.8375808724606775,-0.9043845418512156,-0.8749482350885747,-0.8895966595888766
-1.194683168,-1.3131379858585928,-0.9333019953816254,-0.8815317986178726,-0.9615121641345716,-1.0438441949138202,-1.0255937725053228,-1.0316877292792914
-0.951861386,-1.3221680977152508,-1.0037454650469757,-0.8978693939432385,-0.9522321061607432,-0.9575018285941184,-0.9704199851459472,-0.9524259207825811
-1.330663366,-1.3924974783715096,-0.9800808927292908,-0.9350721736140816,-1.0619883772459358,-1.1986322006261956,-1.1386253073163353,-1.147988159891301
-1.214108911,-1.5320831217039017,-1.194538266750737,-1.1162649206625703,-1.1439879793816452,-1.22165894757854,-1.2233736640582171,-1.1930977067485422
-1.184970297,-1.3577746789439422,-1.130899844089247,-0.9303270268753248,-0.8312615771543905,-0.9598880292050442,-0.9249484141363152,-0.8748080909164667
-0.67990099,-1.1099861618009228,-0.8055273081951874,-0.6109646382871922,-0.6054027502558349,-0.6267093388524724,-0.6642767662752368,-0.6191764414851311
-0.75760396,-0.941430856458586,-0.5895707184236757,-0.4642751194961266,-0.5553250709387854,-0.6400435703446709,-0.5666800032010484,-0.5577738038256638
-0.660475248,-0.9665502629407569,-0.5857020285464369,-0.4912764476460304,-0.5903248859654967,-0.5987608533706191,-0.6370914392699937,-0.6426719622561552
-0.777029703,-0.9753118911411742,-0.6518541187949124,-0.5284447513895104,-0.5949494369177213,-0.6134588697289904,-0.6271121103529004,-0.6076035151702353
-0.660475248,-0.9426248214844518,-0.6010918870800811,-0.4811194771159357,-0.5796016685675199,-0.6311702965052908,-0.6261755037912708,-0.6195062747444054
-0.835306931,-1.0308219064742818,-0.6524843987191968,-0.5896216997094145,-0.6640852335306218,-0.7421974213767716,-0.722069200011112,-0.7223204567052204
-0.650762376,-0.9247681487212708,-0.6837994486367297,-0.4987375215872199,-0.502633724699916,-0.505733006462437,-0.5532124918023822,-0.5088295870731842
-0.505069307,-0.775997153165324,-0.4579341173293485,-0.3055083488575073,-0.3645447937607993,-0.3238782954019536,-0.3975270662446418,-0.3654152640464176
-0.310811881,-0.6240513179419656,-0.346267850658374,-0.1601879469624583,-0.2186743236934444,-0.2376015635392828,-0.2511963960646151,-0.2211686836122135
-0.252534653,-0.541381072863596,-0.1987849217137193,-0.0696639630990953,-0.1143944881694144,-0.1011170095450345,-0.1590646522596485,-0.1457116377109668
-0.174831683,-0.4035007549445842,-0.1204699867823862,0.0270345110108291,-0.0089718995133842,-0.0119451948271728,-0.045694283039532,-0.0144502498019328
0.038851485,-0.2735945789383633,0.0308926355439977,0.1758548465775544,0.1301059760962686,0.1674107679226223,0.0954247220948657,0.1156243946149103
0.106841584,-0.1533897449792285,0.1562249213371442,0.2860409496444517,0.2028150210628266,0.2095991486824723,0.2052242097334804,0.2196393133517927
0.271960396,-0.0351794160205427,0.238440239170956,0.4098205567101057,0.3256314240800726,0.3259319078422654,0.2966099234310105,0.3156621139927903
0.330237624,0.0904319346548371,0.3371275893797971,0.503113645721982,0.428311304975835,0.4107629414700182,0.4323959143018331,0.4565098093056458
0.495356436,0.2310415209656074,0.4801931074973431,0.6429667069054869,0.5680722229713905,0.5165891294535889,0.5638166733761482,0.570628478712332
0.621623762,0.3884867636867481,0.6066473756540067,0.7763145774507328,0.7328419068737055,0.7183719762734905,0.7525868228808164,0.7640141317871978
0.835306931,0.5262365765931747,0.8174110057859609,0.9640046149243874,0.8901199676320233,0.7834073415866939,0.8688447919226377,0.8682710696334353
0.728465347,0.5913830783602806,0.8620104089889552,0.996228860130352,0.9129759011258972,0.8649056785550353,0.8963296398179998,0.8833454892783724
0.951861386,0.6785079949747914,0.9332803402562584,1.0609364955370293,0.9826805856934832,0.8795373065882129,0.958943747583479,0.9490623422851928
0.883871287,0.7023954546337731,0.964686819508378,1.0909924035564251,1.0188863289704937,1.0179826059780812,0.9878683826289484,0.9868964055430308
1.068415842,0.7584686716800013,1.0333416048263016,1.1569273305772765,1.073788430765915,1.014061527957244,1.0614914570664835,1.069347271865602
1.010138614,0.8091531868900592,1.0653644992127913,1.1951419993006684,1.1497134181863635,1.1347953247330111,1.114333711759333,1.1183436253633243
1.165544554,0.8816467367031844,1.1548745043756137,1.2906853295934444,1.2121442446293342,1.1382594543946063,1.2140648757308756,1.2101746502688695
1.155831683,0.9326554062630104,1.1989795641788343,1.323767329770988,1.2310639464471402,1.2007185489843506,1.222865707173329,1.2272076128352702
1.252960396,1.0012027962310095,1.25477382558966,1.3682211834918945,1.309601192208292,1.2543953112571324,1.3236799885627364,1.3224221815880006
1.097554455,0.9729152521088748,1.3124299204439298,1.4157813892120268,1.2440725171474538,1.1273086152152916,1.1876182093208154,1.1673067141285642
0.75760396,0.726392823375408,1.1128849645804997,1.1736409319471104,0.9288442823553428,0.8350034150187228,0.832998536998013,0.7966082440277602
0.514782178,0.4640729622691208,0.7587583208304167,0.845586880520676,0.6581350218223376,0.6174042558196252,0.6287554909333745,0.61416122680338
0.505069307,0.3719048434133896,0.622506796143263,0.7433259739928576,0.6588466888728186,0.6392070683804881,0.6276234646183608,0.6288558475189775
0.495356436,0.3142163135539393,0.6212741469595086,0.7118346174760004,0.6545805113676372,0.6184078856731761,0.6106395461822827,0.5951261481218819
0.534207921,0.300239765813669,0.6176778351119798,0.7524760294039562,0.6467513956218169,0.6201902190262908,0.6117492414987808,0.608975530227227
0.446792079,0.2684435011884852,0.5852488951626893,0.7092675384021541,0.5320759713180366,0.4825241392099401,0.492183366796523,0.4768047625506804
0.291386139,0.1609823989337999,0.4721785927951909,0.566385617790317,0.4075800410019116,0.3775482564884205,0.3707059428385015,0.3611482413429622
0.203970297,0.0306164742665447,0.338391278669883,0.426720627794495,0.2809504727351851,0.1762941737636385,0.2460657596046855,0.2328233136999208
0.07770297,-0.045337788585405,0.2225013338642673,0.344934771193257,0.238842873886055,0.1758497050831739,0.1922274769841479,0.2009887466728503
0.038851485,-0.1578819998961939,0.1730718771670484,0.2806091604173227,0.1061054708177194,0.0227274542382338,0.0471361588093898,0.0475790172058325
-0.213683168,-0.3080970533187084,0.025079074879469,0.1164955321589944,-0.0065628264411788,-0.0789280737641728,-0.0666970009865707,-0.0706403526554502
-0.194257426,-0.4290084605766548,-0.081897618329679,0.0091640313730673,-0.1257457571253126,-0.1792714317147565,-0.1933590565412007,-0.1959067216119912
-0.592485149,-0.6424734084807453,-0.250919586068543,-0.1511662264852847,-0.3516586828443963,-0.487802698094879,-0.427932168160535,-0.4280195357247993
-0.563346535,-0.7761760284012401,-0.4573181302428961,-0.3319504301043132,-0.4483258655020214,-0.5378664164004949,-0.531026759498384,-0.5202990702555103
-0.709039604,-0.8466604394062763,-0.5160838280693932,-0.3983527564568809,-0.5100681651439012,-0.5970370000183702,-0.5596420855981369,-0.5494009860325734
-0.650762376,-0.944447957637404,-0.5749186506686769,-0.4598258511517082,-0.6050601614740623,-0.6773841267492788,-0.6648110068349297,-0.6545235896897669
-0.893584158,-1.015817568703179,-0.6702757102388408,-0.5762141083191382,-0.6690431203103802,-0.7863290451223276,-0.7216910367775419,-0.7356222581223403
-0.777029703,-1.095126467669035,-0.7246100540476325,-0.6245237855473825,-0.7732186474572706,-0.7940101353509242,-0.8164171979950926,-0.8047276897526386
-1.136405941,-1.2501051797991385,-0.8431711154683005,-0.7650569648313515,-0.8868447798291912,-0.9677722705455518,-0.9875373835177912,-0.9702752845124618
-0.990712871,-1.3149709621615733,-0.9839828766853992,-0.8879510867641079,-0.951074058995452,-0.994039798115481,-0.9935486419727876,-0.9972013763667176
-1.301524752,-1.396029400397347,-0.9927562974706192,-0.9129811384761904,-1.0233698117949377,-1.093981351818432,-1.1392249104957488,-1.1233874284934042
-1.165544554,-1.5256785913513562,-1.1522981748534864,-1.0805448237080044,-1.137989116243025,-1.201791931506213,-1.2017483681177206,-1.1899420933916791
-1.194683168,-1.4292200082158384,-1.1640642606359093,-1.0121327696534703,-0.9771844344050652,-0.8759221260384443,-0.9455367813329086,-0.9408683269635316
-0.670188119,-1.1803162555801343,-0.9112068581297232,-0.7227949949906929,-0.6780565427494292,-0.6346563500123672,-0.6715583641554721,-0.6509827492858951
-0.718752475,-0.97322247592163,-0.6261248168605978,-0.49492949001547,-0.5290424311564329,-0.5193898749540399,-0.5749701007290031,-0.5384410465149254
-0.660475248,-0.9496951592437156,-0.5499548517604064,-0.4466391428858207,-0.5622797411110694,-0.6307145241793066,-0.6158803876868904,-0.6202172874312405
-0.796455446,-0.9908341176479823,-0.6292424476575099,-0.5353733246791531,-0.6363708573453277,-0.6617098546014669,-0.6801639824998721,-0.6814409269157005
-0.670188119,-0.9957889005008438,-0.6829318547666906,-0.5731813737681274,-0.618734707703893,-0.6488611052563004,-0.6585753840347826,-0.6550542312932084
-0.709039604,-0.9426507944849428,-0.6515751732007199,-0.5056686884045769,-0.5674012201695849,-0.5340568460281429,-0.584567742447144,-0.5660302124988665
-0.592485149,-0.8831689757245599,-0.57661137404385,-0.4297175960094155,-0.4899817096966516,-0.4506961290283756,-0.5160899643131857,-0.5037338867367264
-0.514782178,-0.7806450213190463,-0.4942702967750021,-0.3495714773663683,-0.3977915653773097,-0.463688486778359,-0.4179683304632837,-0.3821342395861888
-0.398227723,-0.702472204751538,-0.394061561992386,-0.2192786187866846,-0.275322524236617,-0.2869553274760223,-0.292662947081734,-0.2790430768788806
-0.22339604,-0.5681468319483248,-0.2798470163317996,-0.0925021101556974,-0.1813285526105404,-0.2150310950918012,-0.1752432383467257,-0.165005729189225
-0.126267327,-0.4370453318261378,-0.1606586724460689,0.0398223369527924,-0.0546642143543027,-0.0318249891431906,-0.0342829719635288,-0.0300224570792519
-0.019425743,-0.2806372708841389,-0.0155883164849516,0.1965761082569269,0.1031841531562913,0.0721428973172815,0.1030726225529848,0.1136632094194897
0.106841584,-0.1699415652372962,0.1204646757826548,0.2855781661894467,0.207644737224459,0.1772452053167478,0.1823355599218863,0.1914470077534485
0.184544554,-0.089617994454145,0.1970523254430441,0.3799565647706642,0.2611318291416534,0.222873586289851,0.2652138192272611,0.2734080354222308
0.37880198,0.0492144803805099,0.2928855719701051,0.5463018709903439,0.4021885046785369,0.4314313357647495,0.4458918713012904,0.4438114994140482
0.534207921,0.220195623421816,0.4680322188864338,0.704677110339744,0.5846308521169613,0.6090891707938677,0.604874122121191,0.6121821391103848
0.689613861,0.3640783545977015,0.6241052297818005,0.8622692254728261,0.7121365994088267,0.6890238676102395,0.7609575337517986,0.7653597267235055
0.796455446,0.5043339861749551,0.7633629244412063,0.938556190646644,0.8601239740868795,0.8545856563828317,0.8407460816882448,0.846581771429255
0.718752475,0.546188890838802,0.8317587114282684,0.96869727614196,0.868104885619202,0.7858063014457494,0.8508321408861487,0.8406547853393169
0.922722772,0.6191648493808739,0.8552968833399731,1.0674637657041006,0.9519252330437408,0.959326505788919,0.9610758573032658,0.947876455966549
0.90329703,0.7028094626504909,0.9472879696037666,1.1097995405316994,1.0155824757632788,0.9721217825838794,1.000997410624164,0.982632358553242
1.010138614,0.7474161771386477,1.000359289402629,1.1676548430935485,1.0607749095280814,1.0809149434204763,1.0682527397008683,1.0571343322865936
1.010138614,0.8039625847072007,1.0613328044707977,1.2562100605154871,1.1276416017845845,1.1434122959681283,1.1423504698714306,1.129781117942114
1.184970297,0.8863362478251441,1.1451014777596804,1.29741814159108,1.2171970130799172,1.2166415837593882,1.1964991842450934,1.2119245120426794
1.146118812,0.9079016023004955,1.1856632661590507,1.2769798751854846,1.199927638554,1.1650480142178972,1.1709793408081086,1.147356678771953
1.223821782,0.9488812782583738,1.168333390370788,1.372230751770183,1.287421736169368,1.2120809893320454,1.2912933170093432,1.279754045923993
1.097554455,0.9698815156247788,1.288476865819168,1.341499243232733,1.2461287593941872,1.1768190831076104,1.1873083368953792,1.1950376059254788
0.883871287,0.7838074599390242,1.171596647124452,1.0428050961194568,0.9397661682150374,0.7776537108782384,0.8581475503184944,0.8678457343810513
0.563346535,0.5403584305806739,0.8465905139972609,0.8126370385069597,0.735165096165674,0.6664107467216329,0.6826455034858645,0.6606004798483592
0.582772277,0.4228783817336221,0.667023662229096,0.7701459604611377,0.6900520991929511,0.6091103699473414,0.6585862576281292,0.6495436848790453
0.52449505,0.3779497353466219,0.6624560702647292,0.7357245802296064,0.6662408442810427,0.6505317820654953,0.6271782325614798,0.6187105469104386
0.592485149,0.3526133877075927,0.6223042296899102,0.7301945575504927,0.6205422030266996,0.5157786043161439,0.582057160460942,0.5949444453234216
0.398227723,0.2860580400712377,0.5794815453259902,0.616655506151755,0.5233340388692558,0.4042619430220694,0.4791810245781133,0.4793726265066173
0.291386139,0.1672439433401849,0.4696216960165528,0.4999357975878605,0.4088623842914701,0.2827056989649221,0.366995686286588,0.3762277077749422
0.184544554,0.0431135809790574,0.3764707041341253,0.3941890395207431,0.3163675685928096,0.2138285293504894,0.2617616262890285,0.267879203361166
0.135980198,-0.0408438792906978,0.2581270750676688,0.3128493383385743,0.2277507884173093,0.1441458989299834,0.1897196783940423,0.2033955368810592
-0.048564356,-0.1539847124602286,0.1872201801805718,0.1223371755269966,0.0985013107951025,-0.0288296294609455,0.0134332381157151,0.0325109194654333
-0.145693069,-0.2982141417402469,0.0237658331608529,0.0768195876974287,0.0049394901602543,0.0342904674119072,-0.0572013784297183,-0.0401028481379207
-0.174831683,-0.360758359278322,-0.0572006256974423,-0.0677916809983198,-0.0766768783853271,-0.1489604402456829,-0.1556912743471634,-0.1243068385438921
-0.534207921,-0.5480641941022456,-0.1655810278554247,-0.3207829994727711,-0.3097703948481166,-0.3858601952030775,-0.4258918540928017,-0.3907965775142349
-0.573059406,-0.7460597199196921,-0.4032764577543264,-0.4048021181372696,-0.4539741002949219,-0.5254920108963167,-0.5246926141163132,-0.5098769380838792
-0.728465347,-0.8446431210284795,-0.5163145034863164,-0.4459079492802906,-0.4882170995667341,-0.5366909223244842,-0.5679809869774569,-0.5582810352749821
-0.699326733,-0.9241903805021714,-0.5631971118315023,-0.5303316179569759,-0.5894108547162765,-0.6298216453797134,-0.64162323004413,-0.6205854763858348
-0.874158416,-1.0018602215606025,-0.6277843179343693,-0.6109222783561573,-0.63646466233679,-0.6994366781157646,-0.7186744582844942,-0.700034595583391
-0.854732673,-1.0802302452001329,-0.6969191514495056,-0.7424015125821366,-0.7450909270509123,-0.8252189157646441,-0.8406726171541712,-0.8176933987924933
-1.155831683,-1.2133392589658074,-0.8293911860601019,-0.8403391664799289,-0.8806010590056802,-0.9735775599017428,-0.9559023063799532,-0.9427504586069756
-1.010138614,-1.2803579451327491,-0.9291619595717484,-0.8717844882742739,-0.9165966924821314,-0.953473762174836,-0.981348716332695,-0.959762054718965
-1.291811881,-1.3316395913902954,-0.952254123385657,-1.0108083137108674,-1.012544755059153,-1.1383227547597636,-1.1163217282197244,-1.0751954319627133
-1.184970297,-1.4792120736614471,-1.0887648894872977,-1.0565061352494949,-1.1386445978950164,-1.0995260571002028,-1.1849864925173297,-1.2024225097910852
-1.175257426,-1.4352867913327685,-1.1798169806038468,-0.8648346615028233,-1.0038952873041316,-0.9926723856362466,-0.9413268114979416,-0.9582555790172737
-0.699326733,-1.2207631045646798,-0.958820572069744,-0.5801426643044826,-0.741699077376574,-0.6983385056103906,-0.6817275775924916,-0.682611503908843
-0.767316832,-1.0222797864995254,-0.6806840400982812,-0.4810438261693272,-0.565074894986004,-0.6149576853551505,-0.583269569135724,-0.5578206803713449
-0.650762376,-0.9593665045062488,-0.5765398375342475,-0.4991299073947212,-0.5586558594923008,-0.675966038869617,-0.6385836009388026,-0.6152418401710494
-0.825594059,-0.982454538960291,-0.6329652006994845,-0.562878951682255,-0.630682995447269,-0.7377262076615214,-0.6829680356628953,-0.6827782221563694
-0.709039604,-0.9902084119731406,-0.6656282511343099,-0.5033832664010999,-0.6446381694089715,-0.6400420199508277,-0.6011892102203369,-0.6254921964079728
-0.631336634,-0.9214377596404691,-0.613048610845123,-0.4173209192575527,-0.4914407853577113,-0.5134877019922192,-0.5211530713337619,-0.4948753877806712
-0.592485149,-0.8637699013166997,-0.5074655524740274,-0.4074438258710676,-0.4677645671829708,-0.5850009794761499,-0.5236840690127597,-0.5039616993088868
-0.621623762,-0.8499715679376679,-0.5153408581225745,-0.3736411180084039,-0.4632879594177119,-0.4508358054260557,-0.4725081196709809,-0.4641291781802226
-0.398227723,-0.7621016110388457,-0.4593411866311323,-0.2416501149442543,-0.355489487702773,-0.3414430713978296,-0.3147363112585887,-0.3176162444827962
-0.291386139,-0.6243416362246801,-0.3191562031376539,-0.1042020268796369,-0.2227453690490234,-0.1782696428286214,-0.1985788260672901,-0.1940107966625365
-0.145693069,-0.4834964462621849,-0.213408862173947,0.0425479917447299,-0.0896271533251356,-0.0743367952002358,-0.0403114515857046,-0.0562289000199399
-0.038851485,-0.3183202890585418,-0.0573851427097523,0.1995378784867943,0.0623805773376609,0.1270733762424254,0.1114135529818841,0.0894709574884224
0.116554455,-0.1959526490995587,0.1087627495534823,0.3045986076378896,0.1739235208063447,0.2128452339430068,0.1931933719659656,0.1827051986075502
0.213683168,-0.0942225252515726,0.1946788958206011,0.3836121480766424,0.2514166883227607,0.3130040936436659,0.2995508902464205,0.2882305202710933
0.310811881,0.0191351883251798,0.2953547854343906,0.5045197111496599,0.3908808766139349,0.461860267515375,0.4316323572469918,0.4075615971065031
0.45650495,0.1378309823408841,0.4099463419199062,0.6287811065925739,0.4979749514255737,0.5390730989460046,0.5423670128984245,0.5276336899606769
0.582772277,0.2813169826875605,0.5377086252842903,0.760173708501363,0.6215017448448473,0.7118252381238231,0.7342524598025028,0.6757955082627248
0.796455446,0.4680006427858314,0.6979594030314078,0.9605726666080135,0.8329931960873652,0.8184546796042854,0.8836539278062115,0.8583310299886286
0.777029703,0.5442987067255884,0.8764967012487735,1.00920696712563,0.9265518152170052,0.9192293271797592,0.9133255842855011,0.8798347453465613
0.913009901,0.6160411595401211,0.8956505917553025,1.072152260030662,0.9539907575540028,0.9429043075675608,0.976473771887016,0.966246496658452
0.883871287,0.665247512265829,0.9630214192738612,1.108634544997181,1.0064425777037838,0.9832010028244208,0.9973150044831846,0.974174933550272
0.961574257,0.7224551353817625,0.9791830055634316,1.1444210023968466,1.0300748713482588,1.007948481847278,1.0495817392551756,1.0066799244019355
0.961574257,0.7627487663374115,1.0229893952446485,1.1703323547941904,1.0682248126652192,1.068686166934281,1.0837212749364415,1.0569442110069274
1.107267327,0.8098644083903711,1.0761046506913694,1.260720474587213,1.1490333460132884,1.1330731659620588,1.1683286456240565,1.1473880408873858
1.068415842,0.8767437007713429,1.1656568544649968,1.287195689762024,1.1905453892295674,1.1272297951069408,1.1969301918250268,1.1796017177249436
1.291811881,0.9278389524971964,1.1860328460263412,1.412473138499326,1.264293595257239,1.244047015401867,1.309777167206985,1.2823284291456758
1.087841584,0.986752204280889,1.2992326931160378,1.330546531453776,1.3060779370874824,1.1229391200187382,1.1880727741779566,1.2483076003490667
0.845019802,0.8703942592758367,1.24560511679275,0.9624740676715212,1.128509936046603,0.8201450442288692,0.8554157228640157,0.9222007606392538
0.563346535,0.5945007051311051,0.9244677661958106,0.7631432942216099,0.7953732037044134,0.5579525544604887,0.6355001898424724,0.6506413256146205
0.563346535,0.415765352965721,0.6668106027018083,0.7417508955308836,0.6590589895548185,0.609295255588875,0.6212898681430813,0.6081548129777947
0.505069307,0.3569450005101577,0.6230750606950002,0.7406942345574228,0.6420984836453775,0.5174642050211512,0.6263453083325562,0.6022798807628585
0.611910891,0.3321966646043627,0.6219798640759179,0.7377654968336274,0.6748725057489866,0.6465848373970012,0.6172998585810038,0.6386157437747056
0.446792079,0.3120406863726472,0.6320340985295989,0.6636378002492942,0.6353134522258701,0.5073922297683044,0.532312241769632,0.5585703819742536
0.320524752,0.2422717082970077,0.563401261696849,0.4938469254323969,0.5453564572744272,0.3423839071773294,0.387080094614235,0.4149843800722592
0.126267327,0.0937530928899966,0.4305587409024938,0.3411295706841999,0.3967262331766233,0.2486007951922271,0.2210565805771975,0.2280696487109884
0.116554455,-0.024048412958404,0.2529908363147514,0.254937350637532,0.2523753488278634,0.1545726745431348,0.172714920591529,0.1997642444273493
0.0,-0.1118966180362894,0.1943776481585116,0.1309489486619496,0.184979236473584,0.0340208641205403,0.0452701782315729,0.0701828273588319
-0.097128713,-0.2633720440561936,0.0864276724667388,0.0579382918784497,0.0535517864800741,-0.046740560987367,-0.0443791699463233,-0.0403584055904424
-0.242821782,-0.3257700092375287,-0.0226402725725723,-0.1047728134118047,-0.0340902408502258,-0.1323720141712036,-0.1840264589833378,-0.1205958031674082
-0.475930693,-0.5027093983990896,-0.11797552114251,-0.286274628381788,-0.1744686719612813,-0.3974324309219781,-0.4003185056737517,-0.3565782134448217
-0.52449505,-0.7013539953448643,-0.3454862997507671,-0.3769123820150434,-0.3656275161293701,-0.4656271901000569,-0.4869203632586429,-0.4740308540149572
-0.641049505,-0.7961167238936699,-0.4552403252519283,-0.4528933798928374,-0.465777406448504,-0.5451331919749332,-0.5640457190523146,-0.5296175994082201
-0.67990099,-0.875424675356736,-0.5280104347968188,-0.5262810910219825,-0.5384943451846271,-0.7066436677998867,-0.6498941566291889,-0.6071068140846363
-0.913009901,-0.9575694495277048,-0.6029004857374841,-0.6450990133412231,-0.6498374390106543,-0.7562161579943675,-0.7622293596377939,-0.7260442014819197
-0.854732673,-1.0729344225594717,-0.7181891845494084,-0.7126837482160598,-0.6971219983446958,-0.8834386624588834,-0.8300344931549813,-0.797748768748513
-1.107267327,-1.169690153458331,-0.7946576548922666,-0.8518293954058724,-0.8032604315140515,-0.9591689524822782,-0.9587237925089376,-0.9265474446760004
-0.961574257,-1.2514373581481282,-0.9120219586257908,-0.8339902402697364,-0.9064542170228188,-1.0042921254648365,-0.9574500721159064,-0.944475139460234
-1.214108911,-1.2698580050250965,-0.9421565915258424,-0.9810791751723398,-0.9072303368010848,-1.076103758469885,-1.0987455428708444,-1.0234770906896593
-1.214108911,-1.4113409528325074,-1.033042941210779,-1.0848109472191036,-1.051301783742079,-1.324407135358525,-1.222515307916633,-1.2117718775534283
-1.320950495,-1.482425802626406,-1.2078825612229986,-0.9282670732799188,-1.1514401637791205,-0.9405727072717744,-0.9945417384241942,-1.0545937592339318
-0.806168317,-1.3124324281982322,-1.0646173386416369,-0.6198471744340395,-0.9210355822223978,-0.7167533366774358,-0.7067630713577805,-0.7455499245914988
-0.806168317,-1.0734035488704534,-0.7689831014197099,-0.4594573081557943,-0.6504313148730014,-0.5435647034323727,-0.5716382221196525,-0.5614179313759095
-0.631336634,-0.9468423093016022,-0.5632942751335708,-0.4950480413724707,-0.5348698058899242,-0.6527689372083876,-0.6331564356550756,-0.6070609194801296
-0.883871287,-0.964399256387306,-0.6015962979499347,-0.5500385769960673,-0.5777506371526514,-0.6952842815545547,-0.6805041494378977,-0.6634646260941185
-0.67990099,-0.9846233679939732,-0.6766485354450363,-0.5264054582466448,-0.6262491275410454,-0.6310084954488795,-0.6299246310151252,-0.647283458730284
-0.777029703,-0.9512877723747292,-0.6548149352560232,-0.4666546513567964,-0.5907417141033972,-0.5896968913009315,-0.5703217927091345,-0.5542989425228835
-0.475930693,-0.8925693162476709,-0.5720583559310641,-0.4015679770507235,-0.5336345613580556,-0.4548458234258514,-0.5198847408761104,-0.5136038962079461
-0.563346535,-0.8363238278787882,-0.5332748025720186,-0.3000715804750228,-0.4739743139156815,-0.371070533577698,-0.3786509206728759,-0.399007618763894
-0.310811881,-0.7248837872268558,-0.4135436951263065,-0.1772639093062176,-0.3401141432006623,-0.2239616110562158,-0.275206059747368,-0.2840706226695577
-0.30109901,-0.6164416914674112,-0.29913427240709,-0.0782833323237763,-0.1991267221070565,-0.2003797367519406,-0.2107544057600346,-0.2054462129741398
-0.165118812,-0.5317574078276673,-0.2147135502671608,0.0041619539411301,-0.1608193976965869,-0.0070895696144028,-0.0846658455132192,-0.1157448570704392
-0.067990099,-0.3716815228329691,-0.1331778531813086,0.1814129344939229,-0.0320885274344773,0.0768095735001084,0.1144766588985279,0.0852169120596616
0.165118812,-0.2285700666789271,0.068645562074255,0.3001168414831631,0.1367517668317819,0.1429937110754804,0.1849156615151206,0.1640502121716534
0.184544554,-0.1121337621574103,0.1804669443824329,0.3676325218618402,0.2386987948540459,0.2597978775517804,0.28362620847654,0.2661350390420908
0.339950495,-0.0197163980913828,0.2483825544951108,0.4899908058149683,0.3201629235501089,0.3584473870910349,0.4214622093304878,0.388028408710897
0.466217822,0.1100101934175841,0.3686562913239153,0.6411169910783506,0.4397256664270277,0.5964164595860529,0.5569542864495863,0.5223055496606944
0.60219802,0.2518477642764037,0.5256194833979908,0.7689330559795323,0.5765640244937817,0.7172801828067321,0.725768759073638,0.6744423790585297
0.738178218,0.4284894948270307,0.6552028466352531,0.9407927703619118,0.7474154315331871,0.8393976783968427,0.8510327922226625,0.8311000304262893
0.786742574,0.5312302188381979,0.8319551044005559,0.9620505625714328,0.8791058127633372,0.7959016358237185,0.8629006700936371,0.8365018395479608
0.864445545,0.5780763666171505,0.8421244287912724,1.0478744199232664,0.894203276964955,0.9332827070219164,0.9416406630726756,0.9256594474668396
0.883871287,0.6361654043168782,0.9125545020677248,1.096365197873558,0.9476669259252536,0.9103686988737124,0.9801213015463524,0.9445650667758448
0.981,0.6839751298142833,0.9681215191116428,1.1319405988440543,1.0093127184755786,1.0136789859615412,1.0437070219636584,1.0292966240247243
0.951861386,0.7605467090704959,1.0146562798235412,1.172314434938148,1.0661086273856315,1.0541722278180918,1.099331001982165,1.0744327944208798
1.165544554,0.8414139468151767,1.0727095154391155,1.277246635980234,1.1406928126388327,1.1537748196351267,1.1880684153338206,1.1857700791851862
1.05870297,0.8955466921015778,1.1648681571606172,1.2910954882186632,1.201969051027943,1.2051806651363604,1.1742343554978447,1.153234971258166
1.214108911,0.8933945190442915,1.178124895827372,1.3361202526182172,1.1978285100930834,1.259382617522284,1.273391414029288,1.2509447690648727
1.087841584,0.9764219185986528,1.2376528185939866,1.3811191074867464,1.2644712054047125,1.2188196960938684,1.1708669301309278,1.2320413727360937
0.874158416,0.9148808016070225,1.2549998768946902,1.1566934458865683,1.178211637278879,0.8337061194549874,0.880504826689135,0.9521658185234588
0.582772277,0.6611622950088335,0.9891649319587738,0.8693380328376612,0.8702191395468568,0.660818984459624,0.662753909823417,0.6818306928481889
0.553633663,0.4286244630702125,0.7130356399759634,0.7667670684259139,0.6833602473153398,0.6172460148021043,0.6374260309094949,0.6295478524832222
0.553633663,0.3634534479456848,0.6271642243367482,0.7511785059673274,0.6840931180241036,0.6614084137666437,0.6234786881380487,0.6341388479357585
0.563346535,0.3327578445086819,0.635543142979051,0.7402117203756783,0.6719582754607399,0.6101156579319108,0.6273227908015486,0.6138689467548265
0.45650495,0.3355799475536762,0.6325989190866386,0.7241153333077882,0.6562752415158328,0.5382978928155808,0.5546210941961892,0.5887941811461845
0.398227723,0.2906317738091309,0.5994275881536328,0.6003465676736344,0.5615210051474446,0.4046987148054429,0.392701190049132,0.4502100374319567
0.174831683,0.1533348574698657,0.4659467805709297,0.4447938021468244,0.4001376770677661,0.2479471723003314,0.255554466972747,0.2923363255872376
0.07770297,0.0331204071914094,0.2968148334622153,0.3117523097347092,0.2820579134771226,0.2038316328904876,0.1395379653305885,0.1824620474721927
-0.058277228,-0.0887397772682228,0.1881856490233345,0.1819198925753916,0.174067151313396,-0.0677164391232775,0.0108430943896445,0.0389454362227231
-0.116554455,-0.2572080558164062,0.058341024440692,0.0879790937307646,0.0310269098253259,-0.0408844921272706,-0.0265383381195196,-0.0314642379039086
-0.213683168,-0.3280532118022078,-0.024670299874562,0.0495696795876324,-0.0097283973229311,-0.197429008690569,-0.1470252775427734,-0.0795052081223548
-0.398227723,-0.4170853347596089,-0.0709557674712696,-0.1365089427080479,-0.1404888689431368,-0.367614491827671,-0.3556545663177442,-0.2811996195030364
-0.534207921,-0.6079995396171574,-0.2595284106263815,-0.3066132644592635,-0.3081478740141551,-0.5438273733351964,-0.4826321300303947,-0.4334539768407799
-0.621623762,-0.7578823929709895,-0.4276527883030849,-0.3918764904440699,-0.427549704679245,-0.5204310592339302,-0.5421010770589489,-0.5020514637355489
-0.718752475,-0.8421848934382153,-0.5097422760597431,-0.4617996297448802,-0.4990583329275577,-0.6462821509756392,-0.6453945726523278,-0.5915979314991369
-0.893584158,-0.9443116542856924,-0.5808776895065628,-0.590932437850171,-0.618775297439903,-0.7534730573503304,-0.7522684101464314,-0.7272413260578396
-0.893584158,-1.0618188494775649,-0.7164342745614644,-0.6740421494742704,-0.6966909755395202,-0.8136895001209573,-0.8304434062352926,-0.7724543732813872
-1.078128713,-1.1210469561478291,-0.7815195092481024,-0.7814586745566942,-0.7767926406924198,-0.9902870324703612,-0.942539846006657,-0.9018857141073292
-1.039277228,-1.2222995617379029,-0.8885932079400244,-0.8437811785080158,-0.8919589770435348,-0.955279598505358,-1.0099760082981315,-0.9764128209607222
-1.214108911,-1.292959452158373,-0.9566448780249048,-0.9575715850097816,-0.9819615552425266,-1.138073150393652,-1.1496281096130605,-1.0675862971347927
-1.233534653,-1.4438349428088104,-1.0577402112304886,-1.108698349462366,-1.084830936687803,-1.198561276242592,-1.2149823446507466,-1.2147251410572553
-1.252960396,-1.511453963684594,-1.2131014659702783,-1.0117908988735498,-1.1418438748997184,-0.9932913066371564,-0.9893520779731736,-1.0809655412449697
-0.718752475,-1.3513739193278649,-1.125285813228259,-0.7343584910882959,-0.9481447089680656,-0.6223358854273582,-0.6772270446630217,-0.7542746633045357
-0.747891089,-1.1018274796387828,-0.8095375553517049,-0.4747773330889945,-0.6476440695146073,-0.5354512829945828,-0.5535217794524742,-0.5586193542219665
-0.582772277,-0.9164358132960296,-0.5828665965211248,-0.4576958739604569,-0.5011651294288594,-0.5764644897963097,-0.612855303137657,-0.5918328503403265
-0.90329703,-0.9369283242792082,-0.5533257647115862,-0.5616524840099205,-0.5906007172473138,-0.6646172131057657,-0.6964331087906841,-0.6748590314512544
-0.699326733,-0.9936366337481658,-0.6575328625480864,-0.5689056066561559,-0.6439490785309006,-0.7023584151787469,-0.6517441263220568,-0.6475686825993084
-0.728465347,-0.9876440548918124,-0.6668018435550395,-0.4712773240644585,-0.6101844435289828,-0.5499483246893361,-0.5627680364979326,-0.5726836498992145
-0.52449505,-0.9262397292613586,-0.606626692667454,-0.405601533934648,-0.5348975474705575,-0.536963243450156,-0.4874403046552628,-0.4959409904020371
-0.592485149,-0.8587734567848951,-0.5152554905547589,-0.3049819150307114,-0.481501319191254,-0.3294300668834511,-0.3541358619516978,-0.4020703182807055
-0.135980198,-0.7424462055265109,-0.4198385653755315,-0.0582251838246334,-0.3182915778637254,-0.1743095633487305,-0.1372570118506302,-0.156360744184818
-0.407940594,-0.5221392050359176,-0.205241732551762,-0.0828646336951934,-0.0927248994097623,-0.2744128068818144,-0.2763402223724478,-0.1714224405812009
-0.330237624,-0.5437981713375434,-0.162656393614767,-0.1859675411788496,-0.2034498994946218,-0.3186850214717269,-0.2618664036404056,-0.3103069160625791
-0.213683168,-0.5951108888969124,-0.3188988908317599,-0.0107408935867747,-0.2471067059093016,-0.0090298719700679,0.0002637196143881,-0.0917820061397299
0.067990099,-0.3913295841643298,-0.1311844559478825,0.2067116614286523,-0.0117108956598076,0.1917654029368528,0.1790639265064939,0.1312525728314693
0.106841584,-0.19526905175082,0.09489046246223,0.3807982938162564,0.1972256301884189,0.2678168889339548,0.3192728678288757,0.2644153453583115
0.349663366,-0.0469985383803415,0.2260266791993658,0.5344653357558673,0.3241692480163465,0.4628403262736308,0.503425056765158,0.4138881468894432
0.495356436,0.1168606932957467,0.3884795816876483,0.7144597441139716,0.5432055681983785,0.602757438198756,0.6478848592361645,0.5992368194075359
0.670188119,0.2814924459201776,0.5876522248899824,0.7927889448669266,0.6478405046407323,0.7403014973993014,0.7136538604132983,0.6586198973592483
0.709039604,0.3595667700306607,0.6586577113498759,0.9204187078575624,0.7320772314852747,0.8159654872849607,0.821577002089359,0.789280522354168
0.786742574,0.484424167248604,0.7750589579671703,0.9491907918584288,0.8427896705204048,0.8362609696598097,0.8475055271651963,0.8061427725552571
0.786742574,0.5345286740847013,0.8211560268776469,1.0258155754217808,0.8785746346322771,0.9548641292396404,0.9450235230573212,0.9006899958759951
0.922722772,0.6391756951593005,0.8797280308093632,1.1016032649417435,0.9313806905258613,1.0352027851199748,1.0265315566751203,0.9916422308271844
0.971287129,0.7255190016959354,0.9811854511177698,1.1807435529493615,1.0173689080465942,1.0951077066655015,1.0865730918713938,1.0576556633575682
1.039277228,0.78280770015643,1.045051414572946,1.1930114050400735,1.1041474057961465,1.0594200013307251,1.08806798560428,1.0642880057574715
1.039277228,0.8100042579904009,1.084978481200866,1.219260969790986,1.1147358066803452,1.1304240691727752,1.1376831899823796,1.1002018059008505
1.107267327,0.8355231113450012,1.099828588651158,1.2537351493493765,1.1615036262970273,1.10914004397512,1.154834873558583,1.133130799602583
1.243247525,0.8558869399736211,1.1293310348047767,1.3491533433255185,1.1667726869828767,1.3216905822675706,1.2869113041867035,1.2324363392914182
1.20439604,0.967116031641587,1.1997946633133498,1.3862815263742567,1.2905931060134437,1.1741599414472932,1.2112179205783338,1.2757504298283386
0.893584158,0.9758973435902806,1.291371172233824,1.190626231441,1.2241875415434027,0.875208945453796,0.9079825691492548,1.0455792510919213
0.60219802,0.7453478403738363,1.1143200178768096,0.8628533288445198,0.9385795388414178,0.5966424863088265,0.6456143643115336,0.7095539868218271
0.553633663,0.4796377975298558,0.7882457042861658,0.729243020184192,0.7063684244166849,0.5824141698636388,0.6116491610121819,0.6012486331856898
0.505069307,0.3794585159653137,0.6151765562213493,0.7308216857327994,0.6519670787645223,0.5775475861933256,0.6189538316280918,0.5953020786551797
0.563346535,0.3557617106321789,0.6152702572077632,0.7589449861408425,0.6613042977769346,0.5723935887659907,0.6241907835978645,0.621367211514651
0.475930693,0.3423180516327878,0.6319973644527258,0.7256429515574851,0.6702188440794157,0.5166079314908775,0.5598388422817318,0.6183505243223495
0.398227723,0.2896531827588999,0.6328228698768158,0.6128129894618323,0.6188599028146179,0.3546698763719446,0.4309058655075856,0.4798396210481199
0.165118812,0.1831592105856944,0.5199712316439886,0.4470232016876442,0.4677971205014368,0.2859051122217523,0.2525120474839979,0.3137292993857232
0.155405941,0.0503992887897943,0.3589489408797004,0.3182414689822083,0.3094545649346813,0.1294903977602469,0.171790494872136,0.1925635335212188
-0.058277228,-0.069675255357467,0.2201687484010922,0.2461140852163283,0.2160748858126119,0.0858110005018089,0.0500191020501423,0.1337979633270718
-0.116554455,-0.1558219851172879,0.1422694604138418,0.1039409251706002,0.0932292649254486,-0.0793049552524889,-0.0380445549171016,-0.0097974017608346
-0.262247525,-0.2722682645683827,0.0124408996589364,0.0328802502083603,-0.004962299064755,-0.1346623872473869,-0.16968015087164,-0.0859683152260411
-0.388514851,-0.3907684181073619,-0.0491498102308501,-0.1128818289957896,-0.1107143569578252,-0.34611352425015,-0.3969557977621984,-0.2854860540851457
-0.611910891,-0.6140139108874262,-0.2342784994297801,-0.3183157213610149,-0.3316621993352667,-0.4811440416738192,-0.509231592915211,-0.47060514305223
-0.621623762,-0.7675015669338895,-0.4304894096263895,-0.4159111492461107,-0.4556984636558078,-0.5160006615699118,-0.5465145601150372,-0.52447558517297
-0.670188119,-0.833895460221197,-0.5294279030701886,-0.4493937498305628,-0.50504089047226,-0.5836764773666198,-0.6237166523222253,-0.5698609101987023
-0.825594059,-0.9180417382352238,-0.5481869587570096,-0.5356497763484831,-0.5954879562446008,-0.6600059564656788,-0.7150577013886892,-0.6768991111648027
-0.874158416,-1.0193808763999728,-0.6465133595127195,-0.6338002380916111,-0.6813984784679109,-0.7925724686529476,-0.805789453595078,-0.738266491013107
-1.107267327,-1.088512680736493,-0.7194765587150082,-0.7455403279248726,-0.741818122387481,-0.8977263657041837,-0.9751009814054408,-0.8942391560155388
-1.068415842,-1.2243419910684992,-0.8583274781483106,-0.8895852945590841,-0.9307934990078558,-1.046153084377574,-0.9854190134714184,-0.9880589625070232
-1.184970297,-1.2925779039837932,-0.984506250463056,-0.8737298537694874,-0.9318618936727924,-1.0978270275671969,-1.0913645625333734,-0.993281933426279
-1.311237624,-1.3495430897100162,-0.971512189105947,-1.0341608293352609,-1.0612722217682535,-1.2771578157933023,-1.2221112728429897,-1.192247725136843
-1.262673267,-1.5012022922634456,-1.1403464509424712,-1.0933968903334503,-1.1277240084961908,-1.0025570065843632,-0.9860016331008566,-1.114344640843186
-0.777029703,-1.4312978407942898,-1.1737818752642075,-0.8050210247061894,-0.9472386994145998,-0.6969075240196725,-0.6879177519359211,-0.7966879309205208
-0.747891089,-1.177278884889059,-0.8858870380469942,-0.5291590305041517,-0.6972306102902387,-0.6155230701191481,-0.5744518585037108,-0.5836911176193164
-0.670188119,-0.9844906960188898,-0.6270992105909314,-0.4801951888396523,-0.5414003460833724,-0.6217112232492552,-0.6370888999122551,-0.5778660883433935
-0.835306931,-0.942326864028068,-0.5735553388044957,-0.538560365420916,-0.6050438536632868,-0.7951030485208676,-0.7223579497634912,-0.6657413807382727
-0.738178218,-1.009357134147873,-0.6621806578256686,-0.6108526637712177,-0.6720918217426657,-0.7230325415069994,-0.718055009113413,-0.7185630621902699
-0.777029703,-1.013688608558029,-0.7060433282300584,-0.5573618175676098,-0.6645709527744945,-0.6539074860885338,-0.6029919213251272,-0.6485621372295213
-0.514782178,-0.9733490872675796,-0.6638652687600973,-0.4725017399627054,-0.5792126919039917,-0.4491433914723824,-0.4636401806685988,-0.5124594862446294
-0.534207921,-0.8677762666204688,-0.5649594653954638,-0.316388778257778,-0.4513500664214885,-0.4284994511430877,-0.3654940575083977,-0.3779882087200504
-0.330237624,-0.7257777155970987,-0.4331488403202086,-0.2257724973163038,-0.3442512370323201,-0.2293133341355279,-0.2681859179324967,-0.3095533259007308
-0.310811881,-0.6541743666530817,-0.3335550587859621,-0.1420731119832801,-0.2291288859167614,-0.156633271341491,-0.1890202676420214,-0.2035625363577238
-0.203970297,-0.558235150836935,-0.2445807243004495,-0.052305875643635,-0.1597708150769045,-0.0159742471067508,-0.0706556088572632,-0.1265235837696635
-0.07770297,-0.4696906181378711,-0.1645291880635095,0.0269006255259003,-0.0673094710376487,0.1567310626926829,0.1053173676162509,0.0405912572340518
0.135980198,-0.3023119440783925,-0.0245570616413141,0.2114237706674306,0.1320911766256991,0.170394891963181,0.1718210091470604,0.1488606111632233
0.145693069,-0.1652707653645898,0.120371558283988,0.278537408521776,0.1524271374858632,0.2836287376219032,0.2776514030577864,0.2133357552384537
0.349663366,-0.0690078284693166,0.1886489379345344,0.389184745392935,0.2604947154768603,0.3522215021144744,0.4396442658901888,0.3715021258411294
0.417653465,0.0685631446847332,0.3052965113923113,0.5328740633339655,0.4353578832596046,0.6019118711510207,0.5721100097635979,0.5331618617485746
0.631336634,0.206739820694128,0.4877505213876606,0.6782612064290852,0.5628001109063558,0.6432831491665014,0.7210499346217253,0.6156093825120476
0.709039604,0.3276185491094591,0.5946876029480972,0.7899055086060018,0.7084918271424154,0.8345516954186337,0.8354300562932301,0.7924188083054395
0.806168317,0.4698676321984636,0.7397817652095103,0.9347889847576286,0.8423381317723905,0.8554005235848217,0.8720055582911386,0.826058381659826
0.796455446,0.5455951237037981,0.8418811807392729,0.9746613485112668,0.8797729564741087,0.9054628715170028,0.9565486923838628,0.8899164769285081
0.922722772,0.6287623356041171,0.8774349427274186,1.0410695512753405,0.956356793264502,0.966017113516056,1.006914076645407,0.9703142318067228
0.932435644,0.6785858103957708,0.9670231609212964,1.1082141407858614,1.0155971544842266,0.992405129174767,1.0401039228243272,1.0072067902945891
1.010138614,0.7106623514227733,1.0163126391613062,1.145089559519832,1.086002538499426,1.061228021522486,1.0734307289445315,1.04418738218463
1.087841584,0.7456900438744476,1.0540217953639326,1.176401013534203,1.0702767638203308,1.106633910462492,1.1569000358645949,1.1020624508921466
1.136405941,0.8265724997047574,1.081104997639834,1.262741473776576,1.1479538562593916,1.1307778984921186,1.186495497464226,1.1431343012851742
1.194683168,0.8898164001934438,1.1437157281917647,1.3118432830920708,1.168575686794889,1.2268445106137549,1.308219180235613,1.2210645417225183
1.175257426,0.9615444171222364,1.1889044787151128,1.398723711331058,1.2769053338248826,1.2556991680444631,1.1922616076361896,1.2926565797009122
0.893584158,0.9999637122404348,1.3132976885263083,1.3595810938555533,1.2957600875012478,0.8389214022081639,0.8632453961610641,1.028063902713835
0.650762376,0.7852830630070429,1.162688557255011,1.0422658673299423,1.0466109036529194,0.6477088715055045,0.6391802666182254,0.7241553366155906
0.573059406,0.5137325284255312,0.8350453314832955,0.7874981983413839,0.7712156060428926,0.6055913557852866,0.6383297701395714,0.6199166182798724
0.563346535,0.3882687574409791,0.6504546104951315,0.7561938137891351,0.6551150005699415,0.6182108288334899,0.6470176552808621,0.6299587429432254
0.553633663,0.3883225504307562,0.6303106682461913,0.7621474422865422,0.691539819844739,0.6651404376013174,0.648545219733119,0.6634344636405782
0.475930693,0.3875665901115621,0.6465510882488071,0.763212266365345,0.6928632142457581,0.5195203982664502,0.5316396417512795,0.6101946184694463
0.37880198,0.3359670424152859,0.6598813727507863,0.6910261836094641,0.6581857955409836,0.3925804914821372,0.4030759931887709,0.4741591835726834
0.155405941,0.2206272172651232,0.5417869807713741,0.5622358030212287,0.502297512922364,0.248482116734713,0.2251800409758682,0.3299371083322042
0.126267327,0.0610594790088115,0.4044355216197202,0.3964350321124419,0.3873689089387563,0.1760102523306948,0.131583000101435,0.1730937367719984
0.009712871,-0.0808603850549418,0.2237248701674619,0.2688600232190219,0.238320962340097,0.0778322287857454,0.0541787626369484,0.1038984459773668
-0.038851485,-0.1789423764561842,0.1314952975511526,0.201167012782423,0.1449972616101895,0.0650753532165143,-0.0260625131732254,0.0283239081852791
-0.213683168,-0.2399019438095867,0.0630786563379151,0.1211482165972998,0.0520503923315902,-0.1518711270599235,-0.1864786560126324,-0.0624816886273304
-0.330237624,-0.3401288530357731,-0.0026320441752268,0.0212682736608747,-0.0056078080044503,-0.4490729078909697,-0.3969954301359473,-0.2784579452765546
-0.60219802,-0.56280651156598,-0.1857614790572383,-0.210841174992957,-0.2087572926955101,-0.4851164084137164,-0.4928549577704355,-0.4518117996174308
-0.641049505,-0.7162278037038825,-0.382866129472178,-0.3561907468914775,-0.3881610669318824,-0.5963050708754175,-0.5606067134329433,-0.5043682447408253
-0.747891089,-0.81728230763711,-0.4884050560734383,-0.4269101822258819,-0.468099218690517,-0.6431664835952814,-0.6456648587580013,-0.5804805411945596
-0.747891089,-0.8823914337866385,-0.5543615067301846,-0.4734592502467209,-0.5352150507986387,-0.7497053953964563,-0.7181297932163235,-0.6732342263914706
-0.825594059,-0.9710844362923052,-0.6281942541056686,-0.5812569676673983,-0.6109098989946146,-0.8102523311239633,-0.8142699370498936,-0.7353217826667924
-1.029564356,-1.042070411088173,-0.6977951719851918,-0.6444467589639267,-0.6815942000580745,-1.0166115002699023,-0.9590356369381846,-0.8727518164260482
-1.029564356,-1.1796523625180524,-0.8110958177675168,-0.7870443937916763,-0.8059231520129674,-1.0023346836731537,-0.9802058951955284,-0.9734523465980436
-1.20439604,-1.2697382390309415,-0.9596212088104172,-0.8777248082624935,-0.9142908152656216,-1.2042625209646456,-1.171425724095201,-1.0063327651504643
-1.301524752,-1.3427148143755403,-0.9717297831592748,-0.937759867156702,-0.9676138708503552,-1.3005750777062637,-1.2202401150988504,-1.2369268508359716
-1.175257426,-1.510007760530092,-1.1446243089393895,-1.1252813034626603,-1.157289822754212,-0.9108999562302772,-0.9369668457792968,-1.1208943018304018
-0.777029703,-1.477710937081271,-1.2144091167246738,-0.9974693591167494,-1.1083144862007763,-0.685399789440288,-0.6742572575984959,-0.8108314258937144
-0.689613861,-1.2264104751254257,-0.9346066160234868,-0.7241651211842952,-0.8198888986172186,-0.5385854771664302,-0.5649317020326222,-0.5923485730671272
-0.631336634,-1.0107639528384804,-0.6683379954440655,-0.4789795159806078,-0.6053377313847653,-0.6142055198206609,-0.6377538831963139,-0.5560971600898648
-0.864445545,-0.9308435979608848,-0.5582444997852155,-0.4681202097778831,-0.5258897074712123,-0.6679317903517638,-0.70177706584007,-0.6752553485895648
-0.767316832,-0.9998335514154808,-0.6372462210856477,-0.5733629914386806,-0.6169311200214772,-0.6996900574521172,-0.6870927840278046,-0.7030077319121261
-0.777029703,-1.0172640983225745,-0.6877838064353201,-0.5847359928542482,-0.6587110318224535,-0.6007680803041332,-0.6069412839368838,-0.6554710409735504
-0.52449505,-1.0057797781824087,-0.6846694431945723,-0.559703293648969,-0.6397011340954297,-0.5299489548500628,-0.502008838695996,-0.5691926952463456
-0.543920792,-0.9351862240379556,-0.6151977209744189,-0.4671116306107608,-0.5454258568861043,-0.368752504649903,-0.3671843089547241,-0.4285658405379776
-0.281673267,-0.8124838069397514,-0.509057380328606,-0.3292150604872983,-0.4230680414996178,-0.1856984204920033,-0.2085330457923695,-0.2810325480133775
-0.281673267,-0.663077365057162,-0.3599809051398344,-0.1905979354406175,-0.2508830328790377,-0.1373929732923828,-0.142058569608563,-0.1584905727427692
-0.155405941,-0.5208945210981866,-0.2091091312250947,-0.0570587382478259,-0.1532898067941799,-0.0707852070348007,-0.0842829239922333,-0.1109381281720843
-0.135980198,-0.4647154439745487,-0.1336427734821003,-0.0426524451159527,-0.1010216141060111,-0.0478991519822965,0.0565769143746465,-0.0320011654580202
0.087415842,-0.3616555490200294,-0.096448250705399,0.060252978867167,-0.0290773038370129,0.1306761000193349,0.1462313178312887,0.0908624662865217
0.106841584,-0.2442933385801192,0.0378400307383253,0.1704157158374155,0.1192300803881477,0.211682158881193,0.3082460443330671,0.1919465787684199
0.398227723,-0.1210354251323213,0.1265381594478111,0.2914768522565369,0.2283004208230198,0.4377962782888536,0.5004321951328904,0.387265917223921
0.475930693,0.0402124333518216,0.2893628812585298,0.4744366548998712,0.3743445577380917,0.567153882210514,0.6236465956138626,0.5477693534540103
0.641049505,0.2096431162493816,0.4831711758252922,0.6799997226680393,0.5586075959180338,0.7057655506847286,0.7286881848393448,0.6620268002304727
0.689613861,0.3269110391156709,0.6186294760324871,0.7589474902603937,0.687719757918686,0.8153826322205547,0.7933329897529451,0.7528173118495419
0.777029703,0.4324498782323956,0.7190998823724988,0.8740584544003953,0.7685466688434285,0.7826893215383752,0.8421037434675531,0.8022212844375061
0.806168317,0.4943535604743149,0.798448372012203,0.9142541342580076,0.8468009584556708,0.9861593809757916,0.9677278017035738,0.8743012227456274
0.971287129,0.561180899363927,0.8258473187509544,1.000550058689177,0.8949107451891254,0.9886264281936072,1.0351226119386248,0.9824580711739364
0.961574257,0.6765209566555427,0.9732546262897924,1.094769908205017,1.0249293619921214,1.100560494486242,1.064429769338557,1.0351836381076955
1.048990099,0.7387627515442247,1.0186006550886528,1.1603702885484697,1.056801415376744,1.027816975076674,1.0812510319910025,1.0616604623020964
1.029564356,0.7903086091032684,1.0579061857176886,1.2031704351260069,1.1047506007476855,1.171465273547524,1.1203161223716664,1.0872570471333682
1.126693069,0.8184995633356071,1.0806014116810982,1.2127484328170235,1.13637881695298,1.1227425762601944,1.157058222776823,1.1249979626141509
1.146118812,0.8595486307949343,1.1211656148058144,1.2574112122402654,1.1617360428681265,1.3126509012316383,1.279363356763341,1.1809180766460576
1.165544554,0.9177540800121532,1.145639358881664,1.297357402147318,1.218514459627896,1.2519078857865606,1.1851465564924784,1.3007024786651284
0.893584158,1.002687509245258,1.2712200324775746,1.410735568791781,1.302455072214256,0.8741592789636414,0.8595146960638306,1.0733090757559072
0.660475248,0.8445564356271426,1.2283469201673876,1.246648792261356,1.05827213099844,0.6667630829830569,0.6574251934086727,0.7370069811080101
0.505069307,0.5792778091021741,0.9001937037385104,0.9283239224874592,0.7983538595737285,0.5644104187634922,0.6415948759378133,0.6143596536708532
0.563346535,0.4050935793635883,0.676539520254905,0.7730546120276666,0.6634520683572259,0.6554584737015143,0.6311212399074477,0.6360688861157195
0.553633663,0.3718039119440935,0.6507202746573206,0.7587032348525451,0.6729870543747882,0.5918858428738343,0.6450267449147546,0.6469700463731295
0.495356436,0.3637647132331537,0.6456503851721376,0.7684742080951955,0.6966588770668897,0.5237970505273715,0.5017428088524817,0.6064703067961628
0.330237624,0.3375622998253859,0.6538057962116925,0.7342204029942272,0.6575798977658149,0.3342430948559101,0.3696558504671123,0.4546724210809081
0.174831683,0.2375840126085008,0.5384870219604522,0.5940851897011673,0.5009567254680095,0.2653163304730995,0.2581700328557957,0.3325557745629071
0.126267327,0.0866643648176633,0.3876078532885589,0.4655859736047199,0.3473986042672264,0.1663254903528537,0.1839923849229148,0.2068296190195268
-0.009712871,-0.016066563819089,0.2784439868678651,0.3445088977182747,0.2655486529977796,0.0362849870032776,0.0565218733277136,0.1588649051555873
-0.038851485,-0.112771528509999,0.1953570416748767,0.2653061907932126,0.16095216708663,-0.0251247671515717,-0.0170491451269757,0.008982878164312
-0.203970297,-0.2328975451895817,0.0810806679258383,0.1336720556997705,0.0614138863184767,-0.1816974460167615,-0.1815213643970414,-0.0337637664557635
-0.349663366,-0.3245787669545152,-0.0016160214858121,0.0640025874579522,-0.0235280528318895,-0.3754132561337802,-0.3844319200435326,-0.2341877343279488
-0.592485149,-0.493520364965666,-0.123570647753076,-0.0962142808101031,-0.225351865774618,-0.5677715312755696,-0.5035152824859856,-0.4225101563619183
-0.611910891,-0.691329518706692,-0.336625094213543,-0.2855124464584437,-0.3882519299371577,-0.5018874530558424,-0.578153717901611,-0.526547453814341
-0.709039604,-0.821707781570742,-0.4626243063771533,-0.4246260663462676,-0.5027067747101002,-0.6553560643072843,-0.6583912251799984,-0.5755776050791929
-0.835306931,-0.8876877014352896,-0.5459784174050365,-0.4718641104382223,-0.5866679887407171,-0.6948564985229886,-0.7468393103830341,-0.6926542343298671
-0.864445545,-0.9788678710476654,-0.6442154522650305,-0.5745617345215134,-0.6806314066900105,-0.7967067335257088,-0.80097452230388,-0.7332996735153158
-1.010138614,-1.0290826170166685,-0.722827481373896,-0.6173459009103907,-0.6951470873455465,-0.9694760880157276,-0.969968027296356,-0.849496334159277
-1.05870297,-1.1346063880914308,-0.7641573920371967,-0.7094435673165376,-0.819563146690947,-1.0174661170231551,-1.008781243491793,-0.9839837602445536
-1.194683168,-1.2685479102740136,-0.9131482682954012,-0.8712052098962981,-0.9309090567493667,-1.131981849042611,-1.1344477352456013,-1.0177023853205214
-1.320950495,-1.314194552895439,-0.9885603902330108,-0.9147888955528832,-1.0035047715411285,-1.1835976017529646,-1.206663762656479,-1.185715172472923
-1.233534653,-1.4708681441788205,-1.0692160150392689,-1.0763345653573984,-1.1333001507426417,-1.0413997850848111,-0.9693120751061558,-1.1594629190293342
-0.835306931,-1.4959605069217004,-1.212721065505285,-1.0812959927697985,-1.084832323249587,-0.6164115649484758,-0.6817261573962758,-0.8602843611351504
-0.689613861,-1.2892712263905317,-1.020000523147358,-0.8035461199460882,-0.8057817495640061,-0.5619733260368346,-0.5428014137468614,-0.6020051940261977
-0.60219802,-1.037710141588054,-0.7165591376545075,-0.5297009124754061,-0.5601834545973701,-0.5341139612457277,-0.6146303833708626,-0.53580144518461
-0.786742574,-0.8989653685710917,-0.5536082602305454,-0.4319637684570186,-0.5103521002269215,-0.7520800086521482,-0.7060520968510434,-0.6403195762674397
-0.815881188,-0.9474302287505252,-0.5764122204179195,-0.4917574678555346,-0.6152347395479306,-0.7484119700818782,-0.7121308068305903,-0.7029909939230526
-0.786742574,-1.015247045018292,-0.6810138863295876,-0.6110709846350653,-0.6626340996241977,-0.6541962501991373,-0.6165748525101765,-0.6829234872557148
-0.60219802,-1.0296303622417695,-0.7106521212308777,-0.598643928046036,-0.6174613272370828,-0.5415590629504216,-0.4801069130080051,-0.577270552085191
-0.543920792,-0.9404973243938788,-0.6298311278983594,-0.4721483141807989,-0.5126002976870377,-0.3532797657749741,-0.3530087448134493,-0.4371308935975816
-0.320524752,-0.8183285396753515,-0.5108659504628945,-0.344286414200861,-0.3476164602837313,-0.2999211011883274,-0.2399156178615723,-0.2993765525727824
-0.271960396,-0.68585802100793,-0.379977693466129,-0.2287750328867907,-0.2446554805143359,-0.1924300267939707,-0.172255582612518,-0.2033475391613219
-0.116554455,-0.5801723617932817,-0.2604137392084654,-0.1110110464068506,-0.1466187786338389,-0.1122578270270965,-0.0578348120713248,-0.121655516380195
-0.155405941,-0.4832674882187322,-0.1789270230915212,-0.0490254778054977,-0.0842805445324244,0.0557796907374559,0.0891801632452268,-0.0153698023820442
0.087415842,-0.3667351037574943,-0.0991010244925815,0.0620360372776923,0.0367375547142998,0.0957798458365774,0.1688371764197122,0.1086970010492762
0.116554455,-0.2292741743309553,0.0521253332749862,0.1866777801339013,0.1753302082917369,0.2797001215668898,0.2877084934064557,0.1833850680562291
0.388514851,-0.1475369950647395,0.133403532518293,0.270073892982009,0.2643394665324278,0.3950708057884421,0.4657786763476208,0.3513364125178419
0.446792079,-0.0107135348964217,0.2440733316829698,0.3848978095010779,0.4278206597013618,0.5742137883221287,0.6219677328295212,0.5259173252491459
0.650762376,0.1472584929319754,0.4215058667476603,0.5803131055056884,0.621333569461349,0.7047530368187966,0.7503716276881203,0.6332735168285649
0.67990099,0.2947802056810137,0.587598903866766,0.6972916044786905,0.7577824670389914,0.8135513794614497,0.847304758762722,0.7801573148399997
0.825594059,0.4492386372402756,0.6947253417348567,0.8486696202868818,0.8459362590337531,0.8917841013042938,0.8607588528763576,0.8419982667281254
0.815881188,0.5411573034006062,0.8303015616676678,0.946764948973064,0.904253587943282,0.9750262482441148,0.9793948731316852,0.8847022443176412
0.961574257,0.596726274049934,0.8433380691902521,0.9745626143286736,0.9930408983670224,1.044359501666136,1.012889957320212,0.9948015193547032
0.932435644,0.682184786280882,0.9474201405281424,1.072354334577658,1.03592316236603,1.0219955605501558,1.0444841655292962,0.9974709508600472
1.000425743,0.7276991386907014,0.9978464206301084,1.1230491507479254,1.0589495118882075,1.111276616260498,1.0760982593406747,1.041286390429173
1.029564356,0.7585436660219969,1.0386030817092229,1.1504031348216344,1.07896661154275,1.1111291233563945,1.1543265566216094,1.0748844919409408
1.155831683,0.7804990345158288,1.048823985498915,1.1874873689680578,1.1560174153866405,1.1657132928471463,1.195491514052583,1.150511721682703
1.136405941,0.8519282386295889,1.12305555828949,1.269928574144327,1.2009074384571807,1.3226248135976513,1.299158547976938,1.2037972389448914
1.214108911,0.926904293404898,1.1739399713287668,1.2909432030216768,1.2883947235549775,1.2004527592428058,1.1465880685995975,1.312141160847107
0.922722772,1.0172228650829116,1.280407774083699,1.409554954861003,1.2417555031711704,0.8476852679389556,0.8201820767239243,1.0524298716555578
0.592485149,0.8804440272276379,1.2479274498031514,1.2866297876952584,0.9085190231391804,0.5891476102963514,0.6302022208126666,0.7381113513455051
0.582772277,0.6013132723066198,0.9378635033633016,0.992089151932325,0.6951346329947014,0.6652881782074933,0.6636516919623571,0.6003500092155035
0.60219802,0.3998430509236824,0.6631649006671376,0.7608802886837479,0.66301975885868,0.585082028933434,0.6529224646959565,0.6728943282151156
0.553633663,0.3921044872096307,0.6409800617591102,0.7699238227707257,0.7048196192383394,0.6388196080759957,0.654209204567082,0.6518410823448246
0.505069307,0.3865776199799242,0.6690360288542484,0.784504468381615,0.6997434689528352,0.4792576313855684,0.5193047158937696,0.6369529358034578
0.407940594,0.3659939031416729,0.6548549690598188,0.776604580418138,0.5947016980367348,0.3475458702844978,0.3685082152114218,0.4892051619642967
0.106841584,0.2541261667593132,0.5922438257959309,0.6634509385078083,0.4339883535102831,0.1596297418594818,0.1964304240384698,0.3400102350876303
0.097128713,0.0876447877572192,0.4212445407486906,0.4749848968474369,0.298978666230878,0.143406404794704,0.1163530666713712,0.1778453875574147
-0.087415842,-0.0526208001097442,0.2684147962763796,0.3481552485934319,0.1967466772423255,0.0189915333216783,-0.0474889013935468,0.0905410290324545
-0.203970297,-0.1443645570690961,0.1587637265341543,0.225043009560865,0.0553739756438146,-0.1797248226797906,-0.1599251265653553,-0.0793919915785352
-0.349663366,-0.3000547444967075,0.029456702450955,0.0355679721122109,-0.0883235662129179,-0.2601288224902786,-0.343659397526028,-0.1441182262751067
-0.495356436,-0.4610736111316658,-0.1162277084327573,-0.0520025274036593,-0.2331324388237071,-0.5785478430720007,-0.5467558147422558,-0.3716617640465415
-0.767316832,-0.6216124173015751,-0.2395953241463395,-0.2193525881277578,-0.431185444093685,-0.5902403536351563,-0.6152820702207629,-0.5449796786475716
-0.670188119,-0.8145268662185218,-0.4641130394550153,-0.4116107797614817,-0.5495640529150846,-0.6828458640958729,-0.6659770124896689,-0.6364560762321483
-0.786742574,-0.9376944227049042,-0.5818305678000008,-0.5175249777242046,-0.6080192624874441,-0.7073763799477142,-0.7244174025440331,-0.65967399486229
-0.864445545,-0.9844235260945732,-0.6415194298793541,-0.528330036463875,-0.64001877128354,-0.7765936104796657,-0.7849595713713821,-0.7331703972959733
-0.932435644,-1.0423002354936914,-0.6757977891338369,-0.6193187949109222,-0.7204370195563422,-0.8642699304566616,-0.8729685032209692,-0.7943324060665868
-1.010138614,-1.1001436202711066,-0.7701973866226117,-0.6543801662113815,-0.7756293422389423,-0.8645065996946003,-0.8926590959116415,-0.871514053742302
-1.010138614,-1.173018904927939,-0.8292809546617409,-0.7505384293297065,-0.8402886428928976,-0.987857930404084,-1.0418509541524898,-0.8732505578250239
-1.320950495,-1.190890029778802,-0.8780604645626598,-0.7856815577989137,-0.903250520668314,-1.1211939649858884,-1.1538128972814128,-1.08469408976982
-1.155831683,-1.3183531528240953,-0.9245365352955156,-0.9135383710467854,-1.0892896417899491,-1.0355533448130354,-0.9275608290584142,-1.1225334158190416
-0.893584158,-1.4252774146188754,-1.1490490143764855,-1.0390827814839882,-1.011646785694012,-0.6636804487239716,-0.629265601800345,-0.8727595800471604
-0.543920792,-1.2987364301753153,-1.0381794903700257,-0.8462689381915077,-0.7743040371539552,-0.4879373577236111,-0.4432403024934183,-0.5767550749517615
-0.514782178,-1.0351466890033592,-0.7570897915184482,-0.5403261912710453,-0.4943623733760954,-0.4443797600079359,-0.439329894859666,-0.3996091329665518
-0.553633663,-0.8310353708866882,-0.4952610389539599,-0.3396457895871762,-0.3742021681328314,-0.511723962928224,-0.5151927454637198,-0.4111126268358214
-0.689613861,-0.7765092421247763,-0.4116336345303533,-0.3122457650804613,-0.3954643053915798,-0.5758378011085098,-0.5416768345016909,-0.4998382594141577
-0.543920792,-0.8211545202736913,-0.4449800818530116,-0.3757769846372887,-0.4997284571233176,-0.4686856190362551,-0.4781062806231932,-0.5196219583365554
-0.52449505,-0.8508659415443359,-0.5240246077313828,-0.4194984786936809,-0.4908551093908357,-0.4121235002250517,-0.3328842181997086,-0.4341801564919156
-0.359376238,-0.8042776248266059,-0.4956061666552673,-0.3589052063028622,-0.3562052016740438,-0.1921181035990782,-0.2002038314415011,-0.288147097650085
-0.262247525,-0.7045302027831315,-0.4027165905051358,-0.2440051402559276,-0.2205673665741249,-0.1992938388874977,-0.1213221891174579,-0.1652861531163846
-0.116554455,-0.5805412253068,-0.2410672917510339,-0.0912601372950536,-0.1362017910659779,-0.0560084841219212,-0.0432717069679006,-0.0913259251485976
-0.145693069,-0.4729883470809277,-0.1566131400570357,-0.026287327706867,-0.0487963729096819,-0.054153039957978,0.0136830286874465,-0.0289281156268775
0.087415842,-0.3857678154240602,-0.0629244351373527,0.0626596633958195,-0.0145868425925542,0.1359168861397111,0.1438335773696396,0.0320219251897721
-0.019425743,-0.3042022649179147,-0.0150159899437537,0.1165375974524389,0.1076264957568416,0.1332753392394551,0.229443347065258,0.1596378822506679
0.22339604,-0.196629042094551,0.0755284780030675,0.2228473421287959,0.2027542271548302,0.3310986382553179,0.3250782182697048,0.2618287385098702
0.262247525,-0.0996948258892604,0.1877345023936257,0.350774841898599,0.2959590229344628,0.4287264534925422,0.4519887373748136,0.333278435863106
0.52449505,-0.0065898419983624,0.2739001649936994,0.4262922456751023,0.4014229667422371,0.5455554583064307,0.5749057383154645,0.4739280465188002
0.495356436,0.1153502329866337,0.3875053982274806,0.5323842274793873,0.5329217985202089,0.643844597972082,0.6396809461086655,0.5841830988027665
0.631336634,0.2536254936653664,0.5078620497054314,0.6683037236294064,0.659387516242634,0.6052125703306458,0.627276808007705,0.63049901041669
0.543920792,0.3235555742098862,0.6128006655047108,0.7541639819110584,0.6740186255019476,0.6482816763333235,0.6396461204810259,0.6242081638332936
0.660475248,0.3489586710560933,0.6391605098455166,0.7582246092268489,0.6552703321978488,0.6798834454941542,0.6813821151939101,0.636690475385033
0.563346535,0.358826333094636,0.6359174809578111,0.7474592794845296,0.71449119069926,0.7385344729475252,0.7242241011824891,0.6791147743425006
0.67990099,0.3900195840787064,0.6688693955829748,0.788408989847645,0.7158470865692076,0.7215865493821841,0.768696110365643,0.7173661566134474
0.699326733,0.404587677450847,0.70357147901455,0.8183420535644439,0.7706168943087675,0.8291906737801591,0.8063969088259951,0.7502165764892549
0.728465347,0.4628832653914827,0.7453841787434987,0.8832386154521471,0.8228811037577863,0.7827091896825503,0.7911154344988938,0.8024621300600757
0.650762376,0.5175847710176561,0.7861327316113258,0.9136889638632548,0.8415637854502904,0.746148471145756,0.7770899865903955,0.7809304411813818
0.670188119,0.528750294741134,0.8092709455398751,0.9010089115274832,0.8090245102126477,0.7591238415079429,0.7879627388423767,0.7820537303608746
0.738178218,0.5122923167645496,0.7815887845649344,0.913113086680528,0.8135550556765023,0.7341355768050972,0.8176874941549934,0.7647279208561075
0.670188119,0.5061568404291974,0.7720488299205519,0.9077313466373677,0.8210619089747446,0.684822441411997,0.6677791283514369,0.8006828846938054
0.446792079,0.5323667318884044,0.8028115722392232,0.934248366984641,0.816180993605877,0.3674465296075671,0.4150786468524114,0.6225919174421544
0.262247525,0.4468866927573928,0.7818627486486868,0.7954239721207811,0.609632956112194,0.2302380836543439,0.2426467829000302,0.3851349822746268
0.194257426,0.2225931324126362,0.5464327463478584,0.524406407761923,0.3856897234080482,0.1329735080769095,0.1997022566092378,0.2337537092329461
0.145693069,0.0417770044611453,0.3342179835985755,0.3698004398446402,0.2569425279198182,0.2901050583821956,0.2924145429670299,0.2181665276215279
0.194257426,-0.0486555404200663,0.2203848883164982,0.3146717321385255,0.2705556023778798,0.2477010103029742,0.2640884960786374,0.2917076103003519
0.067990099,-0.0353891760544724,0.2409740215755012,0.3916505519532943,0.3097674368285327,0.1656936536879027,0.1406792575667022,0.2556931359084165
-0.009712871,-0.020353656055999,0.2868066239858233,0.3759928206363451,0.2735046160263126,0.0289546484698573,0.0589321881593752,0.1363208876307917
-0.126267327,-0.0968350728235166,0.2128726378695222,0.2746834351026469,0.1474904045725195,-0.0353954370197815,-0.0168814587094785,0.0475488032707424
-0.145693069,-0.1978706952919726,0.091353249549516,0.1752206209449644,0.0561559239896463,-0.0116942517881039,-0.0925366472791958,-0.0212419186205656
-0.22339604,-0.3075096857241034,0.0340481866921651,0.1159227118459843,-0.0079027471578741,-0.1091421225128196,-0.1462049535523084,-0.0952106492385999
-0.242821782,-0.3840501637308935,-0.0310026826756162,0.037937674508371,-0.0597348147445791,-0.1128628665918019,-0.1608901262968727,-0.1372716817961476
-0.291386139,-0.4334651854357045,-0.1095881650920872,-0.0293216008813611,-0.1031055699274628,-0.191545708141285,-0.2216721478731225,-0.1552102151697919
-0.330237624,-0.4484196733128071,-0.1475416623210956,-0.0427105192223226,-0.1343420685604416,-0.2369805239617588,-0.2703317555509333,-0.1916535759873233
-0.407940594,-0.5007987424537582,-0.171816045575168,-0.0777675136127279,-0.2074366205414861,-0.3478389513478356,-0.3569689993671124,-0.2652059852146668
-0.466217822,-0.5650079810892872,-0.2340143293502134,-0.1464317832718972,-0.2547987900627919,-0.4090705911124488,-0.4171665025940698,-0.344399592077434
-0.446792079,-0.6284985390589899,-0.2953701925777866,-0.1980761551563376,-0.3423408468900109,-0.379327231625866,-0.4128699702929546,-0.406545492129404
-0.485643564,-0.7062492501768585,-0.37481762846146,-0.2586769127621958,-0.3784796652140597,-0.4186959882072765,-0.4035835329429276,-0.383693292336782
-0.505069307,-0.7308381230186936,-0.3875445700812094,-0.2890862115466111,-0.3627319645495323,-0.4503599713602491,-0.5390268937168752,-0.3857807020596737
-0.709039604,-0.7200771450564732,-0.3932033229501704,-0.2791336987341037,-0.3854887170410195,-0.6282984860474303,-0.5582267723394725,-0.5374875022707446
-0.505069307,-0.7979207272319025,-0.4286710008155417,-0.3712104567322992,-0.5242152810455468,-0.3007709260903639,-0.3397292448433739,-0.5451021253824678
-0.369089109,-0.8889301515019119,-0.564858428810523,-0.4506282686101497,-0.4594508102324582,-0.3081778369541626,-0.228106288194323,-0.2986861978876696
-0.252534653,-0.7806919076648237,-0.4838032264361755,-0.2248386106786654,-0.230898924815135,-0.2226729141739385,-0.2186940504383814,-0.1946342549513524
-0.339950495,-0.6384091769870333,-0.283410843837707,-0.1165690085897863,-0.1553484507008275,-0.2626607727375134,-0.2336504965609345,-0.1813737474179032
-0.252534653,-0.5733465268247072,-0.2073988260952266,-0.0837931590332629,-0.1687472964063415,-0.2273318924126382,-0.1915782804826895,-0.2177005462617152
-0.339950495,-0.5588709721508405,-0.2169165443732728,-0.124572022336854,-0.1763080134155228,-0.1741652836145844,-0.122464201188335,-0.1777380286918608
-0.155405941,-0.5305298503537329,-0.2346516686742525,-0.0670524536778864,-0.1369245603666207,-0.0526244057678032,-0.048811938354421,-0.107317963192111
-0.203970297,-0.4853185690402813,-0.1695483248380216,-0.0432545651722967,-0.0358409799803354,-0.0186214557792676,-0.0440650062898403,-0.0293647411737172
-0.087415842,-0.4167153507584601,-0.0944530691932996,0.0572411561665879,-0.0374894781756728,-0.1018620553892981,-0.0608154634885681,-0.0322894232048401
-0.165118812,-0.3490207775866795,-0.0400147960271645,0.0545803456933258,-0.0291270324081496,-0.021443834461066,-0.0270252681896318,-0.0498482123930182
-0.048564356,-0.3639392951478835,-0.0499080171165716,0.0552170882193678,-0.0207926042332664,-0.0059614655403936,0.0395104622639184,-0.0258780639313434
-0.048564356,-0.3458560385693517,-0.0598230735909832,0.060468709761384,0.0350282970330232,0.0845439636982703,0.0975134293074976,0.0495494289072636
0.048564356,-0.2811407161614944,-0.01267218708034,0.1231205592592216,0.1104570115099656,0.1240916204547622,0.1303624832969632,0.1062459175673134
0.009712871,-0.2126646060209111,0.0696284823628623,0.1933880494431914,0.1768895938652245,0.1049370366405658,0.1519494000883955,0.1295665030848406
0.184544554,-0.1838387018701371,0.1121833502567784,0.2292949127480541,0.1648154707573235,0.2450712644700958,0.1965937967354426,0.1502869497392589
0.087415842,-0.1693283825316235,0.133906262299379,0.2513914224361801,0.1936397458300564,0.2303346209103917,0.243992394992292,0.1928455021734159
0.22339604,-0.1376403218673067,0.1613853082181977,0.2748081216703447,0.25273652063519,0.30785556378169,0.2763207830893448,0.2555995490901117
0.145693069,-0.0769156926289512,0.1999977049352101,0.3238964060631936,0.3009093878158135,0.2461249025497354,0.2760480117548279,0.2823732347729557
0.262247525,-0.0347309736808747,0.2673784533641243,0.3658308941209038,0.3052202555181669,0.3741869044803961,0.3013293065053926,0.2920588990445232
0.184544554,0.0145982160531673,0.2843066144314504,0.3858413057515673,0.3146174458370572,0.2281982660900083,0.2974564397142915,0.2979033725376242
0.252534653,0.0117996801599335,0.2860320168877875,0.4083167376063479,0.3454909125822384,0.2867513706913148,0.3192029826080984,0.3071943603299489
0.184544554,-0.0001807138531343,0.2950565251832582,0.410819373428139,0.3335777667439441,0.2955298745756253,0.3385741923940444,0.3402003448821646
0.369089109,0.030376468031881,0.3119687572642337,0.4290075931511727,0.3507817033044718,0.3310615610902295,0.3711119362367981,0.3533056592265167
0.233108911,0.0204244770442204,0.3395517078361443,0.4288856776487444,0.3652945043247724,0.3330545503538024,0.3231479017427691,0.3721427394458914
0.22339604,0.0457505377474077,0.3539693959312678,0.4824723366230367,0.4115871853890834,0.213796375428369,0.2674073604747543,0.3397370095897327
0.135980198,0.0532934565148349,0.3800409422933957,0.4700152088903755,0.3429624103656851,0.2205115645911573,0.2404911184131707,0.2680945443826797
0.165118812,-0.0098120079543175,0.3118360293443346,0.4072725203172215,0.3035521591080913,0.205189741633459,0.2331604012343319,0.2437739436507343
0.145693069,-0.0446820347284991,0.2641466046943767,0.3523842179761833,0.2800817442208266,0.1782795770196117,0.2065088273307511,0.2500464644163106
0.087415842,-0.0527650579240453,0.2520590355305244,0.3497637285168142,0.2727283214530395,0.1411395051804835,0.1715975844007667,0.2164079831087342
0.087415842,-0.060612509428975,0.2247047333689939,0.3378001816225963,0.2475099373335925,0.1073832163987999,0.10600377501417,0.1746268316201515
-0.019425743,-0.0883894983546936,0.2061909375217012,0.3194203278837392,0.2302880449260733,0.0191309632913234,0.0481936232111533,0.1109552288260147
-0.009712871,-0.1361587123658212,0.1594654474443756,0.2528738917136339,0.1452506726462023,-0.0184629018903885,0.0208213010856272,0.0564473829192689
-0.135980198,-0.2062311993739058,0.0933288146594617,0.1939793158668723,0.0846256332593607,0.0402798465669947,0.0030400975961627,0.0160083527835576
-0.038851485,-0.2534925159303652,0.042494490105951,0.1515004074885736,0.0465392266538885,-0.077400377283085,-0.038562189136301,0.0007299334622905
-0.135980198,-0.2786999912765368,0.0152704884916722,0.1092417103840916,0.0113267685522282,0.0414763636839969,-0.0453649549128924,-0.0202780643822487
-0.058277228,-0.3188255202297926,-0.0153664777091914,0.0929052242303077,0.0025050321426774,-0.0949910092667255,-0.0382648181966943,-0.0255068667513464
-0.174831683,-0.3325083240589213,-0.0365189026193457,0.0725653073410508,0.0124404343627424,-0.0174606363812783,-0.0831529806037012,-0.037378916154288
-0.165118812,-0.3070816159473057,-0.02222845054792,0.0688605662400505,-0.0199441491791989,-0.1059564699570831,-0.1083938936048235,-0.0782760547272282
-0.213683168,-0.3435624890687708,-0.0462379893214652,0.0748073170107259,-0.0502972156400213,-0.0142520143514406,-0.0681358661635655,-0.0856905933004682
-0.126267327,-0.3950686165405092,-0.0865893323417696,0.0119083346506333,-0.0552496472111614,-0.0254186302117635,-0.0042373863373764,-0.0700596673219413
-0.126267327,-0.4096043297846259,-0.0996320241997733,0.0123621314295154,-0.0250641929272232,0.1127944570157409,0.0649128803181081,-0.0127393051827152
-0.029138614,-0.3612079827163041,-0.0488803561283076,0.0426824887110647,0.0563789185794173,0.1015313689728022,0.0982721875534347,0.0526927415568847
0.0,-0.2868321007913825,0.0018258803735282,0.118908630756907,0.13232340233084,0.0946041867266539,0.0685108123520275,0.0935447883205321
0.0,-0.2438755056515896,0.0762495937908429,0.1843009086862928,0.1229065411455321,0.1004135967152784,0.0612957933450511,0.0647080094015564
0.0,-0.1989069893117132,0.0958603786244038,0.1950640791354182,0.0892284325249365,0.0023808536955182,0.0757299951529892,0.0666273601657851
0.019425743,-0.2264911379852073,0.0684188920127006,0.1598303000317956,0.1077161981383762,0.0746070748244069,0.0694649511909225,0.0925134788972133
0.019425743,-0.2215662562966423,0.0618236100899369,0.1684431253022527,0.1310299503761798,0.0473832710012819,0.0893009071497376,0.0809967426649479
-0.038851485,-0.2202903893845997,0.0819458809156119,0.1931497277751151,0.1202047564404376,0.0672120988512529,0.0957268493315833,0.0863060653684727
0.048564356,-0.2062593988305772,0.0656829249437459,0.1913674063653185,0.1058868861049581,0.0645502599911458,0.0627832875151387,0.0937176287271751
-0.087415842,-0.1995169827607427,0.0816450937999417,0.1953907371687056,0.1005741781520356,0.006677269984325,0.0408886706612308,0.0846732523892328
0.009712871,-0.2102157693521406,0.0852841620387495,0.2133219912693417,0.0744434846375342,0.0379551515409719,0.0488955571725329,0.056469887289874
-0.097128713,-0.2280592432466184,0.0650804042852759,0.1759378956025208,0.0931444765698617,0.0213846955263244,0.0699082914204961,0.0547554453412709
0.067990099,-0.2335021915727763,0.0431669168011667,0.1581884004530576,0.0835532867659083,0.0771818178110609,0.0809994692836265,0.0675830768148744
-0.058277228,-0.2437214644501838,0.0606857024118241,0.1603896914623742,0.091194001828723,-0.0017097420380299,0.0675841092352053,0.0628183568399586
0.048564356,-0.2208134706755246,0.0797536867145268,0.1666630230430127,0.1080395600080428,0.0825791929717251,0.0599635582130001,0.076628608856649
-0.097128713,-0.209016210329777,0.0800487816691242,0.1824176393466162,0.1134052759482162,-0.0376619442524698,0.0560299425966149,0.0737171992686385
0.048564356,-0.1986284887107394,0.0724963738213405,0.1815005157428534,0.0703315664656015,0.1127027220114871,0.0550889858703437,0.0581929949052922
-0.067990099,-0.2210016259178349,0.0604432762268766,0.1764504661857815,0.091689271431253,0.0720646494072631,0.0599607894791952,0.0590637618141288
0.029138614,-0.1946245745747268,0.0619466718633186,0.1702224016298847,0.1047294839816346,0.0836751985521287,0.0531446432321541,0.0707328306588935
-0.106841584,-0.2101752215329432,0.0640750789226905,0.1691315596790485,0.1239005447564066,0.0630348655473181,0.057329963724742,0.0806921542499282
-0.048564356,-0.2282972103692026,0.0772595602891203,0.1888696826293817,0.1040281911408767,0.0416246388207064,0.0599210406976778,0.063400203359678
-0.048564356,-0.235878081456892,0.0693299030035017,0.1729558089074489,0.1109409132334231,0.0838051484609975,0.0538192191287022,0.0611522026189897
0.029138614,-0.2239806366923011,0.0693682478362847,0.1829972618590063,0.0722017864181671,0.0642636818313525,0.0738007157352552,0.064350975479237
-0.07770297,-0.2315339301897706,0.0562889501781087,0.1645192531241638,0.0953369961053324,0.0804272884976738,0.0739637325931899,0.0559349811141381
-0.009712871,-0.2330859822305803,0.0715187748996218,0.1676905757642044,0.0905937127006898,0.0745024198124543,0.0673049286078795,0.0695900208488594
-0.07770297,-0.2021187644721911,0.0823035976595484,0.1701761427060762,0.1270756983341431,0.1052282327017223,0.0721207950202002,0.0641859945563848
0.009712871,-0.2181617034254511,0.0634513089991602,0.1795099003361444,0.0931882540995042,0.0678645663927862,0.0854158656490695,0.0681316956375686
-0.029138614,-0.2199144223130305,0.0736686619302031,0.1627282688081656,0.1059691012681283,0.0962873142650699,0.065973750983466,0.0709061055982455
0.0,-0.2373157468834406,0.0673065147423494,0.1849263908548024,0.1010650462599593,0.1070864949175834,0.0708114503465804,0.068639685410731
-0.038851485,-0.2055371468324314,0.0713165755493484,0.1928687417241913,0.1204063577161267,-0.0026324461453308,0.0561611895959826,0.0872139152245005
-0.048564356,-0.2201570939668987,0.0810190032585695,0.1869152509183957,0.0936280600065236,0.1002867773454774,0.0595822877669316,0.0591008788023678
0.029138614,-0.2461060148474061,0.0630290167607714,0.1828893232963046,0.1148194763542816,-0.024130542141814,0.0621637921479723,0.0675375448724409
-0.087415842,-0.2392374801233606,0.0719108280141351,0.1691976660508858,0.1046205966248917,0.0900908747055748,0.061835485227248,0.0633520105832733
0.029138614,-0.2337002198045099,0.0713366862274993,0.1767362472939783,0.1030449370078175,0.0037275933476873,0.0696223024923834,0.0753898205712983
-0.058277228,-0.2321458016448664,0.056191967523579,0.1720466042130887,0.101069131816581,0.0677782989833176,0.0635831638536717,0.0760567771333968
0.009712871,-0.2292269219986909,0.0753999895118796,0.1746903930652236,0.0950958550000724,0.0327723251499017,0.05808626955784,0.0679645160966172
-0.058277228,-0.2242235252845805,0.060085339644448,0.1947875507644405,0.0961898624800938,0.0582834474807301,0.0743587243863192,0.066019216175673
0.087415842,-0.2066093282784038,0.0738909843415089,0.1670907937560428,0.0886483138782734,0.0204646126599043,0.075121419069283,0.0759675792309763
