11,00,01,03,04,05,06,07
-0.029138614,-0.1980167895554364,0.05142274630662778,0.16601352682027304,0.10463092399656465,0.10005116133732872,0.062457993731964846,0.138911133
0.038851485,-0.2422219748370691,0.049132321281138897,0.1736486773390278,0.1218346925484225,0.0718761254324619,0.05732125306130435,0.150736542
-0.038851485,-0.22547950218943089,0.06391849408379453,0.16851676520392292,0.09280812824309549,0.0927018034632854,0.07010520115894489,0.16615448
0.029138614,-0.2268497648952113,0.05311503419990346,0.19046402571457857,0.1022494048393007,0.07513207436059124,0.06879201667278285,0.17663269
0.048564356,-0.21830947822583327,0.05751733324469419,0.17341136170606533,0.08978721071680677,0.08728504420498659,0.07125289389909303,0.166304169
-0.067990099,-0.21131763373707907,0.0602073597748116,0.17706318231339052,0.09754768666502292,0.004959377222018055,0.06057590162132558,0.173489227
0.009712871,-0.23610014714437394,0.05309373596893076,0.17432085801528988,0.11499134352888665,0.1090838752924098,0.06554219328436275,0.158370667
-0.019425743,-0.2079491729559786,0.05777345332648634,0.18204853561113551,0.11609842683239284,0.014957541224781528,0.06379142479883827,0.164507904
-0.038851485,-0.21805018023954637,0.05817157722306792,0.1669454718043258,0.09552798097722741,0.09525157789643092,0.06907177260679198,0.161214752
-0.058277228,-0.22985420690928932,0.050399033048168555,0.16652070505972685,0.10423536710660918,0.018549431672417658,0.0687078384662988,0.158220978
0.038851485,-0.22007816507518918,0.059764566558791005,0.19185501727739981,0.08943319421781548,0.10036726813720108,0.05910750954692916,0.158819733
-0.048564356,-0.16580108304679797,0.09016510573964943,0.2217062432291643,0.12096885562277644,0.028946239638550173,0.06389292917380196,0.148042145
0.038851485,-0.07665581429902277,0.22286628080396734,0.34525918463865507,0.21051886399970368,0.03198442488322016,0.06251876265242594,0.155825958
-0.126267327,0.07511533839508855,0.40352998579016675,0.5280551611007128,0.36980418519969843,0.11208880219824728,0.05776422514517531,0.214653626
0.145693069,0.22338792308756225,0.4840997399129064,0.6055703389718683,0.498969484516423,0.17197427469622067,0.08145884832348248,0.362097015
0.262247525,0.16517131027628396,0.4264232605513928,0.5633160451821746,0.49102678939587985,0.34262271916705506,0.15078361257177464,0.507594452
0.446792079,0.011120006762455453,0.273082347036716,0.4153312560309187,0.3696695894575361,0.43564248294235886,0.3252625693988677,0.572559357
0.330237624,-0.08509923263893,0.1561328926345872,0.2808772417461013,0.2610761090790814,0.47006089124607847,0.4749631509374771,0.516126709
0.310811881,-0.14018380989680723,0.15749393587876429,0.26976655835217844,0.18721353969891,0.30963798642282964,0.4823120038997572,0.355510712
0.019425743,-0.08377929657688418,0.20871654391697436,0.33573326481425225,0.23383853841850905,0.180032667353153,0.35894171522313945,0.245339813
0.087415842,-0.12939882072584735,0.15428636606221768,0.2922955623084012,0.24636708067630372,0.1421794836552688,0.20508628946278132,0.289797363
0.097128713,-0.2318800762742451,0.017741845139901836,0.1467277485404399,0.12967125584234754,0.23917017231643806,0.13516686304105707,0.338745575
0.155405941,-0.4591731335930332,-0.1776566510140146,-0.030584454321593416,-0.04002779469068271,0.1931615594351729,0.1976675465155646,0.269739075
-0.029138614,-0.5111463970490391,-0.22589538258119496,-0.07116161518657593,-0.14713721036695948,0.005995726108321964,0.21123535302395863,0.0889151
-0.135980198,-0.566807531142299,-0.27656323194971966,-0.13235789899827485,-0.1769379178893584,-0.07840551269190835,0.10127781001335341,-0.055684204
-0.339950495,-0.6370112747611694,-0.3539676277327118,-0.23983803415780122,-0.26277910263243714,-0.2269037608658582,-0.07335209132153861,-0.139809265
-0.349663366,-0.7291328068797778,-0.37829720439369413,-0.2301855379068039,-0.3275677566147727,-0.18915350665756875,-0.20144020382697533,-0.1977388
-0.388514851,-0.6453141239689196,-0.3032800519208863,-0.18697527565720182,-0.295608667216683,-0.3611458860556387,-0.24295243601147437,-0.247136078
-0.514782178,-0.5425742755927004,-0.2547222203163882,-0.11797381382104853,-0.2126710851875446,-0.3224682595291795,-0.3206407528235984,-0.275427246
-0.369089109,-0.5828927696767005,-0.3020523996776802,-0.15433912779563833,-0.21629378136917204,-0.3311529931138453,-0.38425658737411705,-0.186512146
-0.330237624,-0.7179663594654869,-0.4020479176942522,-0.2543618520665576,-0.3210835114465932,-0.2706994851747512,-0.3524927879309859,-0.145198059
-0.271960396,-0.7595795571618064,-0.47095255587295326,-0.3233625643573029,-0.40340919200994274,-0.3017312894816822,-0.24777072629344854,-0.208516388
-0.427366337,-0.7754462343460141,-0.44921990431605546,-0.30844008836903586,-0.4231908826626316,-0.4552984259531408,-0.2537333869393598,-0.29488678
-0.475930693,-0.6512820407195428,-0.31187023728313445,-0.19758711313548943,-0.3572490826179954,-0.4705631180780216,-0.3611784667111979,-0.377814331
-0.563346535,-0.5694909140595599,-0.24179599175121505,-0.10187066168114312,-0.2374357806022441,-0.48964793719853594,-0.4557324051897563,-0.315843201
-0.388514851,-0.5631641271202467,-0.24481361449734007,-0.12018102833140769,-0.17501558784039473,-0.32242227824977715,-0.4649110794556816,-0.191302185
-0.330237624,-0.6685770256324203,-0.33743984192083243,-0.21494842072906614,-0.21981321968116022,-0.2719725254952805,-0.365895390571556,-0.133971405
-0.233108911,-0.6718604649244688,-0.3343232486606066,-0.19707249347038588,-0.30506418403477736,-0.2212240693846527,-0.25908245514476386,-0.147144013
-0.427366337,-0.5511604648624995,-0.2491567946456058,-0.13218956720425845,-0.2573873408231329,-0.38887505627857755,-0.22062183557664414,-0.244441681
-0.359376238,-0.44288549441297387,-0.11012509390494032,-0.008595451405861045,-0.12747867561820347,-0.3392386733232243,-0.2978127727882627,-0.223185883
-0.437079208,-0.31540655631757175,-0.019181106679841322,0.1129562260326253,-0.01589126423287004,-0.25911762805141825,-0.347899236844782,-0.093705139
-0.106841584,-0.2251670703092893,0.06534105885316226,0.18646532305804386,0.0666972488701976,-0.09121543480345105,-0.287390051261815,0.014968872
-0.165118812,-0.18049153882571606,0.1072457841062676,0.21090820581767472,0.13582276952379338,0.053453354226829466,-0.1501608929482083,0.116607513
-0.009712871,-0.11306533580606459,0.16761400823852346,0.2976458833049811,0.14084625380648771,0.061127034076684364,-0.0402310536486372,0.175435181
-0.067990099,-0.029891819062426394,0.2667692711006277,0.41111064180728935,0.25761799811333264,0.16285068841875805,0.03959183244504819,0.194595337
0.116554455,0.095355692014364,0.3955333470896826,0.5709400669721226,0.3563877931256536,0.18361374114474235,0.08962656970460162,0.295485535
0.106841584,0.27202396663990797,0.5535215361929389,0.7245465838801355,0.47749951507053284,0.31405039901397364,0.1519415279873163,0.383652191
0.310811881,0.39006044176183363,0.6669605936538138,0.796848928878355,0.6554513395220505,0.3982014821885183,0.24479552648532607,0.523611145
0.437079208,0.3882367028777046,0.6999777980393228,0.8260119239776262,0.7445928689336891,0.625590014724842,0.35359599820389,0.693956909
0.592485149,0.40835289630841043,0.685889180039621,0.8496775753224234,0.7319174899135755,0.6649292802712605,0.5142707004467986,0.802181854
0.534207921,0.49117111082523635,0.7794864742200351,0.9712367073123831,0.726616888679533,0.7202255217261254,0.6580833723357463,0.773291931
0.592485149,0.6567801702258215,0.9648464047282421,1.1601013676702383,0.9047263785956264,0.7108214721057925,0.7026845315412882,0.833915863
0.60219802,0.7721181012502676,1.0841044994835451,1.250488371927484,1.0963896490593412,0.7887834983720542,0.7049695544660293,0.907562714
0.854732673,0.9065710038819289,1.1675708377077052,1.318276239738844,1.1783583109416302,1.0234583107322064,0.7511027145958746,1.135388947
0.90329703,0.8711007836211033,1.1577349047545513,1.186071439072041,1.2311697987765156,1.051767717967014,0.9261901630517112,1.231938171
1.029564356,0.6829138266857753,0.9094347066039256,0.9339464997566953,1.120222720400876,1.2125757893531897,1.087733443096436,1.303788757
1.107267327,0.46780599313164983,0.6808634794204891,0.7945282223294897,0.8644912484300352,1.099093026243147,1.163362179544392,1.202150116
0.90329703,0.4138522898047831,0.6553733623344569,0.8049814221753625,0.7108578195779387,0.9153258289083012,1.2086981923340199,0.949625244
0.621623762,0.40367612586263485,0.6756380983330723,0.8088792650848277,0.7089367349980247,0.621077092628721,1.0014623810878227,0.786614227
0.534207921,0.44517930161898395,0.6924138171707542,0.8109121590080899,0.7143172356034228,0.6776597391711732,0.7386486360338762,0.784817963
0.621623762,0.36420048640862057,0.6258887133688398,0.6504691668054275,0.7305900783432173,0.6339528996425857,0.6658767112607851,0.766855316
0.543920792,0.21182264490979422,0.4667803107868828,0.5602531305520467,0.5877592725806845,0.7160300210600092,0.6745274898906963,0.803379364
0.621623762,0.10688618794739525,0.3689553497489677,0.4155960458018822,0.4667395280561301,0.62946781505842,0.6959262454629699,0.685574341
0.369089109,-0.04427245780413479,0.22187483943540617,0.34420057133137943,0.3510902908737915,0.4420783254270543,0.6749366247390007,0.579744415
0.320524752,-0.05459932286446414,0.2017508757253765,0.28319985282973237,0.28092281164097105,0.38123409917567785,0.5093915647918774,0.413589935
0.155405941,-0.21020867060644047,0.06684703820861795,0.08857158662053458,0.1992047013521187,0.194927837766884,0.42063733201399106,0.329165497
0.213683168,-0.3757088308171487,-0.12071222798247153,-0.056020522412800346,0.029749323128170916,0.22423452483158374,0.2507660859114277,0.27961853
0.029138614,-0.545599236085141,-0.25423657632514235,-0.15537407880722576,-0.08418015522821479,0.006591640236016733,0.22334698616987925,0.125588837
-0.097128713,-0.6808566083735869,-0.41809681628853357,-0.34525920270717836,-0.2208220679901364,-0.08048466378161918,0.10947479817153068,-0.034578094
-0.37880198,-0.8996698676930377,-0.5557954686468065,-0.47055625991188027,-0.42772567572413445,-0.23608188993815926,-0.08398633947464339,-0.173638916
-0.417653465,-0.9912104747339285,-0.7032624573951887,-0.6592998295480761,-0.5481246297879763,-0.41595416032227983,-0.19557358401913785,-0.35341507
-0.670188119,-1.1950889512743288,-0.8974765289789183,-0.803340403954891,-0.7051853056251941,-0.5330541415827749,-0.37397339877667113,-0.497565308
-0.709039604,-1.2926304756670242,-0.9948841303653831,-0.9236701342908353,-0.8687840726238224,-0.7387615435080114,-0.5279237144952728,-0.678389282
-0.951861386,-1.4370989212498995,-1.1267135964305381,-1.0333318802091176,-0.9764339943924587,-0.8835248242389001,-0.6592993247831783,-0.82493454
-1.029564356,-1.5377803812908126,-1.2344891567985385,-1.1713743790637376,-1.094473701178404,-1.115832476355014,-0.8576166809788193,-0.936302948
-1.146118812,-1.7644928173086596,-1.446327596079921,-1.3815560991255607,-1.2286695593921766,-1.115500435605418,-0.9797243079367679,-1.052611084
-1.311237624,-1.8786992334413473,-1.5314850999963323,-1.3908907716734809,-1.4141722822912957,-1.3675157587794946,-1.0956011597654547,-1.203048248
-1.466643564,-1.5679665211756832,-1.2723936514979464,-1.0772444735361115,-1.4128383977087624,-1.4564560780791806,-1.2029548510194719,-1.416654053
-1.524920792,-1.3579513157445757,-0.9513842625686122,-0.8070896452576447,-1.1175313441763992,-1.5697847803715697,-1.3985309363960934,-1.364113312
-1.35980198,-1.232478518372923,-0.8853755349125537,-0.7909201924369157,-0.8792220004404695,-1.2101678892615209,-1.547583220498843,-1.043180695
-1.05870297,-1.312661273463333,-0.9804218991268336,-0.9220196886321863,-0.8531960002509918,-0.9284918777802789,-1.3330870195935325,-0.825982361
-0.883871287,-1.4097807755387235,-1.09901336293971,-1.0004187611028126,-0.9835006159734091,-0.981637892789472,-0.9929750807736698,-0.8108638
-1.029564356,-1.4615939321958817,-1.126522612064715,-1.0040295869885145,-1.0548214380751673,-1.0390624290391122,-0.8784341740960986,-0.903371429
-1.136405941,-1.3348048555164875,-1.0229609653661698,-0.7962769513005516,-1.0381556601948074,-1.2173313292578463,-0.9599774039129805,-1.010249176
-1.243247525,-1.2066456083358101,-0.8096458059744522,-0.608606636267607,-0.8775715537058991,-1.127678681647529,-1.0794382025669722,-1.019380188
-1.068415842,-0.8949996646787882,-0.5950448793741346,-0.3962446098526018,-0.7044183153246844,-1.0764474175906353,-1.134565913615238,-0.863105164
-0.893584158,-0.763530026337865,-0.4285243049753543,-0.28290152995370405,-0.4872285734532202,-0.6939272549625295,-1.044885151524358,-0.627495117
-0.709039604,-0.652629434108394,-0.3423914313697012,-0.1705411804482795,-0.3582687283886879,-0.5474306247632531,-0.8431601815557541,-0.446222076
-0.534207921,-0.567144579616857,-0.22318159365040025,-0.04009983863793703,-0.2607867077353986,-0.37225608250107006,-0.6183156542626468,-0.302221527
-0.37880198,-0.32139597373902107,-0.014149438251129479,0.18727448779701716,-0.11979196789064543,-0.2795388492255046,-0.4559376358435877,-0.193397827
-0.427366337,-0.13648980350516535,0.15226222595893138,0.2947034229518782,0.08873288107572183,-0.13630458814503887,-0.3547127790714837,-0.037721558
-0.038851485,-0.013274977757313249,0.2683453195065328,0.4372693834459242,0.2120627455772074,0.07228059142421797,-0.24948006110357523,0.158220978
0.038851485,0.1701994041758517,0.4767448971142167,0.6617178907974615,0.36476741181017164,0.2046761661891028,-0.025734070704470764,0.285157013
0.281673267,0.4527111841916381,0.7429307238188558,0.9379719286115348,0.5760217975748312,0.32926079624603005,0.14621537312200236,0.44577301
0.359376238,0.7258289977052312,0.9636203166608551,1.1186404639622516,0.8644033718015309,0.5404887494123487,0.24325684506574777,0.687370606
0.611910891,0.8700007326276322,1.1689123051199177,1.4175849656851949,1.0586202053840157,0.873576020684163,0.4818482054606308,0.950822754
0.777029703,1.3008696981369001,1.5644281590082736,1.7534386268793274,1.3041529816868662,1.0087594342749735,0.7343526841447726,1.113085327
1.048990099,1.3632833548452965,1.6723528877661993,1.8074204288999665,1.6102414608571436,1.3523455077943223,0.9756990627051003,1.451980591
1.252960396,1.5064159118028477,1.7559374174940237,1.921688850853089,1.7042617604557295,1.6293118807345706,1.1453500835585368,1.725312195
1.563772277,1.5421515410575535,1.8273528582896228,1.9461743181137812,1.7694581937597396,1.7486189151566316,1.5474269700628276,1.790875854
1.602623762,1.573944161479726,1.8420925097300254,2.0007758576792276,1.8620212598311643,1.8060086973607106,1.6900080562242625,1.919009399
1.796881188,1.656938341993487,1.96120727241794,2.1337464623193676,1.8742134303404854,1.8220114016822868,1.7523108261194251,1.927841034
1.66090099,1.9237032645543615,2.13052580199617,2.252031248951258,2.0524833638455804,1.8896735965027156,1.8459376981158808,2.007325745
1.923148515,1.7433243764014075,1.9451938794585122,2.030376475471383,2.1267650429723948,2.0272741949474553,1.8532293993791185,2.141895905
2.020277228,1.4130344347837516,1.6567088799896894,1.7729462846196016,1.8944200981241508,2.128668505679005,1.9556168280986685,2.190245361
1.864871287,1.2877437610018712,1.5278850946055946,1.6448782518252014,1.6330721550169371,1.8637775597242099,2.1404921906410217,1.942959595
1.544346535,1.1899861892131,1.4275656362094569,1.5489897105821975,1.5378399860530472,1.683258693569862,2.0034179829641903,1.674268341
1.398653465,1.1016934826491294,1.3507351994096872,1.4759156990073428,1.4541145104877387,1.4908655847948995,1.6781100995510432,1.597927094
1.35980198,0.894831444297903,1.1885095387389117,1.2965160321149816,1.3696054732220335,1.450397916118233,1.5528837661871124,1.496438141
1.262673267,0.701501798870399,0.9076373792990152,1.016317760955935,1.1434508293787704,1.311844034891331,1.4502748623292652,1.401834869
1.116980198,0.47779561727172354,0.7369249772248003,0.8610365299515407,0.9057764034961455,1.1192724321945668,1.362956186651768,1.197060699
0.738178218,0.40749577222731975,0.6060927123724973,0.7156039321540336,0.7650101326513796,0.8504825652169961,1.2317537471834947,0.939296722
0.650762376,0.20317037370071184,0.49565379605405524,0.6167319926412739,0.6199058762842489,0.6598354395066052,0.9255288413195485,0.798739014
0.45650495,0.030323177585490257,0.24345421256960878,0.34698461042222883,0.4991245393020414,0.6338550973013354,0.7606072862916542,0.694256287
0.398227723,-0.23693392678753705,0.0656719256596964,0.15637896530686346,0.23323217144700367,0.38354604583527063,0.6247709052238413,0.521365814
0.116554455,-0.48172053296510103,-0.23253468473427416,-0.15851979483221118,0.07545182591036419,0.2245104208685437,0.4899681054707673,0.297281799
0.048564356,-0.7610043083818987,-0.4447425936371155,-0.338673959040983,-0.23022467846787922,-0.02117469305958706,0.25546178137862263,0.064815216
-0.30109901,-0.9106763346110187,-0.6166408201854148,-0.5213817575869878,-0.3887467714245757,-0.26736835407120235,0.05399213393188982,-0.238603821
-0.52449505,-1.2670451514730383,-0.9656878281546449,-0.8700918677962937,-0.5935493132793757,-0.47032900557656676,-0.2392276214379902,-0.384250946
-0.796455446,-1.4539861399860825,-1.1545351253382852,-1.0325807333245953,-0.9356925052536978,-0.7480056269012554,-0.4573814516716414,-0.645607452
-1.019851485,-1.5185270074890487,-1.216278294612894,-1.141718815652131,-1.1093196969985102,-1.0846574149787909,-0.6295090200344768,-0.97237793
-1.28209901,-1.875549071695161,-1.6438968294057243,-1.6104646593734335,-1.1715547029823032,-1.2003458411139551,-0.976770281580623,-1.040486298
-1.272386139,-2.247106999064927,-2.0448691364320006,-2.0493725343012383,-1.591466997774908,-1.3583543818693087,-1.148004549227984,-1.285227356
-1.709465347,-2.549056796244845,-2.293535267795368,-2.232356845588505,-1.9700439674007963,-1.8801094474428406,-1.231952572407839,-1.754950562
-2.059128713,-2.6389615609187396,-2.3553492826286297,-2.266094645998778,-2.2317225352051047,-2.189865010751325,-1.6677715553042747,-2.048490143
-2.311663366,-2.7987651687656134,-2.511996483594337,-2.4215192939874477,-2.3072160971587277,-2.441809507542919,-2.0776088743895027,-2.191442871
-2.399079208,-2.5945208376825146,-2.1995200895895772,-1.9787658142661821,-2.4560860514869147,-2.493716904153105,-2.305952234512158,-2.307601318
-2.593336634,-2.139491022301887,-1.6095966446407133,-1.4890909800446699,-2.0646745295708793,-2.5834041292287724,-2.3655812452016325,-2.323168945
-2.18539604,-1.8637311318636434,-1.4519748637880028,-1.3444172306680662,-1.5752881053404493,-2.049826954136279,-2.4997560530146385,-1.777104492
-1.563772277,-1.8571445275858693,-1.500024863587193,-1.3756447595790409,-1.3915176948853647,-1.5561848640754345,-2.1583051454250275,-1.432670746
-1.573485149,-1.8230881717518121,-1.4690773895852383,-1.3675991120856612,-1.429587139527336,-1.5641207933848096,-1.5832811208069717,-1.387913818
-1.573485149,-1.7926422383629352,-1.444788693108988,-1.3035079109149672,-1.3888738473063995,-1.5755816876101434,-1.472811859348375,-1.39360199
-1.486069307,-1.567225469117199,-1.163341174865424,-0.9692360154900962,-1.3913826962659805,-1.5268011517461304,-1.5037076785503551,-1.34914444
-1.50549505,-1.241707277717345,-0.8148836751055314,-0.6883080892104322,-1.1104241512795539,-1.375900702582427,-1.470139957546371,-1.234333191
-1.194683168,-1.0873819788088517,-0.7172862921334423,-0.5617477541047153,-0.7908565130211369,-1.0111626411810233,-1.4162403955334781,-0.86235672
-0.806168317,-0.9825485883610249,-0.6259276636255344,-0.49843053852906866,-0.6725991405219771,-0.7229171551707589,-1.0974519125326017,-0.630039825
-0.777029703,-0.8222545007904151,-0.42435351344476385,-0.2661251505394279,-0.5821003415658997,-0.6770833598726371,-0.7835899653980134,-0.603395233
-0.641049505,-0.587106385575349,-0.1971058064394764,-0.07755096696182721,-0.38941626363828463,-0.5206217484001125,-0.6867059665611724,-0.446222076
-0.495356436,-0.3794678926984816,-0.049874195889786435,0.05232346782459216,-0.16259655299305106,-0.27283168117799567,-0.5925740585048291,-0.201780396
-0.271960396,-0.25533694805569596,0.08320086101686586,0.20287332897229432,-0.03389538055544987,-0.06415241338230998,-0.3817243475156784,-0.009430389
-0.174831683,0.023015257880885223,0.39274200530127756,0.4914928943392663,0.12413313254735206,0.07681545075283314,-0.15447400457458552,0.094603271
0.097128713,0.2286075993689981,0.5825301995880878,0.6981421325988102,0.4019779205865439,0.21611135513947727,-0.035769313952655334,0.354313202
0.349663366,0.48299350955153963,0.807848627437283,0.9463658235299738,0.62735165461345,0.5291069498636478,0.12732765939109233,0.598455505
0.534207921,0.6948250710565224,1.0710608612998653,1.1825115806970425,0.8602876552543737,0.627389540153368,0.4345037556539881,0.84484314
0.689613861,0.9614015620140356,1.2581185864340825,1.4091687659452155,1.121997408518004,0.9802231667564191,0.6322248786017878,1.081950073
1.087841584,1.161061654112049,1.4980135108669732,1.6344875044704898,1.2714002178841846,1.08721679249241,0.8792339048672961,1.279239807
1.146118812,1.4189321789814922,1.739686158451669,1.8917349531143086,1.5251686079557933,1.4079896625321868,1.1182526629434812,1.514251099
1.456930693,1.715509853479573,2.0839779716392033,2.215311083831546,1.7426372282338918,1.626350586393665,1.3204606764721112,1.730850677
1.709465347,1.9177825169958527,2.24154366330991,2.3845558951564083,2.0658693898919807,1.9573535552905579,1.5776635246028963,2.085463257
2.068841584,2.036711468926179,2.320715537843019,2.4668057344707397,2.255753181811062,2.226774708195656,1.8389236764459604,2.277813263
2.224247525,2.024631722342833,2.2615296387194,2.3995106218056192,2.3338128157694142,2.3142715541125733,2.161585003805077,2.413131866
2.233960396,1.9338644732239014,2.1453127403436727,2.2950519637065714,2.312655194546414,2.420600336352269,2.2695673187156227,2.412832489
2.107693069,1.9203974019108132,2.1555367081202172,2.292328676272015,2.180909393490863,2.2024236911830073,2.3806255870400417,2.276466064
2.097980198,1.7490193512655818,1.933064320443143,2.120720690904149,2.1775191511232586,2.251391188183921,2.2498710318368444,2.295177155
1.981425743,1.5140150558645982,1.6817312937957771,1.8471967659412505,1.9993393059166047,2.0475766615430153,2.1867833322302737,2.13770462
1.826019802,1.3103799610967461,1.5111409320605875,1.687349219836085,1.7346042246698832,1.8796609099029944,2.1409471693203206,1.893712006
1.573485149,1.26345868016096,1.4914021963342736,1.6408007885399325,1.548768834772087,1.613772444544947,1.8943627608761113,1.682201843
1.408366337,1.0812127480628035,1.2861381741903648,1.4622297360987007,1.5252672900291735,1.5733881148336863,1.6432378690186142,1.622176666
1.35980198,0.7931619293457051,0.9530816062896262,1.1330568453702963,1.3606946498171013,1.4967916521177116,1.5222847653125389,1.473386078
1.087841584,0.5515484458917256,0.7515171166660402,0.8905715028488965,1.0338763483939994,1.1241751613053095,1.4942267516368997,1.193617859
0.738178218,0.474087453136715,0.7181091664737898,0.8545475763942717,0.800166064982611,0.8723506877210291,1.2019030248439266,0.928219757
0.660475248,0.35266738121961066,0.5954515323570574,0.7665413419160314,0.7509464951664695,0.7333694223685508,0.9056862277563409,0.862207031
0.621623762,0.24551253054011518,0.5021534679582554,0.6479261443024863,0.6880967675278367,0.7231294596181697,0.7402002075695343,0.768950958
0.45650495,0.055253543511343005,0.2522328187825731,0.4406974640212969,0.5594351021629692,0.5051687302209058,0.7022720299703608,0.64590683
0.45650495,-0.20073118606034054,-0.01944065452856484,0.1405018409951134,0.37549362050207324,0.3987993860007277,0.5784878265765199,0.461640015
0.019425743,-0.41765272170749296,-0.18900044851476103,0.003817858464025862,0.07800473625578909,0.06528495361106738,0.4560693276968675,0.149389343
-0.058277228,-0.6443131661924527,-0.41953090904532075,-0.24177656239510603,-0.0748588308805987,-0.07913811902424552,0.1489018866640561,-0.012424164
-0.320524752,-0.8329750460804815,-0.5860471922783331,-0.437370405466475,-0.3333371567748957,-0.3299384117181814,-0.07010827609152812,-0.227975922
-0.505069307,-1.1063352343856674,-0.8689263500224773,-0.6751618395986579,-0.4891970685466173,-0.5533246987874981,-0.2573482420990197,-0.431253204
-0.747891089,-1.3714509497868381,-1.1459960430932377,-0.9778115454055726,-0.711457842892229,-0.7729004604280867,-0.47999334177445957,-0.668809204
-1.000425743,-1.5038438284393125,-1.212958923936721,-1.0835167153519796,-1.0338921762249367,-1.1323771095585131,-0.6523103306926337,-0.942589874
-1.243247525,-1.679389818468053,-1.4258303625087276,-1.2856076962756788,-1.1444618676035636,-1.2486013171173567,-0.9732436212996727,-1.110091553
-1.272386139,-2.093568002657858,-1.8675164432123965,-1.7609791153407688,-1.2691620901111762,-1.3554599269956293,-1.1908318383425334,-1.210532684
-1.631762376,-2.4452209485250718,-2.215409136470431,-2.090554455748608,-1.6433757379315184,-1.733483515685078,-1.240367495031039,-1.633253632
-2.010564356,-2.6213722741108305,-2.3146549242879604,-2.2397719945876875,-2.0547402725077877,-2.2153238160807485,-1.5653960993299807,-2.019450531
-2.350514851,-2.784873851164141,-2.485876605397486,-2.3688543493888763,-2.2204360479531835,-2.3248535564809814,-2.018493023401637,-2.200424194
-2.360227723,-2.723916036901115,-2.3998773404049887,-2.3579425000199445,-2.364924869350397,-2.482531430015791,-2.2584806276813656,-2.294877777
-2.612762376,-2.255350738358362,-1.7687598053246079,-1.761558345358276,-2.426382208693859,-2.5537594187853663,-2.363950657485944,-2.384541321
-2.243673267,-1.8820506355238338,-1.4326132912015137,-1.3597928964011907,-1.8780981029020454,-2.0544728011777,-2.5327496430053484,-1.853296051
-1.631762376,-1.797804463638486,-1.4196832153420516,-1.312326873357092,-1.4120303644871466,-1.5366020211999503,-2.184309063959445,-1.397793274
-1.486069307,-1.7456242617912001,-1.3879084143901093,-1.2986972267820738,-1.36941096290674,-1.409832577409361,-1.580366146846797,-1.328786774
-1.50549505,-1.8159891194553734,-1.4784054748622035,-1.3479284297409087,-1.3322540045547113,-1.4341596422965175,-1.4173173447807066,-1.298250275
-1.486069307,-1.7946352456288415,-1.4721978501655337,-1.4279725355263135,-1.4162661775476046,-1.4248682753838158,-1.425120641863952,-1.329535217
-1.631762376,-1.4486719288042522,-1.03733970221464,-1.0824390683982823,-1.4521676948767452,-1.5410066486767922,-1.3987677931586393,-1.396296387
-1.466643564,-1.1742494724837826,-0.7401017148761175,-0.6659247639377177,-1.0584053749138438,-1.1914822794899604,-1.5280518741315992,-1.06129303
-0.90329703,-1.0334971408737719,-0.6418491737709654,-0.5302754086918627,-0.7050247391589716,-0.7589864438353333,-1.3412820931873428,-0.702788544
-0.806168317,-0.8931122865522011,-0.5010502484625948,-0.37826346853000664,-0.6166354110735023,-0.6251189029220087,-0.8820395312607421,-0.583636322
-0.67990099,-0.6950989117647909,-0.28494242684482657,-0.16347790189955677,-0.45606599902214007,-0.6076194597033778,-0.6899328190488822,-0.464334412
-0.514782178,-0.49487492404889355,-0.12933428549043008,0.003959994206306545,-0.2679120821415828,-0.3722932030439095,-0.596092351287728,-0.253123627
-0.252534653,-0.3303205074639196,0.030570576566458285,0.17551691756696322,-0.07235643755342369,-0.15209007764164992,-0.3989778455598432,-0.06197113
-0.174831683,-0.053968606108963854,0.3266166110291436,0.46158713173356886,0.04476864785412882,-0.040498627633788795,-0.2035605124507644,0.073946228
0.07770297,0.19851318385319336,0.5613231873028504,0.6855297182985426,0.3845109290219753,0.25395954878309523,-0.04865043134071784,0.361498261
0.398227723,0.4116449353938078,0.7251771721785589,0.8665738240974088,0.6006221037138048,0.43604650745844364,0.15266558413611583,0.605640564
0.534207921,0.6853278410802979,1.0426679907508765,1.1832446031596278,0.8205304581604559,0.6971945738897313,0.4723376803657648,0.790356445
0.699326733,0.866379770450218,1.1782757583036407,1.307409700018134,1.1110100129802192,0.9309968662652045,0.6414375281560419,1.094374237
1.155831683,1.0747649535900685,1.3822920028992987,1.507991619505181,1.2328138499710979,1.15473765740173,0.8899692818186721,1.273551636
1.010138614,1.3011610047136992,1.6103866141734118,1.7368137296861668,1.4676211031447743,1.3220938296623335,1.1446266551646895,1.430275726
1.35980198,1.609985232491288,1.9691054550126754,2.0879123514735376,1.692003215832275,1.558435530986626,1.282075162053206,1.675765228
1.476356436,1.9002320503781849,2.248980839145936,2.345117811387878,2.0870174159853887,1.902877080931141,1.5177984582800623,2.00313446
2.117405941,2.035513679293539,2.307316312531555,2.4319481545173973,2.304674040419024,2.2359103350746734,1.7914705448956472,2.289788361
2.156257426,2.0419169055982156,2.2912674856537545,2.4357362384062866,2.33291307705172,2.3111831372553837,2.1767718421195257,2.410587158
2.272811881,1.9617414815233678,2.1718551361410197,2.296120687579291,2.2880435385734725,2.3731976009939246,2.305135387579552,2.411634979
2.088267327,1.9189822651189388,2.1624258872695634,2.33369487709586,2.214790324876749,2.2979507977229368,2.3461652508605706,2.293829956
2.088267327,1.7883333599569764,2.0206858684911033,2.1604572589722846,2.1910128564482187,2.251340088647112,2.243066276278634,2.287393341
1.932861386,1.5101568475205247,1.675108257603045,1.8398924440903694,1.9513946249531284,2.1500344213291562,2.1999440166253996,2.151026917
1.758029703,1.3037914588365889,1.4805098076197372,1.6206849546644677,1.6472889365549492,1.792439494169529,2.1305899187430413,1.856439514
1.456930693,1.2637680602056418,1.4832606897617187,1.6062051110123403,1.520613296275476,1.5391476837059892,1.8525747240043202,1.595681763
1.330663366,1.2248981928380045,1.4613488648122157,1.6095646521843083,1.5280390788532154,1.5087162613277338,1.552259339825417,1.590292969
1.427792079,0.9677428642531142,1.1698575016887978,1.3428936345324483,1.4423269042269373,1.5267079402855164,1.4907841932288404,1.559457092
1.223821782,0.7001398602469562,0.880289151700965,1.053300192320707,1.086183907630585,1.2806873963366485,1.502711115919061,1.335672455
0.845019802,0.537121360976894,0.7364845705286919,0.8756183540396794,0.8710518860901098,0.9399566454774281,1.3297517876709968,1.032103729
0.689613861,0.3474854012415708,0.547787425181225,0.6967608230761699,0.7559856916614379,0.8394631784848215,0.9962405080793671,0.893791351
0.514782178,0.2636760445481317,0.4746715407201887,0.6246825827022319,0.5714397839834309,0.5074352274577955,0.8073056773341208,0.666863251
0.446792079,0.10906628263129842,0.355033528646178,0.5025212456947402,0.537878743018427,0.5067609136135377,0.6331460371592995,0.589174805
0.563346535,-0.147361584234253,0.07410765401591742,0.1986693695654371,0.36092682014217886,0.3490823299321363,0.5094310231142445,0.493972778
0.048564356,-0.3634477583250902,-0.13040606815041392,0.01230051183814646,0.06054203352869109,0.12025176017775704,0.4645721330249127,0.222587128
-0.087415842,-0.5827180917669978,-0.33653934515568235,-0.17686495061261134,-0.09305679916052984,-0.08367615542126988,0.1997571976146862,0.020806732
-0.310811881,-0.7666018720855333,-0.5124698851515489,-0.3825033452930515,-0.3023859213087553,-0.3495532655004,-0.07095066548672929,-0.198636932
-0.398227723,-0.9783933083027944,-0.7398234772572789,-0.5620325583454757,-0.5083982179846098,-0.49523023464360816,-0.23551964082018276,-0.380209351
-0.709039604,-1.285177235204294,-1.0517476324225383,-0.8881426143924611,-0.7595562457052316,-0.7220549197226858,-0.4651009106248037,-0.583636322
-0.845019802,-1.4518026296795967,-1.1948486751624174,-1.0606927457483404,-1.042019145508015,-1.0219986917823014,-0.6193525795870749,-0.886007538
-1.301524752,-1.610902143496537,-1.3344932744907056,-1.146704467295708,-1.1742766729971175,-1.265353741453299,-0.9158609937217592,-1.087787933
-1.243247525,-1.9821413751459716,-1.7847819806623235,-1.5434314496400565,-1.3907314915895086,-1.266385376299237,-1.1679724797695434,-1.180744629
-1.748316832,-2.395497601219913,-2.200073830784359,-2.032923619341314,-1.8702786446868305,-1.7697719308434763,-1.2383970544386451,-1.588197327
-2.03970297,-2.5697661305360553,-2.299648585619873,-2.1820889900777263,-2.1898906615558817,-2.1871566394310347,-1.5782651841522144,-2.030527496
-2.379653465,-2.7234486680773378,-2.4398100355840397,-2.3028155846073046,-2.2565565688960083,-2.307485253808979,-2.059541144307288,-2.194286957
-2.389366337,-2.7881321691821483,-2.501952724812896,-2.4416381256477,-2.448609131138318,-2.431476371695307,-2.2819347042310825,-2.282154236
-2.544772277,-2.399257544460123,-1.9167419557167944,-1.9133108265772343,-2.2870394452810427,-2.542910934885241,-2.364236967926741,-2.412832489
-2.292237624,-1.9488972466495862,-1.4581794404307669,-1.3955003783498003,-1.7018931340578423,-2.0616339841484677,-2.5370355769888624,-1.898502045
-1.680326733,-1.810873254017821,-1.4203285455025618,-1.3099138771815633,-1.3938870358420625,-1.45408966147774,-2.1828012106597865,-1.415157166
-1.43750495,-1.7608742190609317,-1.4121302638811448,-1.3206839352959148,-1.3662825098067084,-1.4745779018783924,-1.559416553264277,-1.310674438
-1.544346535,-1.7354279171557394,-1.3878921802029938,-1.2711829738041691,-1.332943239433097,-1.4012845549706923,-1.409195160527512,-1.314865723
-1.466643564,-1.7802308236434021,-1.4922819060821988,-1.3798237835614229,-1.3468205493865992,-1.4068665289252729,-1.4310828642685647,-1.275048523
-1.563772277,-1.6247780230623627,-1.2613491946446205,-1.1590908192633116,-1.4181547788453872,-1.4749119039221508,-1.380224712035106,-1.36546051
-1.486069307,-1.2828986750489655,-0.8464392990316929,-0.7424736131238693,-1.1245390371843325,-1.350585007039665,-1.448722868521941,-1.2063414
-1.087841584,-1.0376227718054754,-0.6448592775974481,-0.5399291610971085,-0.7163271968591949,-0.8545070858533732,-1.3996563888616953,-0.832568665
-0.796455446,-0.926832926616664,-0.5679479196268146,-0.41219606068223547,-0.6044500989702689,-0.6253806176600902,-0.9528281918409086,-0.551752625
-0.641049505,-0.7392726212995526,-0.3512687417385284,-0.2023625305514708,-0.4740504028765288,-0.6335936990164166,-0.6800726951684318,-0.457598419
-0.543920792,-0.49646057761664897,-0.10718259997098088,-0.013869925084849225,-0.2538575181767442,-0.3404439864916093,-0.5885141577922735,-0.251477051
-0.242821782,-0.34448630514638456,-0.0223944290270298,0.11636789708442198,-0.08487792775634112,-0.17958365112554014,-0.42509053243096434,-0.042661285
-0.135980198,-0.14344401188124095,0.18662010431418377,0.3416034408413864,0.0354212472028598,0.014452742265336983,-0.16323079708073787,0.058827667
0.106841584,0.1071885223378496,0.4646877420088529,0.641222144845385,0.25800105731260947,0.10155313423722308,-0.04545403857454696,0.258662109
0.233108911,0.3281260851167718,0.6771122911943501,0.8473208325387034,0.5260902030627689,0.4400589955895592,0.12119607634276726,0.523311768
0.543920792,0.5882836667648148,0.9435592690049606,1.1205289935036045,0.7199588058971167,0.6388061343631304,0.3988220882960236,0.786165161
0.67990099,0.8129331452551487,1.1385695733893695,1.2794355695124449,0.9871746363170929,0.9327120157332042,0.6245358959804019,0.991388397
1.05870297,1.0151094000642158,1.3434836457424875,1.5111648599222662,1.2098775763959952,1.145305557182708,0.8751098451330033,1.238075409
1.136405941,1.2411418150730535,1.5634107875301506,1.7901482828357242,1.395776569775485,1.3253524289957117,1.12374338751064,1.438508606
1.43750495,1.6289977063656613,1.9418064066216456,2.1877896174724576,1.6806592706016856,1.5632589793379585,1.2988884964099006,1.663041687
1.690039604,1.9383004018341585,2.315864364162628,2.4254821730037173,2.102571365953242,1.9553674648604722,1.5236706372686348,2.074835358
2.224247525,2.026016039652985,2.2650948344606565,2.4104053018530665,2.3128507220177656,2.391681026045191,1.8892833841746652,2.367476807
2.088267327,2.024259331619231,2.2603532988790955,2.3787782828979522,2.300287694255184,2.3652312474545765,2.2968637490285593,2.419568481
2.233960396,1.9238495584313455,2.117588311108011,2.2614264843426626,2.30340133613501,2.3670791150027237,2.3038912852458893,2.350861359
2.127118812,1.9782843959627514,2.2262575485252776,2.374827452603154,2.1483682529287917,2.1781918973032317,2.295322065928897,2.24069046
2.078554455,1.871739007912198,2.1004102035939223,2.1087603860904225,2.249679644035411,2.324573608665264,2.1704074712336565,2.36238739
2.078554455,1.545633170049962,1.6863515052518079,1.7359514152986169,2.0852255967593156,2.202500020329729,2.2301162851321314,2.222278748
1.787168317,1.310206133243215,1.4881539553340735,1.623431500407151,1.719427011015194,1.8008856848571,2.211879312958655,1.845063171
1.408366337,1.2583862283339204,1.472555561036267,1.6021970478982923,1.512534923349209,1.5434507482366189,1.7986267089084342,1.616189117
1.340376238,1.2008115640244958,1.4441058498112627,1.5437716001948447,1.526497208130718,1.4486889000258474,1.5182602374783083,1.604513397
1.379227723,1.0532566713904312,1.2819595823434131,1.312165311670965,1.4782999478336858,1.4989230377751213,1.495391691264032,1.555265808
1.28209901,0.7687676074244971,0.9748475715061897,1.0050037634015383,1.2937188596639395,1.270990353553942,1.4792346364211384,1.39704483
0.971287129,0.5619246428068035,0.720894292502139,0.819449457273226,0.9804918087070206,1.0065402067966782,1.3348103460615404,1.072070618
0.718752475,0.38920172018325755,0.5973113937952684,0.7009819166358149,0.7942600084903789,0.7163204714367376,1.0136120423257076,0.880169678
0.660475248,0.29960740495971266,0.5432490810711599,0.6358426993537304,0.6639854171526745,0.5765254676273592,0.772402536960605,0.711919556
0.45650495,0.1469292787423629,0.3921356694814758,0.4183214840560654,0.6021175021401509,0.5332762075176554,0.6392552209315648,0.656834106
0.437079208,-0.08195821519643322,0.12263424614760413,0.16539962553698234,0.4352327949690323,0.33955559184964623,0.5578602898198713,0.508342896
0.038851485,-0.3173465922816584,-0.08111559268067065,-0.007672439066693952,0.19629033010260583,0.1234819975572996,0.44896072371346213,0.204025726
-0.038851485,-0.5259648395766434,-0.2922993344751669,-0.2557335919865451,-0.017130232616056056,-0.13322596054660235,0.169397001873281,0.028141479
-0.427366337,-0.7649278073643726,-0.49890322973342105,-0.48418693331836077,-0.20653449939303062,-0.23394893332653302,-0.03550302715988178,-0.185015259
-0.52449505,-0.9871727212990642,-0.7464383610979364,-0.7311840779796471,-0.4157837982188091,-0.5680403058265484,-0.2352940728240644,-0.396525421
-0.815881188,-1.2728958315826178,-1.0148702058975407,-0.9610512247462079,-0.65180836261349,-0.7564406713298054,-0.4864744842134335,-0.646954651
-0.961574257,-1.4071534455080077,-1.1403851589681175,-1.0435495804822477,-0.9387163758717016,-1.0360368622136928,-0.7005997277508601,-0.889600067
-1.243247525,-1.534318784052802,-1.2719376282642902,-1.3056427051524107,-1.0731841271635263,-1.174355296492298,-0.9684951755543375,-1.027912445
-1.243247525,-1.9509160239683512,-1.740290899951682,-1.786421038515692,-1.158491367694949,-1.3167169968504244,-1.1339724336418038,-1.201551361
-1.66090099,-2.375851479366588,-2.1809938820803847,-2.134533176165586,-1.5471987211024913,-1.858816748865615,-1.2334438298769679,-1.654958496
-2.127118812,-2.573652348236385,-2.3198632101858805,-2.197868264205995,-2.0285744377677877,-2.1424253351735962,-1.683757877752192,-2.053579559
-2.379653465,-2.6909888808955422,-2.3637356516454266,-2.315251795245741,-2.208518465057355,-2.3392759947597406,-2.1372939729047085,-2.200424194
-2.360227723,-2.7723524966409436,-2.4666686390947636,-2.322166766873834,-2.29580815127911,-2.4011688392328536,-2.307093346007031,-2.254461823
-2.496207921,-2.4624757827410484,-2.0159318224880867,-1.7985008300812089,-2.3979801678997346,-2.492874671793422,-2.344876566467635,-2.351011047
-2.292237624,-2.003835658950121,-1.5249388208091164,-1.3767272403437445,-2.0860401767822094,-1.9694890690615627,-2.484573615655189,-1.887874146
-1.612336634,-1.809120099890075,-1.427927287250733,-1.328465232320976,-1.5742965060213463,-1.512466381110159,-2.0901772530034632,-1.432371368
-1.524920792,-1.7767335385744343,-1.434927210213458,-1.3144483101556241,-1.3767153365164426,-1.417051260304949,-1.545612659115052,-1.333576813
-1.495782178,-1.7587573267670096,-1.400423567992142,-1.3254211716741602,-1.3789521310854167,-1.4434401941414232,-1.4276421154882595,-1.334774323
-1.563772277,-1.806700933589825,-1.5131835263064533,-1.3976932858524616,-1.3215889834039976,-1.489590567586369,-1.4282827833844467,-1.307530975
-1.534633663,-1.6952174391140855,-1.3415525520146594,-1.068952636247446,-1.4279933644949128,-1.510072339701943,-1.3952116695256738,-1.403780823
-1.602623762,-1.3451592918938664,-0.9098089659783466,-0.6808033163374759,-1.3239817219633692,-1.3616156284791208,-1.4988930502717814,-1.197060699
-1.039277228,-1.1142719183867307,-0.7136083028716627,-0.5793722638215366,-0.8855728944417458,-0.8173075732267895,-1.3710155061307143,-0.811911621
-0.845019802,-0.9535218210261615,-0.6017458622430693,-0.39109566256182654,-0.6873054127622164,-0.7363290461491582,-0.9188829445795742,-0.616418152
-0.660475248,-0.7597673117065088,-0.39014466006356874,-0.19320493542001058,-0.564290925371715,-0.5076394533938259,-0.7331399501278946,-0.48559021
-0.553633663,-0.5097604370352922,-0.14635363198665582,0.019467938755290907,-0.37779297921392213,-0.3821902369914423,-0.6042856477176137,-0.273481293
-0.252534653,-0.325818275584498,0.007272222631636547,0.17734908802012575,-0.11446868219250002,-0.15162974483789032,-0.3867534200085923,-0.035625916
-0.087415842,-0.11330704485299999,0.21815473824719916,0.38071824510792335,0.004590299990310822,0.006680016879971401,-0.13889212489491543,0.135617981
0.106841584,0.11454284107303675,0.4631033682573482,0.6669083688732435,0.2517558825470125,0.21525015145747162,0.004555628205079879,0.329165497
0.30109901,0.4140199978696177,0.8055287082895364,0.9548798677367818,0.4541022453577069,0.4707128374979344,0.21868595499609206,0.5733078
0.728465347,0.5610327290224568,0.8838249680540886,1.0167921240466362,0.7742935988652303,0.7885702778682248,0.45433598078472126,0.96998291
0.718752475,0.6245216480640559,0.9516008308682009,1.1198328565719498,0.8950735052748868,0.9000138966110023,0.8092465277305952,0.981059876
0.942148515,0.9114597963532087,1.2423907928410933,1.4105755056707827,0.9855579343557506,0.9577948004089383,0.8995887355978228,1.056353302
1.05870297,1.1800606870108032,1.5489028468313868,1.7252080382888735,1.2126691309533417,1.3136892450391402,0.9633840493714401,1.368454285
1.408366337,1.5789785362282918,1.953162457017089,2.135185969906787,1.487341636779805,1.5985116528820265,1.2461364709881442,1.669627991
1.699752475,1.955462850398231,2.3085686131464906,2.482736643092502,1.885885761599397,2.039077296568633,1.551833152915268,2.098186798
2.195108911,2.073364672194855,2.3530736976610225,2.476728613260058,2.2567952272856835,2.433386951525356,1.9607025743933786,2.41388031
2.311663366,2.064206264717011,2.2789225957059993,2.4080433991744163,2.388734620979565,2.4331210876910827,2.3529471693455073,2.476300507
2.127118812,1.9649762095827648,2.1916497733376055,2.281422558769829,2.2938054072281524,2.3562255928089852,2.3779719158360977,2.370320892
2.127118812,1.8894851346629216,2.1379231911531162,2.2723019564667593,2.261739767983369,2.2172655827180594,2.2969452280841827,2.269879761
1.962,1.884924339195398,2.0990111063259653,2.2123833945400335,2.1370706252390987,2.2646839249406905,2.198824048223492,2.246977386
2.127118812,1.6565041757453216,1.8165427178306464,1.8777757013214538,2.178614967843484,2.147221037325667,2.1621296391802667,2.190694427
1.787168317,1.367450944769379,1.5153462101486501,1.6315542322953631,1.9663085200866286,1.8885885364583481,2.119090518105882,1.925895081
1.573485149,1.2488755468377175,1.441058932963692,1.5865086093702536,1.657144610228393,1.5226160125076977,1.8499234048360118,1.633852386
1.291811881,1.2118235661274543,1.44313764234444,1.5453361359983566,1.4968306991289688,1.5027388080478008,1.541073351435883,1.570534058
1.456930693,1.1010184931967566,1.3155646467446669,1.4130727688535873,1.4615373206212772,1.4707337963324845,1.466709637189348,1.532363434
1.194683168,0.8432714108050611,1.0384416626084034,1.0975699936003651,1.3805229673600965,1.2815481908805548,1.4517223084374966,1.407373352
1.029564356,0.5858577045620861,0.7678147940588989,0.8447576770985806,1.2041545710517294,1.0288244913648277,1.3438877466791153,1.091829529
0.864445545,0.40621014374303677,0.5852988971685702,0.6979815563323822,0.8898022431288787,0.6833085235118362,1.0414756499452336,0.86699707
0.573059406,0.30209124621235517,0.5169790820252599,0.638537855202767,0.7035733747981441,0.5477735415530395,0.7870516306106419,0.674497376
0.359376238,0.19116391933139534,0.4271897353851878,0.48579532405361553,0.5789592517353324,0.46958079890323223,0.603071094073167,0.631686401
0.495356436,-0.03857966025308167,0.13841265629565425,0.19002469914943815,0.4966281445452143,0.3368286207808209,0.5134276922215708,0.500559082
0.116554455,-0.2500725898333099,-0.048671174898123615,0.005516804882789195,0.21599400857474252,0.04272166376532939,0.4350082001676169,0.220940552
-0.097128713,-0.5449325327668849,-0.32824215224605263,-0.2782988535829372,0.026873125258738133,-0.0942158504101856,0.12242127348305071,0.044008484
-0.475930693,-0.7621355004155499,-0.5258411718836832,-0.4242544219930594,-0.23342725249977186,-0.42086777425034594,-0.048864214328070414,-0.26210495
-0.611910891,-0.9570648621263381,-0.6969660863436459,-0.6545821026435901,-0.48195856405551285,-0.5871661304466613,-0.3497820839717881,-0.440384216
-0.709039604,-1.2362890715629111,-1.0063561354342416,-0.9488988269125308,-0.6607113400649448,-0.7127641519480907,-0.5488007632303946,-0.641416168
-1.078128713,-1.4097271703206335,-1.1302917510258987,-1.0081146775034064,-0.9417563655521458,-1.121447625809325,-0.7029291787712431,-0.918939056
-1.184970297,-1.5271754084583145,-1.2310047647693105,-1.26184105410022,-1.0752512778091725,-1.0870570857058224,-1.0207468170351293,-1.021326141
-1.272386139,-1.931099799268805,-1.7009569139908818,-1.7560886191957454,-1.2057263644496863,-1.3721345930483655,-1.1190087861605722,-1.214873657
-1.622049505,-2.367689805206235,-2.1711218569556823,-2.151655644745765,-1.6859253504537963,-1.8824491318477197,-1.286724473082089,-1.666035461
-2.282524752,-2.5970158547214397,-2.3294168576416183,-2.255115097383616,-2.1261212098784736,-2.2445919852267733,-1.770765764444195,-2.106569366
-2.321376238,-2.6847308733496487,-2.367478836802472,-2.35976680529757,-2.264809168955519,-2.376499844872465,-2.1982968093846775,-2.225721588
-2.457356436,-2.8232087123180287,-2.5069099439292084,-2.359543218446248,-2.3543351946230255,-2.404099261700227,-2.3404743371355194,-2.281555481
-2.535059406,-2.536213602115963,-2.0613243000944044,-1.7700323761430952,-2.3960589946029542,-2.5246516594174615,-2.37579688839465,-2.349963226
-2.301950495,-2.0547896240451373,-1.5377708763480973,-1.3609095952127719,-1.9029510956300952,-1.9273753165462237,-2.4955261769155754,-1.866618347
-1.495782178,-1.8454537216056384,-1.444139981586134,-1.3394336821662463,-1.4500708860998974,-1.521274581127671,-1.992393675855535,-1.431922302
-1.592910891,-1.781741962482625,-1.4423727781711808,-1.3016284952861417,-1.38186086435521,-1.4360292885759651,-1.5237228913293928,-1.332828369
-1.447217822,-1.7138461719072928,-1.3585918419738683,-1.2834720801879167,-1.3732613449956204,-1.4924015778626234,-1.4455236405838787,-1.308429108
-1.495782178,-1.7662245667756717,-1.4824541068861885,-1.390949530050528,-1.309137345067279,-1.3843929311529772,-1.42909376124544,-1.272054749
-1.50549505,-1.7443293332892955,-1.3936080859157196,-1.1348850847712466,-1.415710913917679,-1.5473343633568626,-1.3674588412041508,-1.386716309
-1.544346535,-1.415629607523015,-0.9886493095326296,-0.735299034224856,-1.2789413508152125,-1.3405577515353757,-1.494833198367153,-1.219663696
-1.029564356,-1.1493756312807257,-0.7116451518450891,-0.5705275146699708,-0.8583192311594051,-0.8639975981001139,-1.3675522889390779,-0.841549988
-0.806168317,-0.9818949069375839,-0.5870168926320782,-0.4044483963068322,-0.6307482138958367,-0.7634669585316128,-0.9278638150858072,-0.626896362
-0.650762376,-0.7797389496931605,-0.3827765577773786,-0.17584910326687297,-0.47721034025982767,-0.5463280819508124,-0.6908031119955111,-0.457748108
-0.417653465,-0.5418493167579082,-0.13739462743731087,0.0031614712014976084,-0.22195675914580856,-0.3512406793340492,-0.5507705314327759,-0.232765961
-0.203970297,-0.3748549448481384,-0.0004803854630524655,0.18055485598594753,-0.056459128294224496,-0.09495023340085498,-0.32810118144933864,0.014519806
0.058277228,-0.16734331000712077,0.17267907082554987,0.3493923222461366,0.13464987507360934,-0.023963843128232576,-0.09934024376458901,0.128283234
0.067990099,0.05388615597994193,0.42626571141796177,0.6636945804701468,0.3270437480866175,0.2074375308305546,0.03317843678609135,0.321531372
0.369089109,0.3060695323120723,0.6413668262528572,0.7870402278470794,0.6213473634616825,0.5399937932033008,0.21878434627467344,0.560284882
0.543920792,0.48518057583801505,0.8157940192296567,1.1182678971027715,0.7336270929394565,0.611829238987224,0.505345503773556,0.840352478
0.689613861,0.9351917582968222,1.4102869591635097,1.5792752020943428,1.2574048689319082,1.0375064110983643,0.6727731245849626,0.994382172
1.340376238,1.046670216877296,1.3296765905797536,1.3627581344990403,1.435470785927134,1.4379182553610905,0.9347468096687187,1.555864563
1.214108911,1.054126027894444,1.3119744845117707,1.5949616189238711,1.2925248449993305,1.316290045824237,1.478547470350586,1.407373352
1.146118812,1.4520936514095606,1.8208857526440927,2.065120830937343,1.6718407918389246,1.408860695383178,1.285021632084865,1.532363434
1.748316832,1.8249954524328158,2.2039358195361207,2.365934919183485,2.1179543159339964,2.066843685619944,1.4403132423231375,2.08037384
2.068841584,1.9954644594052358,2.3028657277000844,2.436884564039233,2.3120313870406997,2.332268524127718,1.9702829061185243,2.357148285
2.34080198,2.0705394255560474,2.3495426125574097,2.4978647427094605,2.365536389406513,2.430010461143962,2.2762288996998747,2.441872101
2.165970297,2.0175062722012447,2.23559813262656,2.3230913892139164,2.3325760842831826,2.4470276913680835,2.3301933096782528,2.46073288
2.18539604,2.0017488331101574,2.1968864259523246,2.369615936663759,2.2174283309891396,2.285415093249666,2.3941696784551496,2.307751007
2.049415842,1.9574088246700143,2.215497780224274,2.2630526828012347,2.2813394343189572,2.3221373726399515,2.219616246658059,2.346969452
2.127118812,1.672612308227194,1.8412170063228808,1.8936209393305203,2.0391143138998196,2.092244490527089,2.2514009619178186,2.216291199
1.748316832,1.350695845192617,1.521094761492046,1.6203600800529838,1.6696274448906876,1.8349702423177299,2.1658349864475217,1.853745117
1.418079208,1.1816903728844934,1.3822130342562444,1.5368879370784791,1.4643828334940339,1.4551727869652489,1.771217514310558,1.599124603
1.272386139,1.189065276886485,1.4351411920933772,1.5590616601063845,1.450678465598643,1.478959229811096,1.4732611376728166,1.524429932
1.311237624,1.1403296411631516,1.371105418411136,1.495856206513532,1.4454992392765216,1.4685147450317875,1.4279632453799995,1.531016235
1.379227723,0.9297121965809699,1.128762518675748,1.1838601965672526,1.2757359505010561,1.366332994478872,1.4450044245374178,1.436113586
0.961574257,0.6257861540440246,0.7825192486862396,0.8902779903552994,0.9746958559328424,1.0043726115056952,1.3511457881522353,1.115929413
0.854732673,0.43499118375679013,0.6425875254298132,0.7435397811955274,0.7591143344000266,0.6441820091415663,1.0274269975957953,0.854722595
0.52449505,0.292852615820954,0.5485481121758506,0.6573061288748239,0.6471276010633593,0.6101587501753267,0.7571128872812988,0.761616211
0.45650495,0.17916588134648875,0.4117657660745067,0.46878216157596303,0.5313605090993487,0.4229241575484583,0.6136806757803646,0.621208191
0.330237624,-0.07263927510079392,0.14643011764446642,0.20460203890268208,0.3076607339272468,0.26296024622363495,0.5290633258648958,0.440833283
0.097128713,-0.25675315672527144,-0.044925818141160784,0.037569456650995675,0.11690330966935697,-0.012936465460018167,0.34259050724833967,0.20237915
-0.203970297,-0.5221949440328176,-0.2988725697883118,-0.21671524290260166,-0.09722542463935337,-0.10195677886380665,0.06608376219084362,-0.000748444
-0.398227723,-0.7307554634261334,-0.5012844457289407,-0.45564677298457323,-0.35556494501484187,-0.39370368047290594,-0.10162920200397767,-0.272134094
-0.670188119,-0.9737599521713203,-0.7165971624627802,-0.6653404844354006,-0.5645122259541926,-0.6045580615077745,-0.3621365295359659,-0.468974762
-0.699326733,-1.2471287199697292,-0.9900032918851681,-0.9559086874800944,-0.811053080479522,-0.8006478270784295,-0.5490441780011949,-0.68916687
-1.184970297,-1.4550288551317896,-1.1909496859600084,-1.0879573992193874,-1.104576330420972,-1.1808068783266126,-0.7835689981057231,-0.981808319
-1.155831683,-1.5642450524395235,-1.2553483457634056,-1.2165229094862908,-1.1520958233426444,-1.1901686681747354,-1.105261801149568,-1.093925171
-1.350089109,-1.8953881524354739,-1.6709083538099898,-1.65370321292576,-1.3862442444401497,-1.5147348929367561,-1.1901040951487383,-1.251248016
-1.641475248,-2.3014776880441516,-2.109775616676451,-2.088571053976216,-1.8877522536649567,-1.858328371657106,-1.3688458065858973,-1.726809082
-2.233960396,-2.5632964209959357,-2.311689244211118,-2.2078331316106334,-2.207520347448816,-2.279391120570062,-1.8420902641510943,-2.082170105
-2.292237624,-2.683669719677155,-2.380050221128023,-2.342881515244785,-2.2491376038472843,-2.341929971445247,-2.21481390141385,-2.223625946
-2.428217822,-2.8523877225695267,-2.561801134051685,-2.4133453994582212,-2.4252216492303296,-2.508742580083539,-2.316158084210753,-2.327958984
-2.632188119,-2.6434558436309605,-2.22648626121945,-1.8915738886401592,-2.37209387548542,-2.5358233197568536,-2.4657676113907128,-2.396965485
-2.195108911,-2.1506023895729878,-1.6372044476947232,-1.4421364247533988,-1.8281579169052127,-1.9182512747874478,-2.505560768605809,-1.875300293
-1.622049505,-1.8604230518326925,-1.431181783802021,-1.3203137196878112,-1.4097225815230774,-1.6014613823874888,-1.969785885397511,-1.429377594
-1.427792079,-1.767517546297916,-1.3906336841842704,-1.2661872059331474,-1.3696807318519828,-1.3983091836303547,-1.5117641988820092,-1.340013428
-1.476356436,-1.7115906029868824,-1.3822064577836064,-1.2975630155712687,-1.3210597890282576,-1.45520381344837,-1.4291767539386402,-1.276844788
-1.350089109,-1.7664120475616092,-1.4730926553484105,-1.3605205803138032,-1.3600702611840207,-1.383971938653554,-1.363844897185162,-1.304237823
-1.612336634,-1.7085987071964228,-1.3779216432020172,-1.1313882513419775,-1.375621813932062,-1.5282594200505395,-1.4128914215993593,-1.353335724
-1.350089109,-1.4737220858825906,-1.0596742256453078,-0.7758712200859439,-1.114651411832743,-1.19435956208059,-1.4485086984250506,-1.160087585
-1.136405941,-1.1856823541106505,-0.7508280290281026,-0.5396849614007927,-0.7828497241957624,-0.8951966039658357,-1.2606994930050193,-0.822838898
-0.728465347,-0.9846725520135747,-0.6146654812412482,-0.381521911860985,-0.6035002520707056,-0.7340345404947907,-0.9038350005718462,-0.605790253
-0.699326733,-0.7774576253893788,-0.3916704967821651,-0.11945563313197177,-0.4572564674339613,-0.5309378651477048,-0.6785692210539158,-0.445174255
-0.398227723,-0.48069746126226603,-0.13517071536296837,0.049444517625103504,-0.10926026377028439,-0.3088379891527086,-0.528616460982517,-0.200433197
-0.174831683,-0.35196630934004397,-0.051480973785739764,0.1131075925936623,-0.0014603302762748764,-0.06401088141524724,-0.270877937555357,0.027393036
-0.087415842,-0.22907990366798944,0.09214067074585834,0.3583242137070204,0.14880710826127377,-0.053101260193809986,-0.06882298510572869,0.101339264
0.0,0.05366312051544372,0.43421644504976237,0.6970394991480822,0.3755036589418066,0.272250254402088,0.018311343292931666,0.337098999
0.437079208,0.31249763144646076,0.6687907354345708,0.9455027725779394,0.6809367371493442,0.5370773214991266,0.26271630831740433,0.611478424
0.631336634,0.597878198960238,0.9371215150939639,1.2060647867165293,0.9314097211824193,0.8067771724884877,0.5441830904412185,0.889450378
0.854732673,0.793500140512571,1.1234797776479062,1.3242067964764235,1.1546053584267109,1.0564980479157353,0.8039466766946084,1.131796417
1.146118812,0.9889040610202537,1.2989849063238812,1.5322706174524772,1.315472427501893,1.1685459467155601,1.04518957197514,1.274150391
1.252960396,1.1974066627026771,1.5274872984548387,1.8267372630355474,1.580323266605092,1.4778977758076373,1.2193310089777498,1.492546234
1.524920792,1.5549248492611782,1.891156173892329,2.181966120092905,1.905029576908172,1.6561547490347415,1.4237857557422904,1.773511963
1.864871287,1.8401492625347302,2.1991375567638336,2.3675392726241613,2.2035170052702835,2.2011303247547933,1.7353564890924174,2.154469757
2.195108911,1.9802172304917782,2.2536082848613295,2.4337801591121995,2.282902804782852,2.3283302239356463,2.1026809296920073,2.318678284
2.097980198,2.0520976794045254,2.3007532203996313,2.4297171083238935,2.360510175350429,2.418911091781857,2.2758115892581245,2.405048676
2.18539604,2.007548885947624,2.2654805677487153,2.4053605980560078,2.3166053185372735,2.4064969437960904,2.319025484125431,2.380050659
2.097980198,2.063440244371228,2.2791926646968546,2.4526369378789163,2.3320146726648714,2.336785857294132,2.3209156950171064,2.358345795
2.253386139,2.0104209098517134,2.2631796343722814,2.2124761568123072,2.274329932730764,2.433108050363021,2.2670696018107357,2.4325914
2.020277228,1.7449456426983212,1.9056245339901385,1.8466443867105582,1.9004009129752846,2.0987633698216843,2.332102143389898,2.225422211
1.73860396,1.4631127250858018,1.6261265892598797,1.6176593082322557,1.6172460207437611,1.823071112771347,2.1115717760678128,1.885479126
1.43750495,1.2209998756564593,1.398231741880707,1.4813599122019752,1.4433057292080447,1.4979574769739399,1.7556960725592325,1.642534332
1.35980198,1.154049464290143,1.3594297758482314,1.5027070316990068,1.40762127962838,1.4443236513895095,1.5146927316667234,1.485660553
1.272386139,1.1036712131305177,1.3406086900327163,1.3272676326281672,1.3527919391505974,1.4092036866348385,1.369848221793634,1.499132538
1.233534653,0.8943545408725396,1.1102162617019218,1.0345141423957527,1.094962505847519,1.3224329098658714,1.3929502866755283,1.38536911
0.777029703,0.6246206295963275,0.8059708586514408,0.8368563139473602,0.8509192713887004,0.8897952510719556,1.2517777046518976,1.075663147
0.747891089,0.47147833511875253,0.6866194327203956,0.7236312150383801,0.7077877302935365,0.6651218340075333,0.9199460078466056,0.877175903
0.573059406,0.3194566263392586,0.5510672530528792,0.5940130140408412,0.6000844447136405,0.6105850032173377,0.7467549278137225,0.747395783
0.495356436,0.1869162610855842,0.43012261499243537,0.3619145818400849,0.4383819384785627,0.4288084809438062,0.6148932605932796,0.618813171
0.310811881,-0.07204086418677136,0.11776272482393475,0.08209644031142731,0.13387810720134694,0.23631431283210638,0.49223518181700376,0.396824799
0.019425743,-0.33330561852753043,-0.10319037082028504,-0.08585666883397068,-0.08158099520504997,-0.06730688796813358,0.2756982986590492,0.105680237
-0.174831683,-0.5398762940036291,-0.29705804093672555,-0.29918402474007266,-0.2739109394159411,-0.20362048503693134,-0.024530293532893585,-0.057779846
-0.45650495,-0.7255370882187121,-0.4708980083823881,-0.5207072557471387,-0.44523908199034185,-0.4465839466632638,-0.18374191649041707,-0.249531097
-0.553633663,-0.9615425562325974,-0.706283162092966,-0.8133344725470637,-0.6902656492182376,-0.6383447028855763,-0.39427258478299604,-0.494571533
-0.971287129,-1.2370674509613089,-1.0071659425686033,-1.085193415933755,-1.0063146505722498,-0.937757228053431,-0.6128210892898279,-0.758323059
-1.048990099,-1.4591926689798096,-1.20848600226228,-1.15279189682815,-1.1584816877802786,-1.210539829343959,-0.8884915987810229,-1.00036972
-1.301524752,-1.5822667342483039,-1.2974967485689477,-1.464482770362165,-1.270040385366313,-1.30167724586163,-1.1654600521854428,-1.118174744
-1.408366337,-1.8968725815935186,-1.666225970230622,-1.8880271755650302,-1.6898056844052973,-1.6307547481283657,-1.2272463844216397,-1.334474945
-1.952287129,-2.286242195026409,-2.092801503303226,-2.174289506413486,-2.0712733259756337,-1.962223588794487,-1.494096190280142,-1.799108734
-2.136831683,-2.519071110236753,-2.2627807951290593,-2.232782594724373,-2.225617073293859,-2.3087482943785567,-1.9486453112162974,-2.078727264
-2.389366337,-2.6714012895090344,-2.370319258271523,-2.506812100316771,-2.3835658190130307,-2.3362471055423835,-2.2277749794552246,-2.213297424
-2.467069307,-2.9045411429127403,-2.6459470773644664,-2.3506306529537193,-2.535605251576829,-2.6261443000143125,-2.3107155312170558,-2.397863617
-2.758455446,-2.7257402407762084,-2.304413289612786,-1.7081491854043518,-1.9823926496141504,-2.5510371344145617,-2.5774453543792673,-2.449655914
-2.127118812,-2.1681234318320257,-1.6631276800397903,-1.3435579176214973,-1.4242298616167577,-1.8470302414875346,-2.5146844363671867,-1.855242004
-1.602623762,-1.809838259253398,-1.3795044401484282,-1.2300533835231144,-1.3154288246284973,-1.4401845215014315,-1.8439101693327613,-1.381626892
-1.330663366,-1.7086595169364147,-1.3276532884025039,-1.2145859153053675,-1.2679507462565218,-1.3264432512633637,-1.4185549198874068,-1.226848755
-1.35980198,-1.669448661017669,-1.324514926095754,-1.277323354214204,-1.282274713249957,-1.3417482231971345,-1.3392772877856771,-1.23089035
-1.388940594,-1.7094378927290506,-1.4030843642560964,-1.2987141530168755,-1.376973893193287,-1.3159453889462411,-1.3083829966281655,-1.232536926
-1.515207921,-1.716553187711643,-1.3992410583267796,-1.0001330307202052,-1.2439014100647032,-1.5292173479082054,-1.3623983988420099,-1.304387512
-1.408366337,-1.4737515853986254,-1.0756269137306298,-0.6817021369967772,-0.8769471812165743,-1.256101804771717,-1.4190729376960682,-1.134341125
-0.961574257,-1.1724960187186464,-0.7630943658434797,-0.4786885872382516,-0.6599407465232221,-0.858722069147686,-1.1695173603900202,-0.831520844
-0.845019802,-0.9640367760360512,-0.5962800636496172,-0.30917702463166896,-0.5211179054234883,-0.7038866305632677,-0.8359220144811349,-0.569415894
-0.611910891,-0.7877808304892657,-0.42746678679584527,-0.08590479317614524,-0.2948550570768923,-0.48231817711849906,-0.6336283566918057,-0.422122192
-0.485643564,-0.5945453435944564,-0.19657112317029618,0.03896732890947918,-0.10644836525909682,-0.30525775744471484,-0.4817596120846392,-0.184266815
-0.165118812,-0.4171299983778755,-0.0750543679341173,0.22079773621974294,0.0070685988711231065,-0.06546983321658273,-0.2368411819773669,-0.012573853
-0.22339604,-0.21767857051899178,0.10654256049710958,0.4550760441223262,0.19298599115502127,-0.016783564803829098,-0.08767835817250562,0.122595062
0.194257426,0.016687180370798,0.3606287222152684,0.744429173507243,0.4709057046492968,0.26117688017121166,0.050848892068521105,0.37796402
0.30109901,0.2623587347164517,0.6143800604717304,1.0764994046810978,0.7049697848546139,0.5152408807174227,0.30949736260618993,0.59905426
0.718752475,0.5888452350179348,0.9753464055893968,1.2705457706731476,1.0499570532780556,0.873730866069143,0.5576615823096334,0.920136566
0.864445545,0.800477396372187,1.1254464745198811,1.3162290387089581,1.1662031578528333,1.0613631760579558,0.8793781968692688,1.219663696
1.214108911,0.8894436026177412,1.1866713840681828,1.7249696260004093,1.293715744736805,1.1094510853720347,1.1279085173888714,1.207838287
1.146118812,1.211638613369203,1.5682064775216287,2.120538078913587,1.668989687711312,1.5453608534622882,1.170715840314978,1.51993927
1.612336634,1.6299559946446223,2.0050815496996335,2.3856624623815352,2.07531440294898,1.9268884810905438,1.468743020734814,1.940863953
2.127118812,1.9045686373181354,2.248947914195719,2.4168277031035488,2.2979015760316965,2.3476542456475187,1.9289330465737748,2.29682373
2.204821782,1.999076239785745,2.2687160222778946,2.429523660396281,2.289476760479158,2.3062554040822776,2.230357459655397,2.388582916
2.146544554,2.0418802585948046,2.2814642282911013,2.3473002514032277,2.317668634168112,2.381554340257428,2.305590326840392,2.404000854
2.088267327,2.006724884659461,2.204268217532895,2.4353696690641438,2.2511884094521695,2.2989792638150814,2.2908997847298567,2.35415451
2.010564356,2.026167980741084,2.270411357503164,2.426655732140775,2.33855973193782,2.2786856719763544,2.2740171886976217,2.326013031
2.272811881,2.0776290177526735,2.3371965000819794,2.0384256369955485,2.278129468202053,2.5259977899953787,2.2461483561603255,2.464325409
2.117405941,1.7655351592629414,1.9054724398132745,1.744711443744317,1.9028340760523885,2.057662572038243,2.382812469181516,2.195783844
1.631762376,1.4525631830555867,1.6239111462869804,1.5270151935600722,1.625851088710649,1.796242431510849,2.024780249069141,1.873204651
1.476356436,1.213199453926619,1.4012525362119668,1.5179994461158346,1.4249685057502373,1.4718588852656054,1.7021010367957248,1.596280518
1.194683168,1.152695908506035,1.3848993361655972,1.4705754852955841,1.4242525544588744,1.4874206634487357,1.4649460378028443,1.509610748
1.330663366,1.1419671459920684,1.34972068630934,1.196813198546717,1.3392077719957465,1.3870119469599114,1.394985241463119,1.50003067
1.107267327,0.8989498945071536,1.0996933214679752,0.8961284818855124,1.0005435015453252,1.2030997437426119,1.39829509311999,1.373543701
0.990712871,0.5944097741229596,0.7785551592966341,0.7970917453447015,0.7694136390492095,0.8516674254915284,1.1958324102494864,0.972826996
0.543920792,0.4723390432219229,0.6890808674561923,0.6221290615176173,0.6833131107324739,0.6530666065907337,0.8533540397073957,0.825832672
0.534207921,0.2965755311089999,0.5039910786697913,0.44991086520758256,0.5043183034078139,0.5725010744155404,0.709325006637135,0.717458038
0.281673267,0.1441747104908392,0.3589298186153495,0.2674574777395674,0.3751086024112638,0.3304649616346287,0.5541970433370494,0.50549881
0.22339604,-0.026871451530550077,0.1688491172170702,0.10734826134777942,0.1594700337835001,0.25231779420544437,0.4036864788724678,0.375718689
-0.097128713,-0.23283365224805472,-0.004619341910574728,-0.1480215015012799,-0.0013530369785524014,0.004485673127283827,0.21683366812366844,0.149239655
-0.116554455,-0.5005370304840707,-0.25357033945591717,-0.38403205106916877,-0.2823074522158854,-0.21757145594668995,0.028373955672115085,-0.014669495
-0.611910891,-0.7371171886125569,-0.5107581701824458,-0.603524503888275,-0.4821983088189828,-0.5024753399169258,-0.19710874351194344,-0.323477325
-0.611910891,-0.9600374435405923,-0.7216002368221155,-0.9124056702983928,-0.7095347267742611,-0.7181355649187704,-0.48894135752907514,-0.504900055
-0.932435644,-1.2377671497158171,-1.0398121913665888,-1.1227210474376088,-1.0400244178653968,-1.0455514031324682,-0.6829957822070616,-0.828078003
-1.233534653,-1.480182416775302,-1.2424968885697942,-1.1287079222113203,-1.194073696443164,-1.2921275221868733,-1.0078958828091804,-1.082099762
-1.28209901,-1.5525918218278103,-1.24470820790802,-1.4956447029579882,-1.223758533193195,-1.2718353416728536,-1.2341915163081174,-1.114133148
-1.427792079,-1.874086803278569,-1.6182040912383084,-1.9371964745814962,-1.6219026549333975,-1.663033468254197,-1.236480495554011,-1.357676697
-1.835732673,-2.2618587776512715,-2.0683473345313454,-2.1540054353698466,-2.0554138835689746,-2.0557697119541154,-1.5790115239188642,-1.833088074
-2.360227723,-2.5366510602918,-2.270193417816215,-2.2159406215019057,-2.2039666217827603,-2.35953104742837,-2.061301231576378,-2.102827148
-2.321376238,-2.6673542462857553,-2.321637349754702,-2.422093477645688,-2.289374228528097,-2.3327295892662816,-2.275668762374333,-2.214944
-2.544772277,-2.8357877868316446,-2.561421225532305,-2.3397118000824793,-2.4911216090734785,-2.677578268189475,-2.328437673047456,-2.351460114
-2.525346535,-2.7273940862776813,-2.372887225762305,-1.6963704135575879,-2.0911688506680672,-2.4870770749951756,-2.533058522291033,-2.369273071
-2.165970297,-2.206300357942136,-1.6968787167200778,-1.3187578569760372,-1.5933782291174463,-1.7188654424889436,-2.3907952423910506,-1.787283325
-1.456930693,-1.833358638800174,-1.3756951787621765,-1.2334146592465332,-1.3117495916972817,-1.4107672914074034,-1.7459100989949665,-1.3350737
-1.495782178,-1.7133507539740498,-1.3502514972069333,-1.2201169018460118,-1.2795783690983633,-1.4512818892114032,-1.3851123271369876,-1.253493347
-1.340376238,-1.6899429481566448,-1.331346548812371,-1.292186603703009,-1.286390948162672,-1.390197246362364,-1.351127547428854,-1.225800934
-1.495782178,-1.7572567056123276,-1.4353704110928072,-1.4008371803053599,-1.3917919417396647,-1.3900334885688441,-1.3393267313365076,-1.280437317
-1.58319802,-1.7846363280848143,-1.4903432804451515,-1.1010255827072986,-1.402731179694068,-1.6027376571311711,-1.4206899770013437,-1.396446075
-1.524920792,-1.5501947682944395,-1.1750256335888527,-0.6816174579745489,-1.1199263352013928,-1.2181299835796568,-1.498752180074371,-1.185983734
-0.961574257,-1.1953448328827332,-0.7670872067250946,-0.46773218504557157,-0.7392424032463091,-0.7892680930737768,-1.1945401661515616,-0.764909363
-0.689613861,-0.9899271761796739,-0.5524680945921334,-0.33501143771681197,-0.5255814625041648,-0.5477245168745573,-0.7880318837010735,-0.528999939
-0.582772277,-0.8192461055370736,-0.44047950634859356,-0.12949230744920426,-0.38285975224688,-0.40209872178650347,-0.5774065522994153,-0.361647949
-0.417653465,-0.6142244125309739,-0.2253490074594804,0.037425528607050694,-0.1337308058469898,-0.28708424054284226,-0.4453007756835461,-0.186811523
-0.203970297,-0.4035934557069504,-0.05650193339834745,0.23653100843199568,0.013439590083110851,-0.021861197502979324,-0.21828772454218742,0.007783813
-0.07770297,-0.20758859163989862,0.12336843780509493,0.49225215357724095,0.1553429067398309,0.04032163837961608,-0.03624999323229581,0.176033936
0.184544554,0.05206988057529124,0.40450694252797104,0.7404138236886185,0.4577823235270726,0.3713722316939068,0.136115290403783,0.453706513
0.466217822,0.27984055614611686,0.6272763738966607,1.0407437198062708,0.6764863231221886,0.5753382528662162,0.41318968594786326,0.686921539
0.611910891,0.5526097966890336,0.893621327406261,1.2493569429042954,0.9541466200495462,0.8405866942725982,0.655589331446823,0.923280029
0.981,0.7656845220828812,1.111818675034258,1.4247057295376022,1.1455433950791984,1.0984169887718338,0.9059061975201407,1.168021088
1.000425743,0.9742124628376089,1.3085169563664258,1.7089978534023271,1.3476684209768497,1.310423850576142,1.1259544919915454,1.360221405
1.495782178,1.2572572512755043,1.6024181808238003,1.9614421992290896,1.6360582643008474,1.6223061123786646,1.3273526691275517,1.650617523
1.515207921,1.5256821325073622,1.8830013034480615,2.269778600935297,1.9538757956339117,1.8637443488358563,1.6154583938046614,1.895059204
2.078554455,1.8153474440330737,2.1845303727236516,2.4213869131596906,2.227876149253806,2.2059492511187644,1.899368666736755,2.225571899
2.127118812,2.00149827650436,2.2965209339050654,2.4331409492238762,2.301984404486208,2.3014244902375127,2.1863419795047876,2.373464355
2.214534653,2.035690550325415,2.2778026694324383,2.402722817495868,2.286647551139535,2.324734909705906,2.311531770925848,2.399959259
2.088267327,2.00842976009523,2.247015103738165,2.428596583490164,2.288000338162052,2.2532423173638363,2.288300698881881,2.384541321
2.165970297,2.0599197576331942,2.3077077034135565,2.4990590911015564,2.3501782677283503,2.409990229741126,2.2621697676199624,2.399360504
2.214534653,2.1081701880498223,2.348973861234172,2.1626098426120675,2.3738142013533574,2.5045953772084877,2.3612893456272093,2.494263153
2.078554455,1.8103454730953914,1.9450227695253788,1.8044328497003788,1.9945255798931705,1.9973960553225614,2.37468784433609,2.173330536
1.612336634,1.485806152774621,1.6324298992353272,1.6029843259081487,1.6864577966528498,1.7321147278908413,1.9532956260880443,1.808539124
1.418079208,1.2367593278779818,1.412684685110156,1.4444049487613735,1.4628850438648011,1.4440961265667733,1.6340782563939213,1.571881256
1.252960396,1.124360539188448,1.3176107016483045,1.4697678532441505,1.361108342567557,1.411100544245807,1.4292545993862695,1.441203003
1.194683168,1.0780337381600236,1.3418542563730727,1.385665429818107,1.3614070032488321,1.3439182384202522,1.3425010767095984,1.43222168
1.291811881,0.9817948699193212,1.2054121471043064,1.1138492251402006,1.280497247403955,1.2999456290020448,1.3504974019319416,1.378184052
0.835306931,0.7196822981601357,0.8789768712742522,0.8347607444928138,0.9754226055947309,0.8957105286939225,1.212850343135167,1.065035248
0.611910891,0.46847783091620154,0.633129200205331,0.6649089016281362,0.6927748993951574,0.6631260827904644,0.8853730529421299,0.809366913
0.359376238,0.2934646581952701,0.4952701699718465,0.5513142018394843,0.5470033297100879,0.5364775357942636,0.6414099332936694,0.646804962
0.388514851,0.15163478152890048,0.3665875572415727,0.36441358052067563,0.4677197671918615,0.3647696674528963,0.49175275298770377,0.516575775
0.135980198,-0.07049691583413585,0.17479303939225968,0.16153579815986316,0.21150205923133342,0.2328827621052188,0.3598960382452281,0.324375458
0.009712871,-0.24349134111267492,-0.03561765918008927,-0.028320222098800203,0.031090346473220187,-0.11179185197539147,0.15836081156830473,0.11930191
-0.310811881,-0.4749001031879853,-0.2697718000486497,-0.3222211898261547,-0.12678931863512838,-0.23706875196977184,-0.034176293838018006,-0.076490936
-0.514782178,-0.7257115982268243,-0.49946615755338986,-0.4745077778661129,-0.3899062224014127,-0.5537525216238335,-0.2793122317776515,-0.350720673
-0.738178218,-0.9266841522705291,-0.7029885578929935,-0.7613681486235928,-0.5860672904037066,-0.7093062083771522,-0.5192550712482282,-0.511935425
-0.893584158,-1.224151236877261,-1.0279467049943498,-1.0524047143392674,-0.9242676668999118,-1.0790095869121177,-0.7033423732804784,-0.812660065
-1.330663366,-1.4603761302014402,-1.2143583153093067,-1.0644180226335473,-1.1528012454939678,-1.2677542822264436,-1.0499544922034192,-1.084494781
-1.194683168,-1.517347255663382,-1.1998711675077334,-1.3625532642473355,-1.1705351942484568,-1.236150379515416,-1.2039947371288635,-1.075962524
-1.602623762,-1.8608371798291161,-1.6333255020254098,-1.8789351711984996,-1.5867450730143005,-1.7785008986480308,-1.2187554347753142,-1.410516815
-1.962,-2.2632482997937453,-2.0738728057050566,-2.0961829199745914,-2.0074049987751756,-2.1510476739584066,-1.7141527231806308,-1.914967804
-2.292237624,-2.495920680392222,-2.2525306611377123,-2.2139373727090006,-2.1612372151141477,-2.4070518931653875,-2.1017344331502223,-2.106419678
-2.360227723,-2.6525142248353526,-2.3524652774363535,-2.3580359040852015,-2.2785955579990174,-2.3706909454283402,-2.2736308311969036,-2.251617737
-2.467069307,-2.822897839512318,-2.5518999529030677,-2.4730421757883545,-2.506588598584598,-2.711000528140289,-2.366842633131009,-2.392325134
-2.612762376,-2.785009628041576,-2.4167204603765953,-1.9403512233889875,-2.341225463374329,-2.399567729321193,-2.5898323269630827,-2.371967468
-2.010564356,-2.29614406527837,-1.7842803234062967,-1.4251374360849793,-1.7087426976915403,-1.7455626464081557,-2.332540188440824,-1.786085815
-1.573485149,-1.8317835801580014,-1.3678273171541897,-1.1726649926337753,-1.311866984011148,-1.3977503722330609,-1.710884258475549,-1.327589264
-1.320950495,-1.675806478885145,-1.2977517014591058,-1.2319935589692113,-1.2557061184208707,-1.3045615564691377,-1.3319516607450048,-1.19930603
-1.456930693,-1.6992650049827116,-1.3392655719811495,-1.2520866659901924,-1.3071631641800396,-1.413379583904826,-1.3098073361133868,-1.226848755
-1.418079208,-1.753622908958208,-1.4500951961571096,-1.4065886027390044,-1.4061864428567323,-1.4511685860081172,-1.3473237521068813,-1.297950897
-1.719178218,-1.7985474778219535,-1.5133782269728768,-1.3002939086955374,-1.4445480321909459,-1.5402455071802055,-1.4787090319366003,-1.420246582
-1.418079208,-1.6004155279706134,-1.2047900355176737,-0.9056845433211423,-1.118297881071378,-1.105104688366762,-1.4959586462004655,-1.165326691
-1.039277228,-1.2579647105519889,-0.8009651340804812,-0.5637297390365945,-0.7566526267018872,-0.7547946342344459,-1.1304711633440578,-0.769849091
-0.806168317,-1.0095590283698752,-0.5918081271202676,-0.4067419323448597,-0.5671162682571221,-0.5267316261722065,-0.7501911712341883,-0.548160095
-0.641049505,-0.7979586354007435,-0.4259339902084147,-0.1976098455948347,-0.3645971885766379,-0.38305659128869984,-0.5673136451617008,-0.354013825
-0.30109901,-0.6220126029837502,-0.222180535453185,-0.06457830167154675,-0.15678489303674242,-0.2643523765441984,-0.36366323539811096,-0.159867554
-0.281673267,-0.42162939368082875,-0.06595134487697549,0.1561103438928587,0.004420954931296906,-0.025334207908754507,-0.18654210590864442,0.028740234
-0.048564356,-0.23077853196741707,0.11739145445935209,0.33700010745599446,0.1859140476986119,0.0891760630985397,-0.0009544519460443513,0.196092224
0.203970297,0.01275744773985334,0.36758178080914883,0.6487354005255161,0.41651855922114733,0.4233496704993636,0.17993871163222988,0.44936554
0.437079208,0.23272700499703064,0.6061237200254832,0.8285403384148698,0.6672833610712573,0.5614270111064169,0.4370657303927155,0.688418427
0.777029703,0.5000618515394569,0.8682624663072721,1.1497973099351808,0.9286040699397211,0.9297112543067214,0.6708275807679818,0.932710419
0.990712871,0.7375903611844962,1.0806369844891635,1.236839312821649,1.1113427127703963,1.1101689744512073,0.9589466476456202,1.201401672
1.010138614,0.9531416219212204,1.2501327238582787,1.5549129899829077,1.3355685804183335,1.293174971933956,1.0968370117412625,1.325194244
1.330663366,1.1238015014467655,1.449939480737198,1.4362335053116635,1.415301410469951,1.4516325005489112,1.375418837267671,1.578766937
1.165544554,1.1369503200349955,1.3925884582762373,1.9582585187136623,1.4291132962401096,1.4202625381714356,1.3659869699454394,1.354383545
2.292237624,2.0581540406217353,2.6700557491115195,2.9749699432272556,2.6701728125028343,2.8791589637497728,1.6736255739962005,2.71580246
2.739029703,2.3810267312974958,2.6742363185875764,2.5190817971342785,2.6755060143963583,2.520219650083591,2.8875717728487684,2.757715302
2.214534653,2.0390749872210745,2.1813263059765986,2.3173667108649543,2.2416237987985976,2.2938397436320654,2.5124481528579845,2.3834935
2.029990099,1.9484245822879251,2.1453611956946297,2.269789994548524,2.1868073124852727,2.2146608898019786,2.207174143982444,2.263143768
1.913435644,1.9393459615827557,2.1821840005901456,2.4547431456684308,2.2121436779973105,2.34649027874539,2.1501852534667654,2.276466064
2.253386139,2.0583864238962226,2.361213251392014,2.370257195272549,2.371113453721277,2.462618388325413,2.2827592665571834,2.496807861
1.971712871,1.8553471323322115,2.033112153874091,1.9839211199039657,2.09950720220776,1.9783260260128142,2.321527521631846,2.190993805
1.670613861,1.5246232943115445,1.6483508855880666,1.6773057094755641,1.7083548935223298,1.723131057097477,1.9268664971318576,1.814526672
1.330663366,1.2646056552344338,1.4345307446116493,1.5224305485662093,1.498809993673428,1.4243210962356714,1.5936871131626833,1.581012268
1.262673267,1.114865839509744,1.3190534417539368,1.4479510646599856,1.350633803068551,1.4111067018314325,1.411202521885724,1.445543976
1.107267327,1.0789904919303845,1.3127902973506809,1.3972746744764801,1.3277181409518408,1.3301161371426091,1.3331260200337591,1.411564636
1.233534653,0.9522741311829194,1.1636146050393952,1.1694146384817015,1.1731202233224045,1.2060492268100902,1.3131323217731232,1.300944672
0.815881188,0.6954770973651266,0.8522409291346946,0.8959815940630187,0.9289564769141954,0.8335235402207075,1.0951998770416536,0.984353027
0.67990099,0.5134310000039328,0.7329052671930727,0.8594567200299764,0.7526900381533368,0.7848502888281687,0.8136620757676039,0.817300415
0.573059406,0.41913084395005,0.6530686275659187,0.697973869639897,0.6886718087932748,0.5931730936600401,0.7132519199809872,0.775537262
0.30109901,0.2119909145819965,0.41367870965435727,0.44029955444879315,0.4574173524654253,0.43854272729835436,0.5865753829608835,0.534388733
0.106841584,-0.032302468713582964,0.1628610224872467,0.18061949519779896,0.2366310955780642,0.13363230473821747,0.345527979136788,0.29488678
-0.097128713,-0.20669070517634056,-0.00023857464303162954,0.07243181289470065,0.04822262283588692,-0.09243672607513624,0.10603385113774574,0.107925568
-0.116554455,-0.40891148765669694,-0.19166711343619788,-0.18469116255089896,-0.1345695512484908,-0.23410348691072233,-0.04505453112991814,-0.066910858
-0.505069307,-0.6637763068724981,-0.4541077470041208,-0.42254431055696334,-0.4150329095942366,-0.5401939809941211,-0.2839584620796114,-0.318088532
-0.747891089,-0.910083655935055,-0.6785835721877498,-0.6628987221553907,-0.6353788288120876,-0.6942016928235584,-0.5351218209678473,-0.536634064
-0.990712871,-1.1876463145711948,-0.9679840052423411,-0.951771010597359,-0.901161262829332,-1.0713008121311065,-0.7482232144952189,-0.855920105
-1.146118812,-1.3963771018446791,-1.191200211300283,-1.1042652402242328,-1.1116529103330504,-1.2522756778201292,-1.057150694179446,-1.063238983
-1.330663366,-1.5317829583432545,-1.2374082893760336,-1.1772975577652522,-1.1883583502191435,-1.3174073683632972,-1.211132076542082,-1.128952332
-1.43750495,-1.766950352096886,-1.5199283128176022,-1.5688483566776583,-1.5215593256916349,-1.717731119806562,-1.2957901134099494,-1.394949188
-1.991138614,-2.159732248806469,-1.9803068952398246,-1.9919544416376964,-1.9642112892947783,-2.122203061310908,-1.7075578207229252,-1.86631897
-2.272811881,-2.4977982888562353,-2.287403214068437,-2.2968342947272316,-2.275275206898477,-2.470321152783315,-2.1009035243751457,-2.123334503
-2.777881188,-2.747418872869539,-2.478013226033221,-2.3869590851761235,-2.4009289060856376,-2.372797971769756,-2.388626991235964,-2.361938324
-2.603049505,-2.8359384170237276,-2.5160812369257908,-2.4352342776240583,-2.447704202767774,-2.548243788753845,-2.479591588372766,-2.41971817
-2.661326733,-2.804345577809063,-2.435662809939976,-2.1675030326726072,-2.252739558377893,-2.245350532797225,-2.5376952542633084,-2.295775909
-1.952287129,-2.3315480527487287,-1.8241851744439221,-1.5469614656159296,-1.5836707501538843,-1.6688996367507765,-2.249528183186974,-1.755249939
-1.524920792,-1.886188472392074,-1.3754771760431945,-1.2262289559873658,-1.2662422865641918,-1.2592449508816268,-1.6075000916679285,-1.276994476
-1.340376238,-1.6871688011901542,-1.2849150474269238,-1.2121894267470796,-1.2252714289150342,-1.2831377234884758,-1.3141562537063525,-1.203497314
-1.456930693,-1.7188534846723063,-1.3724088907826704,-1.3047219207176084,-1.3620944684419922,-1.4142226943911003,-1.297457138535273,-1.268761597
-1.534633663,-1.775943653169472,-1.4919490482954563,-1.3769509505332687,-1.4339877571356099,-1.4517305147920494,-1.431888782027086,-1.375639343
-1.66090099,-1.8299901829656098,-1.5199614345388923,-1.369192319836451,-1.359869023532327,-1.491995100571568,-1.5172298979598242,-1.382075958
-1.350089109,-1.633572834005154,-1.2484260646056886,-1.0627734877124373,-0.9566078839434309,-1.0333794283554802,-1.4458022137886535,-1.157991943
-0.942148515,-1.2999054923246243,-0.8444641368348447,-0.6145231600504167,-0.643751520353981,-0.7474558165187478,-1.0539836714857058,-0.733025665
-0.709039604,-0.9929102095695067,-0.5779739200147626,-0.4185916645881866,-0.4192406177550536,-0.3984449546270376,-0.7081996630863442,-0.500409393
-0.52449505,-0.8411675979889622,-0.43561063882022977,-0.24747774628062927,-0.19488779980304496,-0.4052961011189559,-0.5051805311392839,-0.279468842
-0.388514851,-0.6294755246576177,-0.21430772213369523,-0.07599813486153396,-0.03685568209500263,-0.17413032093650332,-0.33418676517183576,-0.091609497
-0.155405941,-0.4517730161689109,-0.08989754689361186,0.04685024811734224,0.06423125961195889,-0.06639150666866803,-0.12198436406733126,0.046104126
-0.135980198,-0.25675721563460774,0.057786184430809774,0.22117878508258126,0.34074720571618705,0.08093663921182771,-0.029480254997049878,0.168399811
0.310811881,-0.00904910486849145,0.35154644708058186,0.530309812305367,0.5943944668998798,0.43141698482566826,0.19931506279857747,0.472866669
0.45650495,0.23760873978358418,0.6100181566391149,0.7573689344531906,0.8367707468445519,0.599920810283438,0.49812090687688015,0.738863525
0.699326733,0.46594698629716236,0.8165997630053705,0.987904389568701,1.1009382183751584,0.9086068527960655,0.7352009851389874,0.923130341
0.990712871,0.715396384083692,1.07402325983678,1.205008200366032,1.2597167974372216,1.0460809239996143,0.9479744446825051,1.219514008
1.136405941,0.9106287541143643,1.2294600614813431,1.3940686413660495,1.437406204239275,1.2760306258882743,1.19223273151849,1.353635101
1.350089109,1.0990469375311285,1.4531016247947934,1.6051077133350935,1.8147055867470152,1.5502704893741057,1.3379931137489107,1.58774826
1.73860396,1.4009025490255063,1.7857829005402621,1.9509282702336852,2.1091289257625276,1.9134940566968703,1.6500558318664562,1.928739166
2.049415842,1.7483023230283046,2.130151185679747,2.2499166866787275,2.304148657008523,2.1807213666521723,1.9885230053666991,2.233505402
2.282524752,1.9753981177113986,2.273923228295325,2.4356835104529355,2.3231331130115622,2.252108888633083,2.2729478020786362,2.383792877
2.243673267,2.043039303526847,2.297638713155784,2.4362811179701556,2.3007507060899486,2.3840632622702427,2.319820877970479,2.415377197
2.282524752,2.0333889463626487,2.27343997259677,2.4001716535783513,2.2810078565215295,2.2279936155818176,2.3292394990980068,2.393522644
2.18539604,1.9897900156993744,2.238732320060579,2.4011347619780277,2.3954281517784355,2.314599496646853,2.2478267890771835,2.363135834
2.360227723,2.0693405886611846,2.3624556599211184,2.498352307646899,2.1406680947994445,2.340824130979782,2.3548745479760766,2.457589417
2.029990099,1.881159874418683,2.069243813545275,2.238714463529434,1.7897232709199948,1.8784861878430112,2.268804775358297,2.143243103
1.622049505,1.5329658114207827,1.675129050020729,1.8516499547961545,1.5079355013993128,1.556278323038433,1.8198320746298475,1.781445465
1.369514851,1.2836413801335733,1.4552596230663326,1.612129299661824,1.4076280943982271,1.3893987686539675,1.545221282004426,1.542991333
1.28209901,1.1391648091081255,1.3297518412624172,1.4780433474064192,1.355552116886176,1.345027302983782,1.3834109058058557,1.452429657
1.28209901,1.121299754088638,1.362767764753517,1.490467555746801,1.3679054647338327,1.3768141455460123,1.3646225881460219,1.451531525
1.194683168,1.0099375371187138,1.2445139977109179,1.4031721311907854,1.0489814248813711,1.1456596002935353,1.3712210098722977,1.359772339
0.942148515,0.7537436126371254,0.9322003685280436,1.102223755386094,0.822420151840618,0.8070486998859251,1.0808080710914678,1.010398865
0.670188119,0.5156950979647714,0.7200855697442115,0.8720061673303918,0.6532152324581799,0.7045098404563236,0.8062140900122267,0.812360687
0.582772277,0.38941097796451624,0.6201603875654333,0.7451562365687089,0.5327201502822557,0.46365927476006863,0.6628957207544998,0.712667999
0.349663366,0.23845082364289638,0.4558749305339392,0.5948287607418771,0.2466925328796704,0.34043304295968396,0.5426880170920824,0.522114258
0.126267327,0.017729422290009712,0.21829170032774836,0.33029673414377536,0.08328326835152708,0.06033853610252164,0.32466764158140726,0.285905457
-0.174831683,-0.21390783446366085,0.017603407834925266,0.12285695165217983,-0.11613305216307682,-0.06625785102370756,0.08557602820617351,0.097597046
-0.22339604,-0.4591095809152728,-0.20029126610257558,-0.09754930754639558,-0.34150079577773357,-0.3543462353442074,-0.10896868151640293,-0.130229187
-0.670188119,-0.6597310269268571,-0.42503078236620023,-0.31166467009666454,-0.5448239009845797,-0.5336047634524792,-0.34464227380026,-0.360899506
-0.621623762,-0.8651113201834082,-0.5922291671562562,-0.5072604968401035,-0.7505978611335764,-0.6939223599314539,-0.5449317290224567,-0.523162079
-1.010138614,-1.0944020524510485,-0.8479459328187033,-0.7574782046561072,-1.117861378062848,-1.094789416560781,-0.7520941034409828,-0.81550415
-1.262673267,-1.4153591121378581,-1.1830937422703123,-1.106522454322891,-1.1524644890076412,-1.196024957918107,-1.0932454979137098,-1.104852448
-1.379227723,-1.5279125842650965,-1.214889732135746,-1.097647141354471,-1.3060307856484652,-1.3054942538346048,-1.229877621192713,-1.126257935
-1.427792079,-1.668410169853579,-1.3671967305035173,-1.3934302786097696,-1.7629013367985782,-1.5764474779033961,-1.2814578143936777,-1.334924011
-2.03970297,-2.05592551646189,-1.8326008116698789,-1.9190536686533155,-2.1446050724426136,-2.1412208103358172,-1.6900258643077029,-1.827399902
-2.321376238,-2.452078329603593,-2.21602550377053,-2.1530330090423444,-2.2580142497377222,-2.261322795187054,-2.1379899307492822,-2.151026917
-2.437930693,-2.6227892261444072,-2.3326011039237833,-2.2276682182753564,-2.427088373932086,-2.306259069504393,-2.318093244044737,-2.251617737
-2.622475248,-2.804794848838974,-2.477269081829766,-2.4202560312390125,-2.4322960301726515,-2.547149034438417,-2.4245663628850935,-2.428549805
-2.612762376,-2.876396227076716,-2.5415465078866704,-2.1781118187117294,-1.9021061657938525,-2.203617946841696,-2.559977611815844,-2.328557739
-1.991138614,-2.4401453027230176,-1.9829380516297794,-1.8067015122708663,-1.3694816455117584,-1.6392421681899667,-2.1819080988346684,-1.735491028
-1.427792079,-1.9289594432887947,-1.4108518876851937,-1.2943397580595681,-1.22962116496516,-1.1964404259205095,-1.5178541788504534,-1.287921753
-1.340376238,-1.6697741741608283,-1.2846986254715551,-1.1698505467031,-1.2304055599791395,-1.29266419385343,-1.281233095629901,-1.179547119
-1.369514851,-1.647039970002409,-1.2993556629493423,-1.19798446692122,-1.3438501084014944,-1.2943156220305512,-1.2891378120627943,-1.203946381
-1.486069307,-1.709523760200818,-1.413948557067827,-1.28605299402516,-1.4621527073917169,-1.5222728114886943,-1.3633297447732746,-1.319057007
-1.622049505,-1.830371712793786,-1.5520839795803583,-1.4456851728480222,-1.320157724742434,-1.4470916128565592,-1.5360559035783399,-1.42862915
-1.476356436,-1.7219482148370489,-1.3685735521555715,-1.2680959750612024,-0.8626547990094655,-1.1311666915774834,-1.4509617261922059,-1.191372528
-0.951861386,-1.382751698022994,-0.9372961915614163,-0.792285118351616,-0.5679216781972107,-0.6531701860845793,-1.0397126026176833,-0.740959168
-0.728465347,-1.0328539339969551,-0.5946870068549992,-0.4730204044478081,-0.43336849062972777,-0.47607769546478423,-0.6606958454540696,-0.473615112
-0.495356436,-0.8570595750932396,-0.4629844437331536,-0.34043465154719227,-0.2965090199120669,-0.4829473272024945,-0.47375813581893833,-0.342936859
-0.446792079,-0.7219559348923505,-0.3264961006243111,-0.2427145788721547,-0.09941041928022587,-0.21612308288883916,-0.37572105647893733,-0.180823975
-0.203970297,-0.5552052362708568,-0.1624252150528724,-0.0571632160490311,0.023067230724547416,-0.12985879139863007,-0.1882455819419546,-0.027393036
-0.135980198,-0.3428509142563787,-0.004082328200573943,0.08248413410299206,0.2633013919808503,0.1493048431253262,-0.05428952155048792,0.139509888
0.339950495,-0.08264447396626977,0.26173123227968087,0.31868625021486546,0.5341759893127382,0.36914060522130654,0.19272749652483717,0.453556824
0.388514851,0.16166327116013826,0.5232561162118566,0.6086646000071739,0.808710438510511,0.6363660501660553,0.48121084186893837,0.683628388
0.777029703,0.41334919936464315,0.7710855003516103,0.8366002446229125,1.016060591676956,0.8530486786471168,0.722277934336653,0.920435944
0.942148515,0.6684279509697635,1.0030127288887796,1.1014287654201333,1.199854216862965,1.106442142355886,0.9637775733306321,1.193917236
1.184970297,0.856507899158293,1.1763376850382599,1.2586276629673812,1.3693502210805015,1.2502899467249158,1.1774987006767808,1.292861481
1.243247525,1.02044123828913,1.3451415813687648,1.4272631940398703,1.698587362765948,1.5103717507644494,1.3037510925844804,1.548829193
1.73860396,1.3362636795730058,1.6947369774252785,1.7761319517890428,1.8842837793643266,1.8200615582582351,1.6223035275559676,1.822460175
1.971712871,1.5240797784808489,1.849188052436456,1.9631321670536717,2.343703551712051,1.9671320402089585,1.8431450868610957,1.95987442
2.447643564,1.9137563972682374,2.2628244513792706,2.285746698392996,2.6110877155765246,2.705182189733118,2.1764534766366705,2.612367554
2.428217822,2.2382464553056836,2.5967042795956643,2.739464383016559,2.2340074953356184,2.396470151950349,2.6397665670406445,2.582878876
2.136831683,2.021210150608181,2.202108075066055,2.439993412600813,2.1131945725546473,2.140269301542594,2.310544151238231,2.305206299
2.068841584,1.893749892758077,2.088530830824447,2.2360437981869263,2.2739154982632503,2.22263469892557,2.1055975980645414,2.199526062
2.272811881,1.9819268847874052,2.2444217105759683,2.333733789173347,2.2340698581148524,2.351018846711601,2.2460448539456026,2.411634979
2.107693069,1.9584220776682,2.218304338956423,2.4464209073943106,1.817676177338331,1.9268667531601278,2.282080387861271,2.189796295
1.641475248,1.6337957574724378,1.7833637002520906,2.023685112917762,1.6413009848042095,1.6503888550431907,1.8559474894111412,1.837279358
1.466643564,1.3949005420065483,1.5749309805629963,1.7807054183282807,1.4435282744764302,1.4364906351867082,1.6333865982179407,1.618733826
1.272386139,1.171677393796932,1.3894440287458578,1.559827526742297,1.3765916539159033,1.2950040467396506,1.4246101137324403,1.484912109
1.320950495,1.1182083563105174,1.3520853447779793,1.504565990777371,1.29716702639892,1.3397955255952216,1.349330780191222,1.449884949
1.107267327,1.0263012097268225,1.270002045736625,1.4510105407939613,1.091950638541382,1.0917455825272353,1.2918366809450117,1.324146423
0.883871287,0.8097168736475688,1.016636942268221,1.2743754056952064,0.7961520776911524,0.8471303287574833,1.0611313715179547,1.013542328
0.650762376,0.5414368028764772,0.7310557206621241,0.9598869998629596,0.7017072564515856,0.6290112254516905,0.773291915794975,0.825084229
0.641049505,0.42115914569225654,0.6554120681400741,0.8280453382854487,0.5595314462961319,0.5076149711852663,0.6658706341081334,0.726139984
0.359376238,0.27759132316877605,0.5072533354460343,0.7053559134289284,0.3781173252692746,0.38245368030113336,0.5482290964110228,0.568368073
0.281673267,0.10288131026018962,0.33437265196747246,0.5589100627211466,0.11627370439056643,0.11297639093013723,0.3567820202223211,0.365539856
-0.155405941,-0.13769533833615785,0.07200777624571811,0.32046686645657,-0.01401875089939589,-0.014585712305285329,0.11161682060237411,0.146395569
-0.07770297,-0.3154944572862126,-0.05856585580560256,0.16671256146929836,-0.28338690263810284,-0.2978970076938679,-0.01793809708717849,-0.023052063
-0.543920792,-0.5683896794286389,-0.33919523901395066,-0.0782808148582407,-0.4659318712086013,-0.4571816436512012,-0.30827420473950773,-0.303119659
-0.563346535,-0.7799033862085127,-0.49925213784951633,-0.334173043924999,-0.7400816430923493,-0.6978805498025205,-0.4929279504095089,-0.472567291
-0.971287129,-1.0005377565685278,-0.7626593217754448,-0.502939706212509,-1.0688859225464133,-0.9733417132865506,-0.7250075643036735,-0.760269013
-1.155831683,-1.3171237904750814,-1.0811024899276596,-0.8016150520511728,-1.1658558914303128,-1.2252670259723841,-1.0661211145563645,-1.064137115
-1.388940594,-1.502848673012554,-1.218641632621585,-1.0678144944096883,-1.3367214465586792,-1.2601522352035472,-1.210105096079897,-1.115480347
-1.524920792,-1.6429484455651282,-1.3162272120621863,-1.135372122091203,-1.7565702795530806,-1.587727335676012,-1.3140855426195905,-1.35378479
-1.923148515,-1.975173234684458,-1.7348900983100788,-1.4305759596851217,-2.0716699648825205,-2.040210720921388,-1.7088198599271809,-1.766925659
-2.26309901,-2.3242841025187304,-2.0925774336499106,-1.8528720681079582,-2.2298707939713998,-2.1718236180090957,-2.090151628964924,-2.042801971
-2.437930693,-2.573340437985914,-2.2848325822032614,-2.122407163611546,-2.4004962506460386,-2.337974691309744,-2.2848047263979208,-2.230811005
-2.583623762,-2.713690398315651,-2.4279009312933884,-2.278672047885946,-2.458808387636968,-2.4994256829316726,-2.427525715657311,-2.380350037
-2.622475248,-2.8571234877931175,-2.564806797504335,-2.415438668903006,-2.050512256651723,-2.2914829890030126,-2.5470197846667646,-2.37181778
-2.03970297,-2.5670611732779505,-2.16201063469268,-2.2962853378470838,-1.4328051868883354,-1.6361224483193393,-2.1854862967625635,-1.817520447
-1.466643564,-2.0789182206036143,-1.5678231911242704,-1.6979577257920893,-1.254986839167288,-1.267321119032301,-1.5586251969949765,-1.334624634
-1.320950495,-1.7340583067923738,-1.3072993799272536,-1.2712280691180713,-1.2274447897682959,-1.224581858849794,-1.302012457970718,-1.178648987
-1.350089109,-1.6614049400170974,-1.3076621033274525,-1.1937196830187924,-1.2941462860437734,-1.3175864430782718,-1.288013087817504,-1.198258209
-1.447217822,-1.6681038210426704,-1.324255794355977,-1.2005876929473054,-1.434803616141357,-1.5071192136058407,-1.3365748526996755,-1.27654541
-1.612336634,-1.7724995982496188,-1.5058457952326176,-1.318968172097714,-1.3299729654396815,-1.4591167997011478,-1.4943920179235308,-1.411265259
-1.43750495,-1.7124904189034038,-1.4123920733358146,-1.3936502417242305,-0.9471618159424913,-1.1687247570723474,-1.4000600270033043,-1.176852722
-0.961574257,-1.4528838636808814,-1.0419504546249196,-1.0946068069728523,-0.6865030545573019,-0.7561441949857579,-1.026825319193975,-0.82957489
-0.777029703,-1.1551779786605356,-0.734458486617525,-0.7346848562651954,-0.5224372488225472,-0.6224322213255318,-0.7452192453308535,-0.576600952
-0.495356436,-0.922446928568157,-0.557359766017287,-0.5157874295714863,-0.3036468841929069,-0.4110431924774681,-0.5423971776330032,-0.407003632
-0.437079208,-0.7158849636601863,-0.35625827953741285,-0.3329630841828566,-0.11926276688537722,-0.22386988189303655,-0.36171086854069284,-0.164807282
-0.145693069,-0.559004457414652,-0.17750935920241628,-0.15579083158094836,-0.0025202277088219034,-0.109189386847206,-0.1714872954511564,-0.033679962
-0.194257426,-0.3871106386444474,-0.0607192792854133,-0.015412440553197662,0.1904714620028752,0.023089887311797147,-0.048055929645852216,0.089813232
0.174831683,-0.18829006528734915,0.13407899084797756,0.09274622733367026,0.5227066215214727,0.334500533189933,0.1429430316572317,0.373922424
0.339950495,0.06917835851157317,0.39503015103942773,0.38529626030542985,0.7625885807730746,0.658195368186478,0.44879239546412103,0.602197723
0.786742574,0.3215682385467513,0.6282356323800665,0.6204275330197586,0.9722947615053671,0.8489987010133335,0.6734895271145966,0.895437927
0.922722772,0.5996585608199854,0.9341062691094312,0.8709045655330868,1.1742860723381756,1.1311739248197097,0.9622997924570645,1.112486572
1.155831683,0.785643203448428,1.0997412735303849,1.1310347902328395,1.276973244759536,1.2201549971459171,1.1464454668241457,1.24496109
1.243247525,0.933915086546358,1.2390691794379314,1.262962229880436,1.5446739750419751,1.5224036810812245,1.2700689346700686,1.427431641
1.563772277,1.171950574358193,1.4968589463732123,1.4320484935231403,1.919724252769855,1.7617090289721231,1.5415306214911548,1.74806488
2.088267327,1.4992548683642235,1.864202314443947,1.7020624301259548,2.273754289138647,2.2128927408317844,1.8994781352981316,2.148631897
2.18539604,1.8702120206719608,2.2113470727068605,2.132899902175927,2.2975165740096233,2.295661820812882,2.248646195355995,2.372715912
2.214534653,2.0224575960238425,2.301804220188262,2.4144190032226556,2.329898714617017,2.3250761325242273,2.3254331845691323,2.392923889
2.165970297,2.0353546830884115,2.2892251006042628,2.4263958650163158,2.279572873218247,2.2652396177169964,2.308325111897826,2.39397171
2.175683168,1.9985547698530253,2.2601620428058435,2.43201939670332,2.290038149674769,2.265030423758337,2.2688879250948744,2.338137817
2.204821782,2.0111763094707933,2.25678463951627,2.3531946948112124,2.2075313031814376,2.301233592969518,2.2877749751081566,2.4034021
2.049415842,1.9872612611821163,2.2206553721074727,2.4244434708637868,1.9096917913045912,1.848966174447818,2.2173276104792983,2.177072754
1.680326733,1.6998132353161626,1.8669826141403765,2.266232988739716,1.654014232820269,1.663301234879606,1.8472110994674038,1.859433289
1.50549505,1.4332652479879011,1.6058034669630694,1.9500927043285494,1.4586368317509488,1.3705793089169929,1.6233142937709801,1.62292511
1.262673267,1.2144384873793603,1.4044666881288117,1.6940385404071083,1.4015322614554786,1.3300096128130972,1.4023525527730252,1.467398529
1.272386139,1.1206203476508083,1.3505124434705476,1.5279620851341182,1.3442320004492267,1.3141274515797776,1.3708746653497605,1.468895416
1.252960396,1.067333222070349,1.33442493892309,1.488279157192831,1.053397186376431,1.0741557315045478,1.3381754313977077,1.35962265
0.864445545,0.8460289061118155,1.0613317663294786,1.4564457694600332,0.8221214495044787,0.7925216496620904,1.026257807979445,1.017583923
0.75760396,0.5910625798330217,0.7926006886554532,1.1480739095042005,0.7855509596710017,0.7043066324809177,0.8109183915172948,0.912352753
0.67990099,0.4825661408467573,0.732049206701859,0.9360776581984439,0.6236865402835755,0.6043629075584346,0.7226040930264412,0.756077728
0.349663366,0.3536461048499512,0.5735304180003146,0.8597339928953278,0.45332262232863696,0.3492631090820511,0.573227792291574,0.599203949
0.37880198,0.19386519214479686,0.4056689583586164,0.7148958976724464,0.2299797635609712,0.1944859432536093,0.4023248592660577,0.410895538
0.0,-0.04945846787986392,0.15402396296369908,0.5327124468060366,0.03674789504491938,0.009295483841268557,0.14368054883669057,0.151784363
-0.126267327,-0.24066552818023218,-0.00449354652096438,0.301195816075171,-0.18897297776787833,-0.20085919329458,-0.028469776737631035,-0.016914825
-0.37880198,-0.4724909850981938,-0.25347470723477133,0.10406856368998399,-0.4059991975245492,-0.5194812543785617,-0.2829384381600157,-0.246986389
-0.592485149,-0.6935479973900565,-0.43559196166704867,-0.11028479653499898,-0.5614279843626123,-0.5694751945911192,-0.48346448448081586,-0.408201141
-0.90329703,-0.8881856565516939,-0.6488219372241235,-0.33587700222463096,-0.8925632812143983,-0.9378778374300715,-0.6778831954387362,-0.698447571
-1.175257426,-1.2333441993260963,-0.9802447733101802,-0.5333998056883215,-1.1704344386566294,-1.2080623430093245,-1.0576731068380945,-1.031205597
-1.456930693,-1.5042362520985404,-1.2517890020577411,-0.8774462562830948,-1.2060783989592312,-1.2369272380765048,-1.2706827686071416,-1.165626068
-1.330663366,-1.5770068118872895,-1.2648303049023706,-1.1354972395961656,-1.451389239582446,-1.4341683250057504,-1.267455061613419,-1.216071167
-1.932861386,-1.7463268027539403,-1.4587858335966435,-1.1549534637220897,-1.897447441350852,-1.8825499215690198,-1.5537040284355914,-1.57607254
-2.165970297,-2.1451151502534156,-1.9189169076116877,-1.3406001678005541,-2.165587327257715,-2.2339743369688034,-1.9979594340155047,-1.995200958
-2.399079208,-2.4823686540309784,-2.236569965321091,-1.8365657379894211,-2.298479357303583,-2.2945625598302484,-2.256453176257033,-2.183509369
-2.554485149,-2.6414314645153767,-2.3510575690725797,-2.1305158736682817,-2.500799928024414,-2.5200837894937638,-2.3845909876933216,-2.343227234
-2.690465347,-2.844722291287023,-2.5524792713291418,-2.255311068679102,-2.338741192803031,-2.3861102749589427,-2.586230256759568,-2.450853424
-2.195108911,-2.756746450407051,-2.419261070954114,-2.4662136573662075,-1.703035601873566,-1.8074555742623206,-2.2903863193918688,-1.970951385
-1.602623762,-2.2881925070717637,-1.793870414563449,-2.311629654271192,-1.302073294484149,-1.3570413725193797,-1.653538812671474,-1.469194794
-1.388940594,-1.8703553264941717,-1.410910345316402,-1.729692450282188,-1.2412144055006924,-1.280897297291925,-1.345992070370169,-1.247505798
-1.35980198,-1.6869463639994562,-1.3084129959703816,-1.2998011433223293,-1.2535836545472525,-1.3073230150998447,-1.2749394425983798,-1.171463928
-1.418079208,-1.632029168764397,-1.290647233036143,-1.206745570755148,-1.3454778480864702,-1.443956433214039,-1.3007597352197726,-1.237776031
-1.50549505,-1.7287024626622707,-1.4282574208605825,-1.1594068782003446,-1.3784753002887233,-1.493566838427892,-1.454899071435332,-1.354682922
-1.408366337,-1.7442572125495508,-1.4231428125105587,-1.2957267082117243,-1.0526803623914132,-1.1053448905932024,-1.3549521459929112,-1.164129181
-0.864445545,-1.4928141304066267,-1.104791190930319,-1.351218767976626,-0.7299099304271721,-0.7986948956398245,-0.9978097104973747,-0.802780609
-0.728465347,-1.1848354102824104,-0.7769878621721928,-1.037221505424817,-0.5560170481009857,-0.6080118134270844,-0.7082878798883211,-0.576451263
-0.553633663,-1.0099535890421143,-0.6236232436373376,-0.7282258535051163,-0.41250436859108525,-0.4343860822232963,-0.5585323505254646,-0.420924683
-0.505069307,-0.8070021342180008,-0.4326664544330349,-0.5143954903021994,-0.20988562850194725,-0.24768757325961283,-0.3783422074507398,-0.234262848
-0.203970297,-0.6394736998866776,-0.25567338668828804,-0.36406999592481104,-0.07935210465224896,-0.1571572885689883,-0.19695361514337117,-0.059276733
-0.252534653,-0.45903707371452485,-0.1330423387356385,-0.16025843653110652,0.020229328899325306,-0.05497039845002566,-0.10089627851428586,-0.00583786
0.067990099,-0.3383015362348585,-0.03350697052542025,-0.04982852604073636,0.33844958247834217,0.3175037598921322,0.06592449664361984,0.248932343
0.37880198,-0.04029928544432238,0.2997149941055594,0.05045523860950485,0.6055734830179895,0.5419925237733344,0.44328725929211965,0.597108307
0.709039604,0.22428236068081786,0.5873415322874689,0.3533110631718935,0.8279486293134234,0.865398155270125,0.6469528376233303,0.82957489
0.893584158,0.47834898922542,0.8009784308261989,0.7035350421822716,1.120319852871737,1.0735522854791648,0.9396955899496012,1.102607117
1.155831683,0.7526756689897894,1.095708695043759,0.9026290105316428,1.2182899095380912,1.2099961447321566,1.1547521090788961,1.254541168
1.252960396,0.8907065618564829,1.163336396379631,1.2084212878828986,1.3949598876104596,1.3678469884482933,1.2332551357527697,1.385818176
1.58319802,1.075868016644695,1.3666146336741993,1.2692663611787554,1.6982878695842132,1.7434546077938795,1.5013412525321455,1.668879547
1.864871287,1.3676161610487005,1.6491554750767152,1.4718606890293382,2.084777428031599,2.0874259667227175,1.80761866239154,2.000739441
2.156257426,1.716296603282315,2.036911313831047,1.825504390402719,2.3070247117613243,2.257995031306313,2.1981085702577214,2.339634705
2.311663366,1.9597726456741875,2.2707513308904668,2.225206991456776,2.323469349822034,2.337391967676288,2.3181298627349065,2.428100739
2.195108911,2.0569296514198934,2.2988677156564683,2.4251016971283046,2.3101606230865706,2.2786456608973364,2.3414046007162073,2.432292023
2.350514851,2.044735676206645,2.306602253334988,2.4623324057102955,2.2815572850421217,2.23908186279574,2.311965299900883,2.376009064
2.156257426,2.035549476367456,2.2483142487901366,2.4218379861135255,2.2775513327471946,2.167836656498845,2.2825960888228103,2.384541321
2.078554455,1.9902035407375347,2.242640164060051,2.406189603569117,2.0097882950212838,1.9127187118222824,2.1909822703521926,2.197729797
1.699752475,1.783290557581522,1.9906728335666188,2.3494991672403103,1.7528220278413478,1.6359180127802964,1.8657790002031267,1.875300293
1.515207921,1.5137559461990775,1.6844422694513306,2.1072628023186337,1.5520057791460404,1.3636486692269292,1.6163726982234894,1.665287018
1.252960396,1.287641281421453,1.478284105845872,1.7931728029123166,1.4154063852635095,1.4287349589099925,1.4334439544339548,1.51754425
1.350089109,1.168404273392309,1.3638361962870382,1.5929212062156863,1.383262847861396,0.6923999460286888,1.3823060975542218,1.462907867
1.155831683,1.1197351581742752,1.3494929943123353,1.5048040559718134,1.2703143621664288,1.1211886565300893,1.3591377940487728,1.376537476
0.951861386,0.9744686317976027,1.218633533254865,1.4853315369075935,1.0133177578633648,0.5486784214149387,1.1018489717467166,1.103654938
0.767316832,0.73430977270631,0.8894415647136672,1.3176662168736708,0.7934606236226713,0.7257758343202233,0.8212377820901458,0.894390106
0.631336634,0.5492547390220411,0.7448479577622487,1.0230767470365034,0.7353175449924371,0.6238834548637568,0.7275757484829798,0.762214966
0.466217822,0.413139013739373,0.6402389924065116,0.8635213921183367,0.5705866335096543,0.45687907282599566,0.5876546160903171,0.658480682
0.310811881,0.26148478583143936,0.4917090164327504,0.786547851183628,0.37165537255220044,0.2386067052508508,0.4077814625258852,0.444126434
0.0,0.040693266646225516,0.26161991386829303,0.6166832012862987,0.12438817309042186,0.045807063874184345,0.1551323519794045,0.230071564
-0.058277228,-0.1520454792227456,0.07337380900161199,0.40254114924084855,-0.031970831109542054,-0.10183572568904856,-0.008447760454276415,0.045355682
-0.388514851,-0.3758525198052811,-0.11035077538784988,0.17808233168094625,-0.31476610522824117,-0.3989080072918255,-0.21842815844806437,-0.182769928
-0.582772277,-0.6556577855619484,-0.376674677992984,0.0489047964412836,-0.49055203263906644,-0.5434100681454387,-0.47841923834562367,-0.398171997
-0.825594059,-0.8354583101598646,-0.5773020220096322,-0.2633289208533961,-0.6933151803473004,-0.8440078614251104,-0.6533934889621243,-0.630488892
-1.165544554,-1.098073279265135,-0.8238214515617979,-0.44801250665527664,-1.0553084705201714,-1.1581607820379258,-0.9935050473188367,-0.969084778
-1.466643564,-1.3890351083092005,-1.1437403630089593,-0.6858685203214044,-1.1794591220053166,-1.2542947960081876,-1.2484581610589158,-1.163829803
-1.107267327,-1.5120797796957397,-1.2514263813841957,-1.0042029715732865,-1.2905984702019473,-1.2905169064528539,-1.235540647772456,-1.184486847
-1.767742574,-1.6176262465114892,-1.3046762929805789,-1.143027622688202,-1.778666100550507,-1.9239568477496012,-1.5089447686898751,-1.529219971
-2.175683168,-2.033396220157368,-1.7703050169307328,-1.1882831999238574,-2.106079099777576,-2.203468235224145,-1.9898624562217835,-1.950294342
-2.331089109,-2.3879782049882783,-2.1509390508869584,-1.6020521289551861,-2.2498498526698185,-2.345796570912103,-2.2662956525708,-2.175575867
-2.467069307,-2.6225929361116695,-2.3029137505071424,-2.0089902272374793,-2.416986349537277,-2.4791298876369354,-2.371440375210951,-2.300865326
-2.700178218,-2.6510925038427757,-2.454340008114589,-2.2058730658609296,-2.4108208027964,-2.4561131736072856,-2.558890483148161,-2.445015564
-2.253386139,-2.538258934184883,-2.5191133078434174,-2.25601782626877,-1.8577301892979587,-1.881489833015181,-2.328523392711535,-2.071242828
-1.641475248,-2.3302975222735283,-2.025841824747778,-2.464307848537941,-1.418247172637312,-1.460037341603257,-1.6845668876394753,-1.500928802
-1.427792079,-1.9217994934223614,-1.5063900203756353,-2.079881976152155,-1.3039322985991824,-1.4040342127940337,-1.3869603878842476,-1.268162842
-1.379227723,-1.7668345384958848,-1.3703705478700599,-1.47013320606469,-1.2627593158331754,-1.3107197833594062,-1.335498187941069,-1.229543152
-1.486069307,-1.6810277482054876,-1.3360269813131815,-1.287795168589909,-1.3257885720770992,-1.4761461604553123,-1.3416509748178467,-1.260379028
-1.524920792,-1.7315366869431061,-1.4025990844346428,-1.2161411218793692,-1.3959447358501709,-1.433592493576152,-1.4424742686156256,-1.372645569
-1.476356436,-1.7724027586980735,-1.4641009075092541,-1.2770025289068636,-1.1794983661511966,-1.1972562765229748,-1.3670517251396723,-1.199455719
-0.961574257,-1.5901622905293444,-1.2583178702210762,-1.3308491735568777,-0.8186022776392138,-0.833614730456856,-1.0278337454998248,-0.87642746
-0.767316832,-1.288691535096001,-0.9047879327715402,-1.237390189952459,-0.6249346717743371,-0.5776249960498716,-0.7485204315503006,-0.621806946
-0.611910891,-1.0709464656547947,-0.6918307429627473,-0.9142196665857885,-0.45709330509598173,-0.4199874079972507,-0.5659360696872828,-0.436791687
-0.437079208,-0.8404778080889563,-0.4976472268749255,-0.6361914664691742,-0.22499221194801758,-0.1659194930660402,-0.36229388284498676,-0.216150513
-0.213683168,-0.6553604030427636,-0.277581211931946,-0.45075463459994636,-0.1162600883904145,-0.11493785786360754,-0.18112482841430774,-0.065413971
-0.194257426,-0.490549727340821,-0.15458670105730724,-0.22925911149674888,-0.05587433720196327,0.05355369376737593,-0.11010202297238457,0.004790039
0.038851485,-0.3884011287362495,-0.10586092648912189,-0.05646766702859715,0.21898937158129408,0.18829060228148162,0.077640700037183,0.213306427
0.388514851,-0.14625237031418972,0.1695957315570957,-0.014534823997518863,0.4888866486997209,0.5087712077474866,0.3637888833422353,0.482446747
0.592485149,0.09159248907774846,0.42698562488595676,0.18781838242654503,0.7997297281279541,0.7994015102870412,0.6063161525636358,0.808019714
0.893584158,0.41251898657248853,0.7381592189817132,0.47252415041546697,1.1235236765093366,1.1390550756685658,1.0071838303576741,1.094523926
1.146118812,0.7195330241332426,1.0712743156315472,0.7339263584224149,1.1756392632895007,1.1730839729863214,1.1498993779130282,1.236428833
1.223821782,0.8530285619069059,1.1379663199693095,1.0787463899666145,1.3280549232860497,1.3466337608545518,1.2327208722814178,1.376836853
1.486069307,0.9903649285945205,1.28953559906003,1.2449197515778625,1.5844801133366402,1.6709858437744975,1.4620943488804112,1.598825226
1.767742574,1.2431753666546206,1.531864107817655,1.3568633623843045,1.9341690802118716,1.9562458703639607,1.7586276955875253,1.922302551
2.020277228,1.5623016470453406,1.861744938408257,1.5856573174379394,2.287260098644966,2.2804631016254437,2.1702008529047156,2.291584625
2.282524752,1.8970611956696768,2.2229777413870977,1.8613745703584594,2.3544282446435756,2.2614555550494315,2.343308571662907,2.421215057
2.146544554,2.039180647845233,2.3068966304403107,2.2756326717793596,2.278432240243451,2.266948802357563,2.317818617669475,2.403551788
2.292237624,2.033141973779296,2.287406728985598,2.43959229649011,2.264208727890945,2.149965029508302,2.2915219927663517,2.379152527
2.097980198,2.0049207021800104,2.2437553819714737,2.429268483825916,2.235618694028951,2.20394664696363,2.2437640783801642,2.338137817
2.117405941,1.9757386132913777,2.211357157698284,2.397720919389924,2.0730378683051986,2.017782460080106,2.1755624130195588,2.212249603
1.709465347,1.8485228466602643,2.0780669834915004,2.349078963041452,1.7715509189793266,1.681488170139405,1.8957057538081006,1.932331696
1.50549505,1.5832738006398923,1.7733619553884623,2.297305238379375,1.5385948660291893,1.505715724838187,1.6240670224503424,1.691332855
1.291811881,1.3235495651045672,1.5447683811774797,2.0440484711106186,1.4591746204212397,1.3958531862745536,1.4488282653695483,1.551224213
1.398653465,1.19221223939101,1.4014737704525162,1.7579814212184122,1.445811756472695,1.4466332930480763,1.4476426357606218,1.528920593
1.262673267,1.1649881956110681,1.4251251189686092,1.5810697204022863,1.2415262133000535,1.0898430762640012,1.365575295452874,1.417552185
0.893584158,1.0210321643839084,1.2776056101842002,1.5487998204960516,0.9490205439947557,0.8942350575824816,1.0515579618361959,1.07880661
0.728465347,0.7846292916332429,0.932683383252396,1.4959990923504243,0.8177101558590449,0.7816286645478732,0.8291266332028226,0.961750031
0.699326733,0.6003922139764152,0.811388645901316,1.2463669458016924,0.7198475732905156,0.7091232241617175,0.7689819011639428,0.85771637
0.466217822,0.4636461521445424,0.7212410958537164,0.9942637739599817,0.5429538765891824,0.4747175030617513,0.5939006611471827,0.695453796
0.359376238,0.29281704575398987,0.5437660698838228,0.9020896485397598,0.3192507148832396,0.2883590062585289,0.42825167614810744,0.482446747
0.106841584,0.0873953044411398,0.3452997907141188,0.7887840306002215,0.1251854332420076,0.10678578411209555,0.213356428334483,0.2866539
-0.067990099,-0.11201654903894341,0.15600209709883062,0.6122164940517826,-0.05745330739370181,-0.13855985713788632,0.02829041840162972,0.097746735
-0.398227723,-0.2927048122579323,-0.0311462908109579,0.3865937180345985,-0.3031782624954717,-0.3444818961826393,-0.20417182911796594,-0.143252106
-0.52449505,-0.5690120462674352,-0.29769863026793286,0.1728518346604161,-0.50049892991866,-0.614424672130067,-0.47471322774451463,-0.373024292
-0.796455446,-0.7956334768642304,-0.5181406514808993,-0.02411507836667881,-0.7287550684227241,-0.8315284625555355,-0.6704934651871745,-0.587528229
-1.087841584,-1.0259223267094193,-0.724675870157685,-0.2710487451608816,-1.0598204013071824,-1.1936488682902868,-0.9420901599187522,-0.88810318
-1.340376238,-1.3032006198478872,-1.019325843998461,-0.4642134061298355,-1.207335634722614,-1.2700133179815993,-1.2391231635345088,-1.147663422
-1.427792079,-1.4950194389361686,-1.2574947505394318,-0.726879735676315,-1.2725042095192796,-1.3771443472932472,-1.2670943937391972,-1.194965057
-1.670613861,-1.5997263845647263,-1.2980885371128572,-1.091291898194905,-1.5681049997490328,-1.8455570666369157,-1.5089735814269791,-1.436113586
-2.068841584,-1.893533147830556,-1.5810441361884393,-1.1573174924259912,-1.9849651862327897,-2.1506292569003427,-1.931919946817559,-1.854792938
-2.282524752,-2.290625469222387,-2.002734796190764,-1.2720705647493233,-2.2215367364996013,-2.3648872043583795,-2.2278957632390446,-2.123184814
-2.467069307,-2.5400203455872874,-2.2607868778075533,-1.7077704281807546,-2.355603401798106,-2.484924796979216,-2.371891797243285,-2.261646881
-2.64190099,-2.7249071595989167,-2.410842272537659,-2.0887382808611648,-2.5065252835199208,-2.558806694466298,-2.5788265606592464,-2.480641479
-2.26309901,-2.8706310136846596,-2.5879137459861052,-2.222496695372142,-2.019146084535945,-1.8389346579110912,-2.269726473815972,-2.090253296
-1.641475248,-2.5606731281578177,-2.1766698561196125,-2.4463755240490883,-1.4561354134546678,-1.5057702498302403,-1.6388893228643535,-1.510957947
-1.418079208,-2.032934587864849,-1.5650337392318558,-2.3568618846353524,-1.2959493972890213,-1.3284471224583356,-1.3736068580550862,-1.283431091
-1.418079208,-1.8027775203879268,-1.3782321546875194,-1.6890339601917737,-1.297337777610174,-1.3914040483712753,-1.3691352257565692,-1.274300079
-1.50549505,-1.7407433638258565,-1.3673828318676677,-1.3117362255980347,-1.3246464932982311,-1.3810566814671164,-1.3503285225842288,-1.26951004
-1.515207921,-1.7091574916552206,-1.3611081460129082,-1.2763682202527378,-1.3975974307078893,-1.4441580049256757,-1.4388685035168032,-1.341660004
-1.447217822,-1.7588154383807992,-1.4408732824972448,-1.2291670287663934,-1.2371047571572507,-1.2391641203253931,-1.3801987577232042,-1.23912323
-1.048990099,-1.6802933916578653,-1.3547165618139836,-1.3205069898080046,-0.8806953175085946,-0.8216911278619002,-1.039102319361165,-0.896635437
-0.747891089,-1.3752568866879995,-0.9993043049323571,-1.3187552123281854,-0.6670912055955625,-0.6737737903572878,-0.758435167734619,-0.655935974
-0.670188119,-1.1396983879218605,-0.7485664997317161,-1.0395235450631002,-0.5247309335391123,-0.45492294509909575,-0.6430294521830857,-0.538879395
-0.437079208,-0.983819302074727,-0.6184283052220115,-0.7239790524078721,-0.2549825200861635,-0.23322303338095787,-0.409358774410164,-0.289497986
-0.22339604,-0.7605561329999128,-0.3949773872734931,-0.5628148171891563,-0.08200254080290383,-0.06512879053387617,-0.18644002648524097,-0.075143738
-0.106841584,-0.5657659173533007,-0.1800093236030123,-0.35179913430088816,0.02407225988746316,0.05314052267634117,-0.0761213909347298,0.041763153
0.058277228,-0.4026514631706542,-0.07009149413546766,-0.14053019736795233,0.24434068865387223,0.2697436177794318,0.1201128510422616,0.242495728
0.310811881,-0.1916836273745765,0.1216924829829684,0.011008329333648589,0.455038232388814,0.4707254098790473,0.35837361540786045,0.474962311
0.534207921,0.01738698810422481,0.3459915949935456,0.16937546446712265,0.6857415678879676,0.6828988627997078,0.5837410144040188,0.704285431
0.806168317,0.2726337551839297,0.5859804018880618,0.40893649823331746,1.0456304436566781,1.0669149362801311,0.9203654405104248,0.998573456
1.165544554,0.6037886768987111,0.9279656860559291,0.6400436011999484,1.1991885054577214,1.157323440656984,1.1469643643108234,1.268462219
1.175257426,0.8270846294246262,1.1603221165391224,0.9731482576713529,1.356837865580545,1.3846821956807038,1.258927568984052,1.345102844
1.427792079,0.9630734276717184,1.2541531133874062,1.222444333181371,1.5984123618328756,1.604063596579672,1.4801139984885308,1.578766937
1.806594059,1.1796781287807503,1.4687833878987762,1.3586317468531641,1.9983739138781134,1.999431333115334,1.8060301394190257,1.90134613
2.049415842,1.4839372750969568,1.7828381533107494,1.5278957443310555,2.2222822547017893,2.22800797081112,2.1765612540656933,2.273322601
2.26309901,1.8534033971054638,2.1418622760704342,1.8161079680632999,2.24521113840351,2.217706798593358,2.292802799506312,2.367177429
1.923148515,1.9822273839355224,2.254201664203703,2.1631067645117943,2.292430899704198,2.231027860154607,2.2304245068800435,2.286046143
2.505920792,1.983286632027693,2.2182312127725394,2.393274426808281,2.3929981567722387,2.370043537226892,2.37566124435959,2.513423309
2.156257426,2.1069127872061584,2.349902023672424,2.350761337648973,2.2292705439973286,2.1292043680522363,2.3227953797086265,2.389481049
1.942574257,2.0650432366127753,2.3126548962164075,2.4533771284816135,2.027107541089926,1.8826258810537255,2.0979515752003732,2.174078979
1.622049505,1.8477365949288882,2.0717552139616333,2.4949732527915165,1.7364021377095487,1.6955143679997546,1.833518866651372,1.880838776
1.476356436,1.5801865052604291,1.7979087631535746,2.2985652073769174,1.5580423375462702,1.4669499127669605,1.5720678758671442,1.658850403
1.311237624,1.3546434369083757,1.5593846494760788,2.034592580775507,1.458864709497907,1.4519258414157796,1.4431565879900046,1.529818726
1.447217822,1.2040820798886878,1.4247760198085924,1.7627016427484996,1.4709248650788211,1.439990569196821,1.4440276865968558,1.537752228
1.262673267,1.169402520403657,1.41379302124261,1.5971124878231544,1.3736850460271839,1.250201157318225,1.4045993160824837,1.500180359
0.932435644,1.1308139137284128,1.3956177991929035,1.5308513536933122,1.0619494845225956,0.9396582713598828,1.109881691774224,1.175655212
0.67990099,0.8604332479616443,1.075149218209431,1.5540003111335055,0.8696283890104287,0.76270903960175,0.8649166026579276,0.969533844
0.699326733,0.6321661023331612,0.8426916191433533,1.2859098649497618,0.7442477758197448,0.6818257344067595,0.7470048264716472,0.835562439
0.475930693,0.46524415748169395,0.7172321347054865,1.0056516452254005,0.6414232850821917,0.5046616369530942,0.6176299344840103,0.738115082
0.466217822,0.36897372625879576,0.6130695289536189,0.8736507660633742,0.44094959324226873,0.32853982262223835,0.45572835524199956,0.553848267
0.009712871,0.19446611292969085,0.4408419384753914,0.7647823702573359,0.13946967809980734,0.04129254154838744,0.16636956839478528,0.278870087
-0.155405941,-0.0648283379652383,0.17143635346414607,0.5800668892572568,-0.008124375283172693,-0.015358937803355928,-0.015560372016445351,0.069904633
-0.427366337,-0.2899269470197416,-0.03776736704251145,0.32344478075764643,-0.19216864570123518,-0.3671793905710099,-0.19857256966504908,-0.112416229
-0.543920792,-0.49411118079782357,-0.1968581144427296,0.10522873940903302,-0.4059752319447074,-0.5480834970366212,-0.44394243143244566,-0.355810089
-0.709039604,-0.7120009515956828,-0.4279463641663071,-0.06474376289917687,-0.6411321381990397,-0.7718768874206237,-0.6173608289415112,-0.509390717
-1.05870297,-0.906996651660657,-0.5859713781123207,-0.27859555575506034,-0.9587541262508265,-1.1882988252015432,-0.910024228092397,-0.843196564
-1.35980198,-1.1898136370781844,-0.899059941221058,-0.49196499661919174,-1.218637516727454,-1.2946980755547464,-1.2556910049408947,-1.136287079
-1.379227723,-1.496892214322491,-1.226729229295136,-0.7780264181904252,-1.2275495190463064,-1.3584300049210576,-1.270973818622135,-1.180445251
-1.427792079,-1.575868711332081,-1.2792529557183745,-1.1030245128416944,-1.527495300447619,-1.8222584741333414,-1.5369527845638127,-1.443747711
-2.146544554,-1.8283529540380627,-1.489864354665701,-1.2020138376817924,-1.9471514132145606,-2.2166618850479582,-1.9824427918895957,-1.908980255
-2.34080198,-2.233467674019017,-1.972827850931996,-1.3240263136634323,-2.134032808769075,-2.293645176688767,-2.228600503144804,-2.13426178
-2.496207921,-2.4712916424492373,-2.206785244121188,-1.8301889245192977,-2.3147671458108787,-2.4766852370350274,-2.33645811534736,-2.258054352
-2.729316832,-2.647720055909344,-2.3322554731142633,-2.0745913961229516,-2.4720976248465067,-2.4556038176424906,-2.557206175511203,-2.447410583
-2.321376238,-2.830183214548911,-2.5249452535700136,-2.2232324424697265,-2.2174994900902116,-1.9262826995075726,-2.2580095680293497,-2.142195282
-1.680326733,-2.672015040835089,-2.350920043426553,-2.4034529710574666,-1.613730627813133,-1.4920550689084662,-1.6767414749923666,-1.589095459
-1.456930693,-2.144507391633727,-1.7145477305754253,-2.350010768837702,-1.3752768787178602,-1.302005908968773,-1.3834298441035568,-1.301543427
-1.418079208,-1.8554341709199635,-1.4258004251845462,-1.7708276324745078,-1.2813533153057743,-1.3034314734161454,-1.3597061526694982,-1.252894592
-1.427792079,-1.7518193849052255,-1.343736905825498,-1.352806767968199,-1.2625363992272285,-1.3489692218585547,-1.1747837004260737,-1.233584747
-1.554059406,-1.6602674430178312,-1.3087354888310068,-1.279447815363051,-1.3899543841395487,-1.5033589979643016,-1.3030664278433388,-1.375639343
-1.486069307,-1.8190571081888216,-1.4578267389083395,-1.202196144596976,-1.406514712827722,-1.1366096334669342,-1.6071372333243148,-1.294358368
-1.000425743,-1.947441684376355,-1.4491313625901876,-1.2967311762495426,-1.0014760034044745,-0.8876200603673746,-0.9999035686651456,-0.927770691
-0.815881188,-1.6472585150593408,-1.0781483044381817,-1.375358767257449,-0.735182499593098,-0.5985260118599741,-0.7431740258777778,-0.642913055
-0.660475248,-1.2437811310321643,-0.771336458376208,-1.1292716541965178,-0.5437463782465226,-0.5106724971485183,-0.5699344065611597,-0.502205658
-0.534207921,-1.0002796702018775,-0.6272742409628072,-0.7358708458725701,-0.3237246889337887,-0.2817046162306742,-0.41852888815007205,-0.319735107
-0.242821782,-0.794543548359523,-0.4400963976724433,-0.5298718597670242,-0.15620922524126038,-0.11313626518511981,-0.2162524586623945,-0.12049942
-0.126267327,-0.6063647746407627,-0.22663861917762973,-0.40163460352706115,-0.04838512718054012,-0.09083662836391054,-0.1352883805971809,0.001646576
0.009712871,-0.46384395815787327,-0.16031086389489901,-0.2060037133115257,0.21202040732376082,0.26332610773312604,0.10642425378117149,0.188308411
0.369089109,-0.2583562789078845,0.05122110784820856,-0.0579195275388427,0.5383883696747875,0.5038016154350496,0.38892927772725067,0.516276398
0.52449505,0.021891391023428856,0.338364920837666,0.06492186389982045,0.7534373148737266,0.7662579440608877,0.6763918784404575,0.767454071
0.845019802,0.2725406905179174,0.628834737312852,0.3462154999413846,1.0769754420027122,1.026569762176389,0.916956085115216,1.032253418
1.068415842,0.5429368694488971,0.8798584660464016,0.6630441042518175,1.1836810049652482,1.0999623790588897,1.1618288235414003,1.273851013
1.116980198,0.7783862738652684,1.113491547129059,0.9097701180526451,1.342899692775383,1.3179341228377095,1.2136888413819258,1.318158875
1.43750495,0.896882332599282,1.1702060928399967,1.1851465740263991,1.5980470718602282,1.648998154377933,1.4803835029461918,1.581760712
1.816306931,1.1026229431514034,1.4140906819248884,1.2793699648412162,1.9429135474093977,2.0531240169028995,1.7938965012983061,1.879042511
2.088267327,1.4112306654888762,1.7025669141093236,1.444195229782067,2.265840974568956,2.220516029052034,2.196010779902155,2.261197815
2.321376238,1.7828948321011875,2.105852130007215,1.7461694878144618,2.327637019446802,2.3548050003762766,2.2980666252538096,2.397264862
2.146544554,1.9732358730301243,2.2677996255893964,2.1313534749154375,2.3287032091661697,2.2488854343299214,2.3365558074542045,2.40100708
2.253386139,2.0359838815860143,2.30809091715954,2.373837727264543,2.2458734673518945,2.2694858760505734,2.2639430920337107,2.368524628
2.097980198,2.0064529133883693,2.246537020743468,2.4366850645381386,2.250300819142667,2.1136709261965767,2.2848356820479325,2.349065094
2.068841584,2.0069613020333548,2.2259669316997903,2.438942199810164,2.0294235802063656,2.0233478449457882,2.143872184552304,2.248324585
1.699752475,1.9126839523622456,2.171885259829639,2.3676467718265806,1.751709889070938,1.698689290127101,1.8590912960145916,1.96930481
1.495782178,1.7102160926592411,1.9124019239030283,2.3621592844779107,1.5544404881112417,1.4897446500641742,1.5910821111163747,1.706152039
1.28209901,1.4360884378743337,1.616249129474849,2.1541974830076835,1.45687746344449,1.450395092791538,1.463638826622417,1.560654602
1.272386139,1.2647203267871663,1.4571469348304305,1.837903320902495,1.4248193823279607,1.3936345342805763,1.423650492121112,1.478475494
1.233534653,1.1797017622896673,1.378245102968231,1.6472750260611488,1.2683631157633428,1.2564355136966288,1.3729166856049237,1.46021347
0.990712871,1.1082757322138466,1.3872938988505865,1.5314568848430583,0.9679205821429995,0.9097882189371603,1.0861742512975077,1.20873642
0.825594059,0.9186851968078884,1.1481857797899282,1.5168418230426146,0.872410042818338,0.8407536082525493,0.8756407008551206,1.003064117
0.573059406,0.695139153159909,0.8851685748943862,1.3901828324700074,0.7344807230826751,0.6552134116820498,0.7750415598036443,0.829874268
0.563346535,0.541537101426692,0.784176933119018,1.0919980921146615,0.5514794148790737,0.48559429004804666,0.6194638491359081,0.744102631
0.252534653,0.3973090667623895,0.6375277458011502,0.9726533685358831,0.32054745465162776,0.29553902016536737,0.4170365644191187,0.502804413
0.087415842,0.22275417970332664,0.459848709582868,0.8130693368995575,0.11196165029161348,0.008080527342802405,0.19820266245078055,0.319286041
-0.07770297,-0.008401777134644912,0.22847267679757532,0.6696030043723605,-0.08751155474506893,-0.12419885680239819,-0.005039843227113162,0.124990082
-0.407940594,-0.19028526583885702,0.04308922155706918,0.4343890271878882,-0.30701154018199844,-0.4155983569318414,-0.24167710387108882,-0.129630432
-0.631336634,-0.45053773390983154,-0.1717542912156804,0.21626254258146904,-0.47768462384860755,-0.530598579314621,-0.46579111377271126,-0.349523163
-0.709039604,-0.6825159058152683,-0.40554391138562046,-0.03281504281615756,-0.7317490625428714,-0.8446062782093098,-0.6397612505575337,-0.546064453
-1.175257426,-0.8557510183663087,-0.5772527705083654,-0.263227394269397,-1.0620146827170183,-1.1556353565393533,-0.9863814895229391,-0.855471039
-1.388940594,-1.1609875541590637,-0.8721231287176261,-0.4482680608783166,-1.2295290239505117,-1.3018892074406052,-1.246066534083314,-1.120420074
-1.418079208,-1.4551955804028465,-1.187563479272724,-0.7399626291853797,-1.3289599104296257,-1.3896576250595238,-1.2908696018922416,-1.194216614
-1.66090099,-1.5743934234287085,-1.2746697790855217,-1.0696239233112346,-1.794359875444222,-1.8401408300957163,-1.575157947533495,-1.441203003
-2.195108911,-1.7615564233260093,-1.428439872007646,-1.1671914621594408,-2.0933322266822865,-2.211656950719033,-2.0497746768741485,-1.926044769
-2.331089109,-2.1584181172205668,-1.895282519167276,-1.3181745273273795,-2.2399883176743565,-2.2789624028707682,-2.2523984289507637,-2.117197266
-2.399079208,-2.451185755348125,-2.1993415045778284,-1.8292423604213783,-2.4097098279607017,-2.509400840351909,-2.375527967615245,-2.282902679
-2.71960396,-2.6289202446330475,-2.3066667114532797,-2.1314600902986536,-2.4067054068053753,-2.4439632258158213,-2.560947319746638,-2.455793152
-2.292237624,-2.8180607163028126,-2.5104909917867433,-2.244559423176076,-1.8495523427374096,-1.8861436804451488,-2.2677833716718157,-2.186802521
-1.748316832,-2.7377262113011827,-2.456274688347427,-2.4566229752419364,-1.4763276198302284,-1.4276324845142179,-1.6433727740106767,-1.59598114
-1.447217822,-2.2734324333322675,-1.8476632273853302,-2.23770291947815,-1.2908016257218962,-1.3360225073394354,-1.3994772785503622,-1.304088135
-1.43750495,-1.8877479263259105,-1.4536869551391458,-1.5881375120779706,-1.2800744076694393,-1.3028133228972476,-1.3284205067509791,-1.280287628
-1.418079208,-1.737850625895575,-1.3549964536299592,-1.3033796153094184,-1.340199928148573,-1.4140778271836576,-1.3652596898454412,-1.26022934
-1.66090099,-1.6819707900615402,-1.334985761976445,-1.2575922437677378,-1.416414316112128,-1.4738774943647255,-1.4844847414836724,-1.381327515
-1.350089109,-1.767060992069381,-1.4365398994950347,-1.2594623779151413,-1.1390910740960556,-1.1200510989088674,-1.3611925098206543,-1.248104553
-1.048990099,-1.7528560618659672,-1.460028047299939,-1.3778752696856535,-0.8069280030512973,-0.8633171069087707,-0.9386964673717614,-0.868643646
-0.728465347,-1.449299040531943,-1.0957711468145224,-1.216404421619099,-0.6938982881567863,-0.6544133361817261,-0.7472861148275746,-0.64590683
-0.825594059,-1.1897079592678006,-0.8147494264198472,-0.8325242588489296,-0.5241730674405466,-0.5335060969790657,-0.6273246983937373,-0.533340912
-0.398227723,-1.0366806696230033,-0.6892636523662948,-0.6257590121488861,-0.30180927033181454,-0.2330861270579984,-0.4091692199850945,-0.330512695
-0.320524752,-0.8671325335492692,-0.5157919253749811,-0.5040854958461222,-0.10534416634211474,-0.14695682311939773,-0.1880900842843782,-0.10298584
-0.07770297,-0.6383064976841026,-0.2597306051101495,-0.262164004514864,-0.026504456156414856,-0.07016109115944574,-0.07171950943020687,0.010627899
0.0,-0.504872583949558,-0.14749017170029108,-0.08517211115399445,0.2578396507436743,0.24260569736591256,0.12761492726968812,0.205223236
0.485643564,-0.3231905782088531,-0.0015502295213086618,0.018472798383465525,0.5020054187070508,0.46125115395253563,0.41086004634133894,0.494272156
0.543920792,-0.04994453134235664,0.2878938497732206,0.28258486920402515,0.7492629434062813,0.7435125284833176,0.644310972653156,0.730031891
0.981,0.18845573343204897,0.5073061337878422,0.5519093889224571,1.1081479715817937,1.0480406063619556,0.9822055015339238,1.029409332
1.05870297,0.47382628408935334,0.7929348767764836,0.7662787976051384,1.1754487609312019,1.1352046077291575,1.1692096828697534,1.279988251
1.243247525,0.7389905625328824,1.1149995071028398,1.1121603784214575,1.351814981990463,1.344695389924642,1.2336130113314003,1.3350737
1.408366337,0.8788248594064971,1.167943731075792,1.27529770330175,1.6957267137465892,1.6997534158160483,1.5623973249816383,1.597627716
1.767742574,1.1050331682840926,1.3975512108970056,1.3534802058976816,1.982225577440131,2.020634582190838,1.868631534117615,1.90957901
2.068841584,1.397382474512032,1.7104015476140788,1.6720943475684804,2.2759326678191694,2.2531598838355515,2.1886630324097105,2.259102173
2.224247525,1.7088120990991271,2.0183539392958525,1.9954497836592626,2.318058165426536,2.3378682327991283,2.316239518241964,2.385140076
2.224247525,1.9448961280132884,2.2627023788544918,2.2941000138381034,2.3562756417237614,2.295840668691967,2.377969897284805,2.437531128
2.272811881,2.0511882665869057,2.313326725234423,2.424070121597182,2.1999301981045254,2.209724037717238,2.2930936806526567,2.443069611
2.097980198,2.0632453624131997,2.3288570280430334,2.475428975037407,2.1463622390358315,2.084730905770735,2.128962354806379,2.227068787
1.962,1.915506664085543,2.1476138833235043,2.400105641920546,2.0827646286323116,2.144910825224117,2.112644257859736,2.223027191
1.864871287,1.8554541928639359,2.1059008880117775,2.2771435545413903,1.8713191466383137,1.8097967605554768,1.939432999752254,2.061812439
1.563772277,1.7766302172334079,2.0430160409467044,2.2579399284178785,1.6522943514860773,1.5997184619212879,1.7051686837713678,1.810036011
1.408366337,1.5345978687368023,1.8035472983520795,2.047522623505432,1.4730238319146893,1.427103441571701,1.4788528226081898,1.581161957
1.223821782,1.329176608706413,1.564832388999266,1.7946577982180083,1.398985722215965,1.3930829351915448,1.4139595846063548,1.502276001
1.379227723,1.1709403366678819,1.4045581153040014,1.5951827969260604,1.2633868000538482,1.2070541149888656,1.3210537997744065,1.465602264
0.825594059,1.119598344722694,1.37549378742473,1.5330175500372734,0.9734871309448809,0.863654843380462,1.0103519142024018,1.13149704
0.845019802,0.9315488607251294,1.1631707296346698,1.4432104142707844,0.8395750755537845,0.8333885701299857,0.8402039798545721,0.94079361
0.563346535,0.6872473575294936,0.9003029485249544,1.152011694451993,0.7409644361849095,0.6548813983450196,0.7490223003407682,0.838406525
0.573059406,0.5412972192341793,0.7742100493852643,0.9258956267314842,0.5732462582071267,0.521515487458664,0.5882815565592413,0.732875977
0.291386139,0.40112795658850486,0.6734239829372769,0.859951963688736,0.3430698514924561,0.2422770042659133,0.40484321843201315,0.520767059
-0.019425743,0.2415380966575588,0.4878907498692362,0.6898531573328344,0.10225865830265322,0.08263875404429025,0.14686044814545623,0.293389893
-0.203970297,0.035418254909208614,0.2683889923712293,0.4877640092829565,-0.08648408595007842,-0.1720558910041808,-0.058146569436452994,0.075892181
-0.339950495,-0.21331335870535126,0.024011633697235888,0.26244723354302524,-0.27012079785431153,-0.4259597427303835,-0.27495667001056223,-0.156125336
-0.641049505,-0.40937535558742827,-0.16211659462830985,0.046879766559094184,-0.47607580372361524,-0.5640995995584154,-0.48751241472132345,-0.351319428
-0.767316832,-0.6634773234727276,-0.3749142551280425,-0.12331353637503051,-0.7226237338405288,-0.8777558556089816,-0.6905249794966677,-0.562230835
-1.20439604,-0.8384368287376679,-0.5433074429232866,-0.3480626884962745,-1.0350663467981494,-1.190679997933382,-1.0567875056490181,-0.884959717
-1.369514851,-1.135380865899248,-0.8270736001141037,-0.5144789279098628,-1.2112586691886178,-1.3205562895664005,-1.2829919466926332,-1.130598907
-1.340376238,-1.4425503398689214,-1.1727194712331075,-0.869067110953538,-1.2787386803667273,-1.4079913612881187,-1.3068453693764075,-1.193617859
-1.728891089,-1.5802265265742972,-1.2967037354191948,-1.1308925057066503,-1.6507439171811975,-1.9040013954361978,-1.6234437921762985,-1.445543976
-2.156257426,-1.7458998523257943,-1.3982883480014605,-1.193592193207443,-2.0108047944328216,-2.240286643241064,-2.0808089943603743,-1.905836792
-2.41850495,-2.146978552698703,-1.846652616145401,-1.4797481095889435,-2.2209848897980806,-2.3515329932874396,-2.294981375680632,-2.127825165
-2.399079208,-2.453913551825498,-2.1882810754299955,-1.9142028954255383,-2.395491292994468,-2.5174608213064755,-2.4275970856585047,-2.292782135
-2.845871287,-2.6495698598849624,-2.3370893301926814,-2.1505184590641644,-2.4736885764754413,-2.4281210857301834,-2.570526434791668,-2.447410583
-2.165970297,-2.8155698393587865,-2.495634220900671,-2.2935502693408494,-2.023350088073565,-1.8233618912921425,-2.1847551644750234,-2.165247345
-1.728891089,-2.8020966734927355,-2.5248945387964707,-2.4438869017725717,-1.4450563175647804,-1.3855577663118845,-1.5792994328334244,-1.575623474
-1.340376238,-2.304210710772459,-1.9203250014317401,-2.177952612970446,-1.3280529000461374,-1.3791841343867268,-1.3856142714766748,-1.295106812
-1.573485149,-1.9061862725441028,-1.4492756153336885,-1.5606081771872895,-1.347330672155095,-1.3656393947037506,-1.383269385277902,-1.286424866
-1.408366337,-1.7554736333669159,-1.3723793501765258,-1.2880671294109591,-1.3744123282744627,-1.4682361666358252,-1.4231986814056992,-1.321751404
-1.554059406,-1.730899522238673,-1.4073473296549726,-1.2808232781766096,-1.4249700022477552,-1.4717258566784992,-1.4866106583823655,-1.373992767
-1.320950495,-1.7748316706829117,-1.4459289947374812,-1.3359832109224148,-1.2119460693949136,-1.1298521858287376,-1.3277179869451692,-1.285077667
-0.971287129,-1.7868545857071227,-1.4923654947250002,-1.3709108953883284,-0.8002696315955008,-0.7633707790255843,-0.8882762195293074,-0.876876526
-0.611910891,-1.5341512651182725,-1.1833041239005972,-1.2754405199821797,-0.666623447932873,-0.5990853614545105,-0.6846420158567894,-0.616118774
-0.670188119,-1.2335640438004458,-0.8181708332036,-0.8838124209227683,-0.4783210436717062,-0.48079682594457596,-0.5514643801769556,-0.468825073
-0.427366337,-1.0339053583866664,-0.6637020399860071,-0.6036012453642828,-0.31195488206899424,-0.15645684074438038,-0.3408657745196204,-0.295335846
-0.22339604,-0.8457991604035833,-0.49217854725573834,-0.4581444879731808,-0.09791669212207237,-0.10188478158806505,-0.15000743171585817,-0.07259903
-0.145693069,-0.64403295031289,-0.2616360203033519,-0.28859341675528255,-0.026793445654347547,0.12317899221121573,-0.05858289139791434,0.038769379
0.029138614,-0.48220950423954895,-0.13113479047909238,-0.08018539420923348,0.2540330027498125,0.25361492511676786,0.1985659365246281,0.233813782
0.359376238,-0.30224146993469925,-0.0038860562356358586,0.007227554995168548,0.4343943821573392,0.4355476418894807,0.4054745279153482,0.475561066
0.514782178,-0.0512115614435585,0.2623283926224259,0.21831662682038397,0.6605434645286853,0.6791525317352851,0.5985039740972276,0.655636597
0.738178218,0.16520167518080317,0.44927375240179734,0.41850035262036256,0.8873606138044807,1.0878895358391518,0.9295403968363474,0.942290497
1.165544554,0.38266266311479696,0.6672838402075941,0.6288501984813603,1.3129373038607146,1.2768017406708088,1.2246215914956806,1.279389496
1.243247525,0.6883065067165818,1.0194783014299245,0.8726873957124209,1.3715236492750955,1.4785504247001011,1.3786438182190677,1.491348724
1.544346535,0.9072250596232847,1.2370987334383092,1.2353836990397395,1.3818661447498193,1.7473312249853823,1.6263194371568481,1.671723633
1.719178218,1.1302135105570068,1.4442401236352076,1.3974029629683875,1.9831854440432577,1.9846732221808114,1.90866734353288,1.924098816
2.272811881,1.3823418124403561,1.6386864851771994,1.5834995367385187,2.1290584452204544,2.3040542478113526,2.217911090022565,2.285297699
2.204821782,1.6967425313578184,1.9774654859967478,1.897255961414674,2.3945893824513482,2.2985553771640648,2.358407683262191,2.390379181
2.389366337,1.9319484469711325,2.2388457026355533,2.241058962848998,2.371238247886484,2.371503601940864,2.406944093189245,2.510878601
2.26309901,1.9856272305461313,2.355366871717702,2.3591148174756813,2.326669750622163,2.2152116013628884,2.301956005170094,2.573897552
2.282524752,2.0469946184452357,2.3645210503901057,2.4672176105025363,2.336274760601457,2.207277662702623,2.3256548664067287,2.382445679
1.952287129,2.032864099615874,2.2928475127795553,2.486727312027673,2.1176903026406744,2.0476714805447673,2.116790729103098,2.295027466
1.699752475,2.0293568119267626,2.2966934627986526,2.424536473131104,1.7896816532662143,1.632668711797109,1.7874851695817031,1.938319244
1.43750495,1.7812987336038741,2.018516982584647,2.388061347799233,1.6297521264018582,1.5411396586161097,1.5874876813968035,1.682501221
1.408366337,1.5179267908886078,1.7183466441791433,2.049640770485907,1.4496309239183502,1.3721601323415105,1.4423248628537118,1.557062073
1.311237624,1.3161663584539096,1.5317846783580629,1.813658976640393,1.468145588489742,1.428459488028892,1.436479344241368,1.51874176
1.291811881,1.1946424569641592,1.411195236196042,1.6339176337705312,1.3432899738502708,1.1610430840615642,1.3100298811645459,1.46724884
0.767316832,1.170508249475171,1.418262720219064,1.5408022770386645,0.9978179447637012,0.8539224095443977,0.9225534175167174,1.082249451
0.67990099,0.9577753091866615,1.2081004347173623,1.5216584979840702,0.7865442569275386,0.7816384790823007,0.7782950663589345,0.924776917
0.650762376,0.6562087154110682,0.8743580365323945,1.2229073672918462,0.7785721288387321,0.6777949534163455,0.7300835459288011,0.837658081
0.495356436,0.5218352848970697,0.7727132937808797,0.951933012448609,0.6249850917892235,0.4287953526948633,0.5422567601925382,0.714015198
0.262247525,0.41056486071852666,0.6861838188412529,0.8855815174734666,0.3517485099718718,0.12688940548248265,0.2621864493809858,0.44697052
-0.184544554,0.21884652789925746,0.47746919289375334,0.7905379254682444,0.030192941435267004,-0.08621373893140351,-0.04998280463780491,0.119002533
-0.407940594,-0.0284003139890576,0.18740105379211458,0.5498177454670626,-0.1703096312946967,-0.42199398750505324,-0.29358523820444304,-0.1287323
-0.728465347,-0.3503884448230578,-0.11330037066242821,0.25569423955409826,-0.420534705502263,-0.6860751479924379,-0.5484964209336514,-0.388741608
-0.864445545,-0.6269638054216625,-0.34932947595670316,-0.025032070832483298,-0.7089568682907508,-0.921219789225876,-0.8451686987766228,-0.682730255
-1.146118812,-0.9072712526334725,-0.6053158201130813,-0.2344409705077559,-0.8970053067305135,-1.1864685285823715,-1.0228747955182467,-0.855920105
-1.223821782,-1.1421760549916995,-0.8622048632928081,-0.5320314584376153,-1.1743732357238095,-1.2429169293348894,-1.285335566574966,-1.147214355
-1.43750495,-1.3874401300610122,-1.080996588056905,-0.7593540090268993,-1.2503069574837153,-1.4535945783581676,-1.2945770115553161,-1.174607391
-1.58319802,-1.5702778570197071,-1.2892337286867939,-1.040251985523413,-1.431210023775003,-1.832957459799195,-1.630482705069336,-1.425335999
-2.204821782,-1.659512631332941,-1.3243243375232505,-1.1919843557083816,-1.8472159588611365,-2.1570601638991818,-2.0004213422874413,-1.82410675
-2.146544554,-1.994106387047497,-1.6882602483392066,-1.3316963584869934,-2.0434326660181963,-2.182250719680349,-2.153485395476924,-2.012714539
-2.34080198,-2.289080211962133,-2.026954568906763,-1.7533139180710275,-2.120009869654046,-2.302899779976469,-2.2343166621970476,-2.116897888
-2.447643564,-2.459871937813176,-2.172125236988751,-2.0020904049131,-2.2521692302548884,-2.3438888458432467,-2.360211883737567,-2.254611511
-2.233960396,-2.5681593643772445,-2.2350752540100447,-2.0884474912042315,-2.202176040875699,-1.853577371654977,-2.0673697721167703,-2.083217926
-1.544346535,-2.6560991621726764,-2.3651640231454576,-2.2025546484427205,-1.617607243582164,-1.2656726359110804,-1.4472817997743488,-1.524429932
-1.146118812,-2.3683767368224067,-2.015331120213402,-2.1879055894960167,-1.1473792752398,-0.9525869462042739,-1.046205397074912,-1.010847931
-1.097554455,-1.8347577304407636,-1.3752754355729386,-1.6599817257728753,-0.9603579419335315,-1.1398991826118507,-1.0205501918818034,-0.927770691
-1.194683168,-1.4566858426908227,-1.0315800839449432,-1.1332262761138014,-1.07168787216811,-1.133237667769436,-1.1525121734674821,-1.02027832
-1.301524752,-1.426905677194165,-1.0539587036835956,-0.8960606900571959,-1.119139556724363,-1.162304735361317,-1.1258188230392088,-1.041683807
-1.078128713,-1.4592733220101386,-1.170048999640062,-0.9892743607309793,-1.0379473436423743,-0.8390062849001495,-0.9868122465548618,-0.935704193
-0.874158416,-1.4596998325667436,-1.1338780450843875,-1.0330692072024061,-0.8234638146105454,-0.5390356087086974,-0.6941159728742884,-0.684676209
-0.388514851,-1.3307697524930056,-0.9785332361214805,-1.0026916077905121,-0.5135785826917065,-0.30554268281920466,-0.4158245173074699,-0.378562775
-0.407940594,-1.0573523229973962,-0.678437979441073,-0.7894701428419996,-0.30982895583022835,-0.1904433418743085,-0.28342030750097597,-0.198636932
-0.174831683,-0.7705405419677465,-0.40425698573645885,-0.47258453962682984,-0.16661923002420934,-0.03157107695407887,-0.14645553571440142,-0.104482727
-0.067990099,-0.628304413190063,-0.26972422265475304,-0.1940413605888887,-0.06213839653871633,0.16979384410700182,0.03429407641770701,0.073347473
0.067990099,-0.4617586924971438,-0.14609525939376178,-0.10600158808148816,0.12274139433401085,0.12120930998318347,0.15026552847307922,0.20357666
0.135980198,-0.255498024189349,0.03009093809690809,0.051944672399941196,0.2151619754124264,0.2464154373975048,0.29504524654792363,0.353115692
0.495356436,-0.12862975718097827,0.15409884542114888,0.20284119244208199,0.37100094294181774,0.5337495863364523,0.5333613541496831,0.548908539
0.670188119,0.003649148985139387,0.2971558797658115,0.3242037077425221,0.6286239828348438,0.8439889806423673,0.770191793529767,0.813857575
0.796455446,0.23644710451858686,0.5405879279957827,0.5026561030125438,0.8403297168796899,0.9391571141310974,0.8962341303108747,0.942889252
1.019851485,0.4557630264609623,0.7664896494030708,0.7589627505354235,0.9486705666627495,1.1518431408337924,1.0865043893272426,1.161135406
1.243247525,0.6053714042218716,0.9085480154802934,0.9513407619005204,1.1294175801821198,1.383882912845409,1.29004645538557,1.318458252
1.408366337,0.7520733185293167,1.0790787792013083,1.0742820040239267,1.3252642937270585,1.5122371855340875,1.5312117047203626,1.73758667
1.456930693,0.9527524635308672,1.2729820921470973,1.2785422263815316,1.567506962299385,1.4295496214133727,1.5334567573942597,1.671424255
1.330663366,1.186364665976085,1.502198032555539,1.505988484371702,1.5234954919930939,1.3747661407053673,1.460806212633869,1.551074524
1.379227723,1.2250809691146654,1.5012196328821583,1.6601083772701317,1.5062431384674044,1.4235653173907206,1.4708197195331514,1.560654602
1.456930693,1.2177206037105133,1.4428760033101735,1.6070016666520393,1.3539187068814211,1.433644615179848,1.482638766836326,1.503174133
1.418079208,1.1875638869123615,1.4483594574815244,1.5920401034230083,1.4365927484255665,1.509383737450864,1.5321689089263695,1.642534332
1.534633663,1.1936016419695656,1.4606139794254165,1.5623367903637253,1.6226982686394478,1.5984195472832188,1.5728235349834558,1.633253632
1.398653465,1.23767305082349,1.5114254298697736,1.6280564893168963,1.5706708536823675,1.334076677477427,1.551549157437317,1.669478302
1.019851485,1.293817609530694,1.5490536393364684,1.6302207955778019,1.4522361416093383,0.9098279265250765,1.0470685382481184,1.269360352
0.699326733,1.2600235645637552,1.5273880240827973,1.726824092908501,0.9494938486047175,0.8545343747508596,0.8800375545981819,0.997375946
0.825594059,0.8212598454242503,1.0195663923231135,1.4872076736950792,0.9511974812314254,0.8179745758163796,0.870139052034813,0.986298981
0.611910891,0.64912927118593,0.8633899469029475,1.0341610473519425,0.8832804269530983,0.6163647673117382,0.7478138728829621,0.884061585
0.631336634,0.5833625716390977,0.8521489810794632,1.0094929568627988,0.7622947592256286,0.5995100867154695,0.6339002202311675,0.75233551
0.320524752,0.4924116011448762,0.7245842471459134,0.9362481203480095,0.6419723215187216,0.4640401902560539,0.4957701130248399,0.620310059
0.310811881,0.3457647128939221,0.621011042594106,0.8294408985778975,0.528925272706316,0.30094314654373777,0.3612150205222424,0.498164063
0.048564356,0.2034257402850144,0.48404411880687725,0.6904430674277813,0.35732696848208745,0.17542971353206768,0.1876208141940515,0.336799622
0.009712871,0.08076031987821909,0.34976717952292624,0.578157423670747,0.21016726287342152,-0.00854619201488273,0.05657605458706875,0.194146271
-0.213683168,-0.06687145086142707,0.16525083415600278,0.4241883149764465,0.04991111621028348,-0.06734730582025372,-0.08908580455115273,0.054786072
-0.252534653,-0.228239492668417,0.06095758412920911,0.2928010856125862,-0.05715371070639726,-0.28770704454580265,-0.20687304441797488,-0.06436615
-0.475930693,-0.38167545518949075,-0.08041254332029195,0.12936206132867212,-0.17998351876416724,-0.3515090735375702,-0.3662958141312184,-0.219743042
-0.485643564,-0.5001860881033282,-0.2072846611028506,-0.007883844797311254,-0.3229270784778435,-0.47066821950851195,-0.4394264471062213,-0.32407608
-0.60219802,-0.6265807769809908,-0.3681060559192897,-0.11681068221371049,-0.40897969666254125,-0.5554696018582946,-0.5305464719582114,-0.387095032
-0.767316832,-0.718484566612091,-0.43037038343054435,-0.267847465492804,-0.4980677998733972,-0.6991867675128415,-0.6922134980515947,-0.553099823
-0.796455446,-0.8516611402272077,-0.5380926418605297,-0.3181857490510915,-0.6468545709390232,-0.7300865237201315,-0.752122102225989,-0.639021149
-0.932435644,-0.9725820165988898,-0.6985324832909385,-0.4420142735678391,-0.7110353000177754,-0.7487233946894124,-0.7934815557512049,-0.701141968
-0.845019802,-1.0384253375309727,-0.7563137552965221,-0.5957194666283125,-0.7514483670998814,-0.9587195650189504,-0.8098290743919849,-0.734971619
-1.019851485,-1.0960652993324118,-0.8011005868245681,-0.6544879349357904,-0.7669216373687003,-0.8613975472480458,-0.9021632928582616,-0.783021698
-0.981,-1.1317413138370804,-0.8172934385762674,-0.6716065630933831,-0.8320413287574151,-0.9901498424131614,-0.9014456023073071,-0.815803528
-1.243247525,-1.1966457484830968,-0.9105813782829716,-0.7330753038765695,-0.8247226736548634,-1.142401818507814,-1.086397314365773,-0.929566956
-1.116980198,-1.2240093080492631,-0.8936427937321577,-0.7743538911236123,-1.0490777620258411,-1.025440064244931,-1.0621275511628907,-0.995130615
-0.971287129,-1.3743369457571568,-1.0885826390121387,-0.8028121891790385,-1.0098194369326954,-0.6533107438016064,-0.7729273452583578,-0.787811737
-0.573059406,-1.3912347564049339,-1.0803011060130094,-1.026950441326286,-0.7466674927456177,-0.3932433293183249,-0.48582201683972803,-0.503253479
-0.417653465,-1.1607103828692569,-0.8157476020735793,-0.8866990359218373,-0.4572312486779546,-0.2987212132854234,-0.30238032295775263,-0.267793121
-0.330237624,-0.9091553962477069,-0.5309432377640583,-0.6014765034057441,-0.25884110954921075,-0.335971740213984,-0.33315662332157386,-0.212108917
-0.52449505,-0.6899969812235851,-0.3268615905129042,-0.34097961223730483,-0.263954015438284,-0.46238217914917357,-0.3975569274169018,-0.257015533
-0.446792079,-0.641684816349924,-0.3160287172120422,-0.18089603348949937,-0.3524162897344272,-0.3522609122127255,-0.3942722935168607,-0.313298492
-0.37880198,-0.6954453249378446,-0.3891705997550478,-0.22415020892467405,-0.36069703898343497,-0.33286894629028824,-0.2897478062708048,-0.236807556
-0.203970297,-0.6997763346453603,-0.4032505061330987,-0.2632825002821327,-0.2103764035496611,-0.006804133676664832,-0.14452373966823465,-0.102686462
-0.106841584,-0.6244001025783669,-0.3137412860858761,-0.2845439149026513,-0.09721735038772829,0.029611620930139596,-0.028545097532930504,0.016016693
-0.009712871,-0.503399457959024,-0.17119827070429855,-0.1732265360650606,-0.011347684058178528,0.14111994812274883,0.0715970018210975,0.136366425
0.058277228,-0.3777960493304149,-0.05630182855717804,-0.03790150831789107,0.09531216709908122,0.10119493353427583,0.104540229248121,0.202528839
0.009712871,-0.26574041448445757,0.03950119233352351,0.0785840440034287,0.1330941602495836,0.2140204010511158,0.15007494232848692,0.21644989
0.242821782,-0.18758117937252003,0.08466386830531407,0.17545159224698617,0.17376357869332,0.3150072243463667,0.26140483137610554,0.310903473
0.242821782,-0.17538875071789653,0.10798340002917423,0.2019971090612392,0.26547496465934045,0.3833147321422989,0.38273265116071054,0.433648224
0.495356436,-0.06613118103481196,0.22947028147146084,0.2789157488313484,0.4081755143686864,0.5522631385045121,0.48504366412764366,0.549806671
0.359376238,0.04929458109227967,0.3535700053552977,0.38696708779498024,0.5083911945433525,0.45621047323791897,0.4957009629197079,0.578696594
0.466217822,0.13894933650091124,0.45141459674512197,0.4896810828871645,0.5364766646005675,0.506594696692086,0.4884438776741121,0.560584259
0.369089109,0.17200927249825373,0.49743961413646676,0.5838631631352768,0.5054311602511888,0.5343588908632163,0.5548807026350737,0.605341187
0.573059406,0.19547800850034686,0.472164784915368,0.6091117671527093,0.5748090523291213,0.6222730142722637,0.586819938292968,0.671952667
0.437079208,0.24164228684906683,0.5145634707185941,0.6005785381084259,0.6128106907447505,0.5724720593237931,0.5918091519028842,0.70668045
0.553633663,0.27265107423336477,0.5647554390700681,0.6606793518006694,0.6482726686795808,0.525285290792991,0.6164386728546838,0.71371582
0.475930693,0.30885160792170935,0.5906873932930394,0.7121592358799713,0.604055904079656,0.5466816448093085,0.6051634578622839,0.708776093
0.495356436,0.2965653709344595,0.6005383920040598,0.7180531312803314,0.6445326289076106,0.48743998273454636,0.5691025359405908,0.696651306
0.37880198,0.32543986163067434,0.5965282626071337,0.7320824654372982,0.6275651747965968,0.45666711503573176,0.5197536167374144,0.63887146
0.45650495,0.27836876944113015,0.5515353524672126,0.7076989776207468,0.686295512643406,0.42792788256985875,0.5066343125844166,0.605490875
0.320524752,0.2398131561748765,0.5009854145896565,0.6826466300073414,0.7400380144920685,0.31679122190904935,0.4145100608886005,0.551752625
0.233108911,0.25394619156918324,0.5028728059416018,0.643315641622679,0.5132927482049686,0.20892336684257956,0.2789091035668365,0.431552582
0.145693069,0.17292225806754372,0.4474135305355622,0.625846077646778,0.5963485895694283,0.14446314711098399,0.18342109095120895,0.308358765
0.165118812,0.07127514220934979,0.321203128227264,0.5836973318544172,0.334142466793058,0.26142026299555576,0.26956125835095657,0.314196625
0.203970297,-0.04229411741597507,0.17290179809825698,0.4190803311534579,0.3967463297286694,0.07365649123162836,0.207099184805871,0.366437988
-0.07770297,-0.03019455965907957,0.2316240416011228,0.33228263031385236,0.23307645960858397,0.04904466485506579,0.01018995413301982,0.185763702
-0.194257426,-0.03935820563075431,0.23610034574546554,0.35192533357112166,0.1892581056709438,-0.21892216421590702,-0.18368588922482867,-0.03397934
-0.359376238,-0.23524750085690016,0.05636054524224976,0.37069437405329625,-0.023196511664421847,-0.2154108896909331,-0.2560093608394991,-0.108224945
-0.339950495,-0.43298384876034435,-0.1389480949655779,0.18937183535930907,-0.2044359467314542,-0.34530990327958105,-0.34304682116543495,-0.199235687
-0.534207921,-0.5218063501393019,-0.24578835399744847,0.015553327626342707,-0.27284885757273647,-0.3476382551087303,-0.4167952250616982,-0.28321106
-0.320524752,-0.6313050682192886,-0.30165098731579376,-0.12954308903126877,-0.34902066966339224,-0.2015072065963452,-0.27538889782047615,-0.222886505
-0.310811881,-0.7061333292198372,-0.42464796410628614,-0.17715114075372024,-0.29521002571469096,-0.10739658584505248,-0.14246032961903246,-0.08547226
-0.097128713,-0.637878393564571,-0.3278369683605466,-0.3101754610204561,-0.16282470275798527,0.009848240128948011,-0.05046302863795904,0.012124786
-0.174831683,-0.4970576966300313,-0.187336551375386,-0.17961565134988527,-0.060130413359574135,0.036286079345653935,0.0008378063772864457,0.072449341
0.029138614,-0.41426048209889277,-0.09095269304760102,-0.05913487438101639,0.014340400379213847,0.21398481685072865,0.055360707592836636,0.136665802
-0.067990099,-0.3293630259313698,-0.03257288171509031,0.008322202067759932,0.07083808569587127,0.06021816068589873,0.07023165920281182,0.168699188
0.07770297,-0.273704734645058,0.03732632468016674,0.10750370737037336,0.08570998178854336,0.1276743806455337,0.06849907614386994,0.173938294
-0.067990099,-0.24020735808809385,0.06742634718699295,0.1326533381770606,0.12583388844791768,0.044413181972249534,0.04484908685529379,0.166902924
0.009712871,-0.2327629686818316,0.07380016774203411,0.18835461682392132,0.06512690426205688,0.13446811033072714,0.0584241035302287,0.156424713
-0.087415842,-0.2339195244703631,0.047982950825420076,0.17690041114883745,0.07267852989090888,0.06382212940386918,0.08274512246559204,0.175285492
-0.009712871,-0.24227334649215704,0.04764830759004582,0.16101579764973112,0.10755782505991633,0.03814616599726257,0.09439213911449763,0.212408295
-0.058277228,-0.21284951296750176,0.07362172661856563,0.15318196332922077,0.11570827038740246,0.05673703174552017,0.057789963772348504,0.159268799
-0.058277228,-0.18156070097030327,0.07778285800684613,0.1886632883100769,0.07816179353019218,-0.024111568909689178,0.06638536224944812,0.149838409
0.048564356,-0.19531206103886442,0.055876930174540575,0.21848748740891763,0.09337299667103915,0.09402510293814831,0.06729003529834747,0.149988098
-0.019425743,-0.22781982835699224,0.029621754421699367,0.17261058769254714,0.08844084203948574,0.03355385487514401,0.08953319995936995,0.175734558
0.009712871,-0.22912610171545947,0.048873854157447404,0.14966994140361875,0.09217656004390974,0.06429494207939654,0.0784432572151204,0.184416504
-0.058277228,-0.2082249440345131,0.0662673240828877,0.1820611839333376,0.13445758059820173,0.03579304203116362,0.07814611420593551,0.194595337
0.07770297,-0.20101681158904403,0.06250941737626914,0.19823993686578775,0.09048762595512394,0.03382544049259055,0.07724192252828468,0.169297943
-0.097128713,-0.22169950330235244,0.0680974375455259,0.18164666576941516,0.09676867047208718,0.05098544016692328,0.07219061905219001,0.163310394
0.009712871,-0.21830194783741397,0.05778283350862709,0.19041207198549956,0.0943825398031878,0.02348356281689371,0.05353627780641782,0.141306152
-0.116554455,-0.21734172132712187,0.05771530585171363,0.17325742870495084,0.06708173144951943,0.13311900323388728,0.06511573051349259,0.15567627
0.087415842,-0.22792240653678633,0.0406060468448505,0.18638562287200894,0.10782422351902651,0.04450781358814027,0.059192255784493865,0.179327087
-0.087415842,-0.2223055014366861,0.06847089535947772,0.16720913552531935,0.08730837749269174,0.09997418297409844,0.06763232682567516,0.156424713
-0.019425743,-0.22072577347908162,0.06553609655791894,0.16050496524855762,0.09158540288541898,0.06043760815090418,0.0697210875201859,0.167202301
-0.106841584,-0.2288948265949692,0.053266794628830695,0.1753418734233777,0.09086458404513909,0.07173574368200643,0.0639104096380799,0.188009033
0.048564356,-0.24216743756088666,0.04870851010615568,0.1660668683694285,0.11826960748293286,0.07025703822027556,0.0617864783653326,0.176483002
-0.067990099,-0.23108972150543902,0.04689832833409766,0.16404669244445202,0.10462643183628802,0.05710262808068718,0.06692497788827481,0.172291718
-0.029138614,-0.24788706555962275,0.04352153297727523,0.18559873166070717,0.1040859970415188,0.144057909334757,0.06945737625222126,0.194445648
0.0,-0.24088231855869005,0.06163370386116899,0.17949394842562663,0.1153069063273628,0.0636099388588648,0.0621263574226232,0.16031662
