id,experiment,input,label,max,min
8,0.1-2,-0.0135152153127343,-0.029138614,1.291811881,-1.515207921
8,0.1-2,-0.0204226121703451,-0.097128713,1.291811881,-1.515207921
8,0.1-2,-0.0209402138049734,-0.067990099,1.291811881,-1.515207921
8,0.1-2,-0.0272477991692737,-0.135980198,1.291811881,-1.515207921
8,0.1-2,-0.0198368140926519,0.0,1.291811881,-1.515207921
8,0.1-2,0.0037057919581385,-0.106841584,1.291811881,-1.515207921
8,0.1-2,-0.0329538041399158,-0.058277228,1.291811881,-1.515207921
8,0.1-2,-0.0150940965391374,-0.07770297,1.291811881,-1.515207921
8,0.1-2,-0.0130085555991692,-0.038851485,1.291811881,-1.515207921
8,0.1-2,-0.003319490270213,-0.067990099,1.291811881,-1.515207921
8,0.1-2,-0.0071432920996261,-0.087415842,1.291811881,-1.515207921
8,0.1-2,-0.0171091271769873,-0.07770297,1.291811881,-1.515207921
8,0.1-2,-0.014297860906116,-0.058277228,1.291811881,-1.515207921
8,0.1-2,0.0013080467026806,-0.07770297,1.291811881,-1.515207921
8,0.1-2,-0.0190101847880482,-0.019425743,1.291811881,-1.515207921
8,0.1-2,-0.0223294968652604,-0.106841584,1.291811881,-1.515207921
8,0.1-2,-0.0205344325372324,-0.087415842,1.291811881,-1.515207921
8,0.1-2,-0.0053913313003129,-0.029138614,1.291811881,-1.515207921
8,0.1-2,-0.0286013436541005,-0.048564356,1.291811881,-1.515207921
8,0.1-2,-0.0106237883557389,-0.067990099,1.291811881,-1.515207921
8,0.1-2,-0.0186376358591105,-0.07770297,1.291811881,-1.515207921
8,0.1-2,-0.0132018156155606,-0.067990099,1.291811881,-1.515207921
8,0.1-2,-0.0269780727908102,-0.106841584,1.291811881,-1.515207921
8,0.1-2,-0.0225397147564134,-0.067990099,1.291811881,-1.515207921
8,0.1-2,0.0007358119964418,-0.058277228,1.291811881,-1.515207921
8,0.1-2,-0.0139020718129253,0.0,1.291811881,-1.515207921
8,0.1-2,-0.0161493278841302,-0.067990099,1.291811881,-1.515207921
8,0.1-2,-0.0130707475401401,0.038851485,1.291811881,-1.515207921
8,0.1-2,0.0047812282264026,-0.067990099,1.291811881,-1.515207921
8,0.1-2,-0.0280537134034164,-0.038851485,1.291811881,-1.515207921
8,0.1-2,-0.0155653964794702,-0.07770297,1.291811881,-1.515207921
8,0.1-2,-0.0016372805472308,0.009712871,1.291811881,-1.515207921
8,0.1-2,-0.0307191957098498,-0.07770297,1.291811881,-1.515207921
8,0.1-2,-0.0255334355232086,-0.087415842,1.291811881,-1.515207921
8,0.1-2,-0.0167455063944198,-0.087415842,1.291811881,-1.515207921
8,0.1-2,-0.002628253882816,-0.029138614,1.291811881,-1.515207921
8,0.1-2,-0.016784645507914,-0.07770297,1.291811881,-1.515207921
8,0.1-2,-0.0038382881013139,-0.038851485,1.291811881,-1.515207921
8,0.1-2,-0.0093409901574816,-0.038851485,1.291811881,-1.515207921
8,0.1-2,-0.0083705997230572,-0.067990099,1.291811881,-1.515207921
8,0.1-2,0.0114357514066526,0.038851485,1.291811881,-1.515207921
8,0.1-2,0.1411489814135477,0.165118812,1.291811881,-1.515207921
8,0.1-2,0.2423953212255052,0.262247525,1.291811881,-1.515207921
8,0.1-2,0.2993700324187339,0.194257426,1.291811881,-1.515207921
8,0.1-2,0.2111250381356083,0.058277228,1.291811881,-1.515207921
8,0.1-2,0.0722571934804759,-0.106841584,1.291811881,-1.515207921
8,0.1-2,-0.0541137379268828,-0.106841584,1.291811881,-1.515207921
8,0.1-2,-0.0721470048852092,-0.135980198,1.291811881,-1.515207921
8,0.1-2,-0.0459371308347296,-0.009712871,1.291811881,-1.515207921
8,0.1-2,-0.0198265933883635,-0.126267327,1.291811881,-1.515207921
8,0.1-2,-0.0616130197493567,-0.145693069,1.291811881,-1.515207921
8,0.1-2,-0.1799744668273546,-0.339950495,1.291811881,-1.515207921
8,0.1-2,-0.2450894932318713,-0.213683168,1.291811881,-1.515207921
8,0.1-2,-0.2439806281628803,-0.349663366,1.291811881,-1.515207921
8,0.1-2,-0.2385336060303204,-0.262247525,1.291811881,-1.515207921
8,0.1-2,-0.2133525736937288,-0.310811881,1.291811881,-1.515207921
8,0.1-2,-0.2472374496516718,-0.271960396,1.291811881,-1.515207921
8,0.1-2,-0.3017256902245721,-0.45650495,1.291811881,-1.515207921
8,0.1-2,-0.3305869272597067,-0.369089109,1.291811881,-1.515207921
8,0.1-2,-0.3108631272351745,-0.398227723,1.291811881,-1.515207921
8,0.1-2,-0.2662203273282003,-0.271960396,1.291811881,-1.515207921
8,0.1-2,-0.1831825689535693,-0.203970297,1.291811881,-1.515207921
8,0.1-2,-0.1275934401901168,-0.106841584,1.291811881,-1.515207921
8,0.1-2,-0.1035424788461386,-0.203970297,1.291811881,-1.515207921
8,0.1-2,-0.1536369063242419,-0.203970297,1.291811881,-1.515207921
8,0.1-2,-0.1559624128886252,-0.203970297,1.291811881,-1.515207921
8,0.1-2,-0.0995959517601377,-0.097128713,1.291811881,-1.515207921
8,0.1-2,-0.0224088218206236,-0.038851485,1.291811881,-1.515207921
8,0.1-2,0.0194004615840483,0.0,1.291811881,-1.515207921
8,0.1-2,0.0309949201136954,0.009712871,1.291811881,-1.515207921
8,0.1-2,0.0566500763089193,0.019425743,1.291811881,-1.515207921
8,0.1-2,0.1206465420106386,0.087415842,1.291811881,-1.515207921
8,0.1-2,0.1754290396309739,0.174831683,1.291811881,-1.515207921
8,0.1-2,0.2659942627113511,0.291386139,1.291811881,-1.515207921
8,0.1-2,0.3311155224598074,0.349663366,1.291811881,-1.515207921
8,0.1-2,0.4046989740690549,0.349663366,1.291811881,-1.515207921
8,0.1-2,0.3943952009353443,0.30109901,1.291811881,-1.515207921
8,0.1-2,0.4455516868628907,0.466217822,1.291811881,-1.515207921
8,0.1-2,0.4465727205777466,0.37880198,1.291811881,-1.515207921
8,0.1-2,0.4748092962998616,0.514782178,1.291811881,-1.515207921
8,0.1-2,0.5214286649738971,0.446792079,1.291811881,-1.515207921
8,0.1-2,0.5325495000884644,0.553633663,1.291811881,-1.515207921
8,0.1-2,0.5952077397962026,0.45650495,1.291811881,-1.515207921
8,0.1-2,0.473066526253436,0.310811881,1.291811881,-1.515207921
8,0.1-2,0.2476957661082593,0.087415842,1.291811881,-1.515207921
8,0.1-2,0.1392250616889742,0.106841584,1.291811881,-1.515207921
8,0.1-2,0.1287740658804637,0.106841584,1.291811881,-1.515207921
8,0.1-2,0.2214516088611686,0.22339604,1.291811881,-1.515207921
8,0.1-2,0.2254257093708227,0.145693069,1.291811881,-1.515207921
8,0.1-2,0.1681621392789103,0.087415842,1.291811881,-1.515207921
8,0.1-2,-0.0086760364923189,-0.106841584,1.291811881,-1.515207921
8,0.1-2,-0.0588528834504624,-0.106841584,1.291811881,-1.515207921
8,0.1-2,-0.0840103947867228,-0.145693069,1.291811881,-1.515207921
8,0.1-2,-0.1388326933823652,-0.22339604,1.291811881,-1.515207921
8,0.1-2,-0.1874062860698302,-0.339950495,1.291811881,-1.515207921
8,0.1-2,-0.3020793592903799,-0.45650495,1.291811881,-1.515207921
8,0.1-2,-0.3798238230450633,-0.495356436,1.291811881,-1.515207921
8,0.1-2,-0.4761054965883997,-0.611910891,1.291811881,-1.515207921
8,0.1-2,-0.5351487991611262,-0.611910891,1.291811881,-1.515207921
8,0.1-2,-0.5675807564606812,-0.67990099,1.291811881,-1.515207921
8,0.1-2,-0.7050065229265883,-0.893584158,1.291811881,-1.515207921
8,0.1-2,-0.9219292385258692,-1.000425743,1.291811881,-1.515207921
8,0.1-2,-0.7681592284581473,-0.592485149,1.291811881,-1.515207921
8,0.1-2,-0.5792956599478442,-0.689613861,1.291811881,-1.515207921
8,0.1-2,-0.5258311402461914,-0.505069307,1.291811881,-1.515207921
8,0.1-2,-0.4625090483679913,-0.592485149,1.291811881,-1.515207921
8,0.1-2,-0.4861122120778493,-0.534207921,1.291811881,-1.515207921
8,0.1-2,-0.5673047369560569,-0.699326733,1.291811881,-1.515207921
8,0.1-2,-0.5716017049283355,-0.485643564,1.291811881,-1.515207921
8,0.1-2,-0.5111194630828959,-0.573059406,1.291811881,-1.515207921
8,0.1-2,-0.4653784210878872,-0.359376238,1.291811881,-1.515207921
8,0.1-2,-0.3664718871173719,-0.407940594,1.291811881,-1.515207921
8,0.1-2,-0.3033218184336661,-0.281673267,1.291811881,-1.515207921
8,0.1-2,-0.250845167536724,-0.30109901,1.291811881,-1.515207921
8,0.1-2,-0.1734581272787607,-0.145693069,1.291811881,-1.515207921
8,0.1-2,-0.1103797822318832,-0.116554455,1.291811881,-1.515207921
8,0.1-2,-0.0329323126140126,0.029138614,1.291811881,-1.515207921
8,0.1-2,0.0893145831111519,0.097128713,1.291811881,-1.515207921
8,0.1-2,0.1762141010001323,0.242821782,1.291811881,-1.515207921
8,0.1-2,0.3705968632584249,0.485643564,1.291811881,-1.515207921
8,0.1-2,0.6079850282060837,0.543920792,1.291811881,-1.515207921
8,0.1-2,0.5683596255552064,0.45650495,1.291811881,-1.515207921
8,0.1-2,0.5359438405917099,0.611910891,1.291811881,-1.515207921
8,0.1-2,0.7010647443779077,0.75760396,1.291811881,-1.515207921
8,0.1-2,0.8013627687200804,0.747891089,1.291811881,-1.515207921
8,0.1-2,0.8320384233413152,0.835306931,1.291811881,-1.515207921
8,0.1-2,0.8958892972808088,0.883871287,1.291811881,-1.515207921
8,0.1-2,0.98793945008286,1.010138614,1.291811881,-1.515207921
8,0.1-2,1.0590338131326738,1.048990099,1.291811881,-1.515207921
8,0.1-2,1.1872272767407113,1.107267327,1.291811881,-1.515207921
8,0.1-2,1.1460042531241883,0.786742574,1.291811881,-1.515207921
8,0.1-2,0.8089443377722951,0.631336634,1.291811881,-1.515207921
8,0.1-2,0.6312672452224342,0.466217822,1.291811881,-1.515207921
8,0.1-2,0.5605835479178658,0.45650495,1.291811881,-1.515207921
8,0.1-2,0.5177876694322667,0.45650495,1.291811881,-1.515207921
8,0.1-2,0.5237891991609207,0.45650495,1.291811881,-1.515207921
8,0.1-2,0.5240719929989301,0.417653465,1.291811881,-1.515207921
8,0.1-2,0.4471285222858112,0.291386139,1.291811881,-1.515207921
8,0.1-2,0.2284581430125152,0.038851485,1.291811881,-1.515207921
8,0.1-2,0.056362906807801,-0.067990099,1.291811881,-1.515207921
8,0.1-2,-0.0892858695116586,-0.271960396,1.291811881,-1.515207921
8,0.1-2,-0.209075259081692,-0.30109901,1.291811881,-1.515207921
8,0.1-2,-0.3690380389527561,-0.534207921,1.291811881,-1.515207921
8,0.1-2,-0.5012396377230552,-0.641049505,1.291811881,-1.515207921
8,0.1-2,-0.6249193968919357,-0.718752475,1.291811881,-1.515207921
8,0.1-2,-0.6905982109758759,-0.777029703,1.291811881,-1.515207921
8,0.1-2,-0.7990645853630318,-0.883871287,1.291811881,-1.515207921
8,0.1-2,-0.907514628877709,-1.019851485,1.291811881,-1.515207921
8,0.1-2,-1.022226043375429,-1.068415842,1.291811881,-1.515207921
8,0.1-2,-1.0574414020515506,-1.20439604,1.291811881,-1.515207921
8,0.1-2,-1.2102064697342598,-1.388940594,1.291811881,-1.515207921
8,0.1-2,-1.3298121430286034,-1.340376238,1.291811881,-1.515207921
8,0.1-2,-1.1118433488394273,-0.864445545,1.291811881,-1.515207921
8,0.1-2,-0.7064073231093535,-0.718752475,1.291811881,-1.515207921
8,0.1-2,-0.6166501181541322,-0.621623762,1.291811881,-1.515207921
8,0.1-2,-0.7179320521164451,-0.893584158,1.291811881,-1.515207921
8,0.1-2,-0.7569461631542829,-0.689613861,1.291811881,-1.515207921
8,0.1-2,-0.746887218621507,-0.806168317,1.291811881,-1.515207921
8,0.1-2,-0.6413689810682078,-0.563346535,1.291811881,-1.515207921
8,0.1-2,-0.5570868258786847,-0.631336634,1.291811881,-1.515207921
8,0.1-2,-0.4900269863344939,-0.398227723,1.291811881,-1.515207921
8,0.1-2,-0.4122827155285821,-0.437079208,1.291811881,-1.515207921
8,0.1-2,-0.2937432633848175,-0.155405941,1.291811881,-1.515207921
8,0.1-2,-0.1472143992897428,-0.165118812,1.291811881,-1.515207921
8,0.1-2,-0.0117679815055335,0.07770297,1.291811881,-1.515207921
8,0.1-2,0.0947707855514028,0.048564356,1.291811881,-1.515207921
8,0.1-2,0.1752505687863349,0.242821782,1.291811881,-1.515207921
8,0.1-2,0.2833484717927345,0.349663366,1.291811881,-1.515207921
8,0.1-2,0.5004311886145354,0.592485149,1.291811881,-1.515207921
8,0.1-2,0.6910683573867655,0.670188119,1.291811881,-1.515207921
8,0.1-2,0.662587916037779,0.650762376,1.291811881,-1.515207921
8,0.1-2,0.7746009458640217,0.796455446,1.291811881,-1.515207921
8,0.1-2,0.950112103030902,0.932435644,1.291811881,-1.515207921
8,0.1-2,0.9567760146583264,0.90329703,1.291811881,-1.515207921
8,0.1-2,0.9950636154153238,0.971287129,1.291811881,-1.515207921
8,0.1-2,1.111472295565449,1.019851485,1.291811881,-1.515207921
8,0.1-2,1.1040149076649877,1.068415842,1.291811881,-1.515207921
8,0.1-2,1.1378452702531592,1.126693069,1.291811881,-1.515207921
8,0.1-2,1.2691016391894254,1.214108911,1.291811881,-1.515207921
8,0.1-2,1.0051169778782094,0.981,1.291811881,-1.515207921
8,0.1-2,0.7181283272694461,0.650762376,1.291811881,-1.515207921
8,0.1-2,0.5288534201366848,0.514782178,1.291811881,-1.515207921
8,0.1-2,0.5581324583590928,0.475930693,1.291811881,-1.515207921
8,0.1-2,0.5254441462322403,0.495356436,1.291811881,-1.515207921
8,0.1-2,0.4390688257663417,0.398227723,1.291811881,-1.515207921
8,0.1-2,0.4022622068849097,0.37880198,1.291811881,-1.515207921
8,0.1-2,0.3337505078819435,0.30109901,1.291811881,-1.515207921
8,0.1-2,0.1060503937600263,0.145693069,1.291811881,-1.515207921
8,0.1-2,-0.0658555365787571,-0.067990099,1.291811881,-1.515207921
8,0.1-2,-0.136355404712581,-0.126267327,1.291811881,-1.515207921
8,0.1-2,-0.1903662407914428,-0.252534653,1.291811881,-1.515207921
8,0.1-2,-0.3420023889182219,-0.281673267,1.291811881,-1.515207921
8,0.1-2,-0.4913330037665473,-0.553633663,1.291811881,-1.515207921
8,0.1-2,-0.6410799796551369,-0.60219802,1.291811881,-1.515207921
8,0.1-2,-0.6971238183918036,-0.777029703,1.291811881,-1.515207921
8,0.1-2,-0.7898842935477834,-0.777029703,1.291811881,-1.515207921
8,0.1-2,-0.8822902310515899,-0.951861386,1.291811881,-1.515207921
8,0.1-2,-0.9633218452945512,-0.922722772,1.291811881,-1.515207921
8,0.1-2,-1.044904121992377,-1.116980198,1.291811881,-1.515207921
8,0.1-2,-1.182290142395804,-1.126693069,1.291811881,-1.515207921
8,0.1-2,-1.3072325966495577,-1.35980198,1.291811881,-1.515207921
8,0.1-2,-1.1530499437613473,-1.369514851,1.291811881,-1.515207921
8,0.1-2,-0.7829113826834722,-0.893584158,1.291811881,-1.515207921
8,0.1-2,-0.6195881338237897,-0.709039604,1.291811881,-1.515207921
8,0.1-2,-0.7159279495741764,-0.689613861,1.291811881,-1.515207921
8,0.1-2,-0.7711101256008099,-0.825594059,1.291811881,-1.515207921
8,0.1-2,-0.7424941851470916,-0.767316832,1.291811881,-1.515207921
8,0.1-2,-0.6629381336439629,-0.75760396,1.291811881,-1.515207921
8,0.1-2,-0.5497024725159892,-0.563346535,1.291811881,-1.515207921
8,0.1-2,-0.5095066555619098,-0.621623762,1.291811881,-1.515207921
8,0.1-2,-0.4056118657381333,-0.437079208,1.291811881,-1.515207921
8,0.1-2,-0.3247776114777057,-0.446792079,1.291811881,-1.515207921
8,0.1-2,-0.1731882874620841,-0.194257426,1.291811881,-1.515207921
8,0.1-2,-0.0422724275710691,-0.155405941,1.291811881,-1.515207921
8,0.1-2,0.0780578676706386,0.067990099,1.291811881,-1.515207921
8,0.1-2,0.1186569720627383,0.029138614,1.291811881,-1.515207921
8,0.1-2,0.2594372301033465,0.242821782,1.291811881,-1.515207921
8,0.1-2,0.4762023631259941,0.339950495,1.291811881,-1.515207921
8,0.1-2,0.7054792271139811,0.660475248,1.291811881,-1.515207921
8,0.1-2,0.680642780473838,0.621623762,1.291811881,-1.515207921
8,0.1-2,0.684653239409811,0.641049505,1.291811881,-1.515207921
8,0.1-2,0.9009592760744388,0.767316832,1.291811881,-1.515207921
8,0.1-2,0.9172165633598036,0.835306931,1.291811881,-1.515207921
8,0.1-2,0.9279179601415456,0.864445545,1.291811881,-1.515207921
8,0.1-2,1.052846727958172,0.981,1.291811881,-1.515207921
8,0.1-2,1.161993619272294,1.097554455,1.291811881,-1.515207921
8,0.1-2,1.1380887871174077,1.05870297,1.291811881,-1.515207921
8,0.1-2,1.20174418920478,1.116980198,1.291811881,-1.515207921
8,0.1-2,1.2270283462800051,1.175257426,1.291811881,-1.515207921
8,0.1-2,0.940179677474874,0.942148515,1.291811881,-1.515207921
8,0.1-2,0.6645655547193094,0.582772277,1.291811881,-1.515207921
8,0.1-2,0.5677570883630381,0.485643564,1.291811881,-1.515207921
8,0.1-2,0.6083366371975911,0.553633663,1.291811881,-1.515207921
8,0.1-2,0.5326847718549634,0.495356436,1.291811881,-1.515207921
8,0.1-2,0.4466027006624414,0.407940594,1.291811881,-1.515207921
8,0.1-2,0.3944920826800356,0.339950495,1.291811881,-1.515207921
8,0.1-2,0.3454194505367667,0.22339604,1.291811881,-1.515207921
8,0.1-2,0.1684756046641952,0.135980198,1.291811881,-1.515207921
8,0.1-2,0.0483809837063462,0.009712871,1.291811881,-1.515207921
8,0.1-2,-0.0429971191020859,-0.116554455,1.291811881,-1.515207921
8,0.1-2,-0.2099111823400038,-0.30109901,1.291811881,-1.515207921
8,0.1-2,-0.268745664164115,-0.291386139,1.291811881,-1.515207921
8,0.1-2,-0.4377778273358933,-0.573059406,1.291811881,-1.515207921
8,0.1-2,-0.5688742458818412,-0.60219802,1.291811881,-1.515207921
8,0.1-2,-0.669672234923403,-0.747891089,1.291811881,-1.515207921
8,0.1-2,-0.7263915779051612,-0.75760396,1.291811881,-1.515207921
8,0.1-2,-0.834125594883899,-0.913009901,1.291811881,-1.515207921
8,0.1-2,-0.9106346429520336,-0.942148515,1.291811881,-1.515207921
8,0.1-2,-1.026027907309534,-1.107267327,1.291811881,-1.515207921
8,0.1-2,-1.0768285740771126,-1.126693069,1.291811881,-1.515207921
8,0.1-2,-1.2391846652730667,-1.340376238,1.291811881,-1.515207921
8,0.1-2,-1.2817258107255427,-1.320950495,1.291811881,-1.515207921
8,0.1-2,-0.978398582957832,-0.981,1.291811881,-1.515207921
8,0.1-2,-0.6408457188592256,-0.660475248,1.291811881,-1.515207921
8,0.1-2,-0.6542844577118023,-0.699326733,1.291811881,-1.515207921
8,0.1-2,-0.7645506731240752,-0.825594059,1.291811881,-1.515207921
8,0.1-2,-0.740549967295792,-0.75760396,1.291811881,-1.515207921
8,0.1-2,-0.7095211622404496,-0.747891089,1.291811881,-1.515207921
8,0.1-2,-0.5999847994017706,-0.650762376,1.291811881,-1.515207921
8,0.1-2,-0.5206080725297156,-0.582772277,1.291811881,-1.515207921
8,0.1-2,-0.4521055447516121,-0.495356436,1.291811881,-1.515207921
8,0.1-2,-0.3459522220745937,-0.446792079,1.291811881,-1.515207921
8,0.1-2,-0.2581011773778053,-0.242821782,1.291811881,-1.515207921
8,0.1-2,-0.1089097915853382,-0.184544554,1.291811881,-1.515207921
8,0.1-2,0.0416363114356759,0.019425743,1.291811881,-1.515207921
8,0.1-2,0.1073568618224865,0.009712871,1.291811881,-1.515207921
8,0.1-2,0.2138618232608289,0.22339604,1.291811881,-1.515207921
8,0.1-2,0.3791406564761138,0.310811881,1.291811881,-1.515207921
8,0.1-2,0.6421873817915973,0.611910891,1.291811881,-1.515207921
8,0.1-2,0.7303100656182921,0.660475248,1.291811881,-1.515207921
8,0.1-2,0.6590820518134213,0.621623762,1.291811881,-1.515207921
8,0.1-2,0.7903999950927378,0.728465347,1.291811881,-1.515207921
8,0.1-2,0.905413446082192,0.883871287,1.291811881,-1.515207921
8,0.1-2,0.9189805200653072,0.806168317,1.291811881,-1.515207921
8,0.1-2,0.96680321251067,0.932435644,1.291811881,-1.515207921
8,0.1-2,1.0796393838145246,1.039277228,1.291811881,-1.515207921
8,0.1-2,1.1385781183733563,1.019851485,1.291811881,-1.515207921
8,0.1-2,1.15207825537888,1.126693069,1.291811881,-1.515207921
8,0.1-2,1.2999850704868523,1.291811881,1.291811881,-1.515207921
8,0.1-2,1.182890960762483,1.000425743,1.291811881,-1.515207921
8,0.1-2,0.7771011111084773,0.60219802,1.291811881,-1.515207921
8,0.1-2,0.5603171606897077,0.427366337,1.291811881,-1.515207921
8,0.1-2,0.4998178078047219,0.485643564,1.291811881,-1.515207921
8,0.1-2,0.5795278583614374,0.475930693,1.291811881,-1.515207921
8,0.1-2,0.4950992449998996,0.407940594,1.291811881,-1.515207921
8,0.1-2,0.4397747082951619,0.359376238,1.291811881,-1.515207921
8,0.1-2,0.3970170026842132,0.262247525,1.291811881,-1.515207921
8,0.1-2,0.3005516451364199,0.203970297,1.291811881,-1.515207921
8,0.1-2,0.1119018647360179,-0.048564356,1.291811881,-1.515207921
8,0.1-2,-0.020968897204872,-0.087415842,1.291811881,-1.515207921
8,0.1-2,-0.161916972337081,-0.252534653,1.291811881,-1.515207921
8,0.1-2,-0.2384724155400682,-0.281673267,1.291811881,-1.515207921
8,0.1-2,-0.4202701354036875,-0.582772277,1.291811881,-1.515207921
8,0.1-2,-0.569997040193331,-0.611910891,1.291811881,-1.515207921
8,0.1-2,-0.6218233222970391,-0.75760396,1.291811881,-1.515207921
8,0.1-2,-0.6732508683066205,-0.728465347,1.291811881,-1.515207921
8,0.1-2,-0.850109048991516,-0.990712871,1.291811881,-1.515207921
8,0.1-2,-0.9144287205310084,-0.922722772,1.291811881,-1.515207921
8,0.1-2,-1.0296583373776065,-1.155831683,1.291811881,-1.515207921
8,0.1-2,-1.0493888062202887,-1.029564356,1.291811881,-1.515207921
8,0.1-2,-1.1687258363839752,-1.301524752,1.291811881,-1.515207921
8,0.1-2,-1.3009480688332595,-1.311237624,1.291811881,-1.515207921
8,0.1-2,-1.013233354272744,-1.029564356,1.291811881,-1.515207921
8,0.1-2,-0.6969850001436904,-0.689613861,1.291811881,-1.515207921
8,0.1-2,-0.6633696162745002,-0.75760396,1.291811881,-1.515207921
8,0.1-2,-0.717700309552576,-0.796455446,1.291811881,-1.515207921
8,0.1-2,-0.7483791218668774,-0.747891089,1.291811881,-1.515207921
8,0.1-2,-0.700399643011957,-0.777029703,1.291811881,-1.515207921
8,0.1-2,-0.6280495455012581,-0.592485149,1.291811881,-1.515207921
8,0.1-2,-0.5505063236942577,-0.582772277,1.291811881,-1.515207921
8,0.1-2,-0.4654297867862291,-0.45650495,1.291811881,-1.515207921
8,0.1-2,-0.4069323947859652,-0.417653465,1.291811881,-1.515207921
8,0.1-2,-0.2984019069385613,-0.213683168,1.291811881,-1.515207921
8,0.1-2,-0.1484601126613788,-0.194257426,1.291811881,-1.515207921
8,0.1-2,0.0051628864450789,0.038851485,1.291811881,-1.515207921
8,0.1-2,0.088263862646915,0.029138614,1.291811881,-1.515207921
8,0.1-2,0.1754037086127106,0.203970297,1.291811881,-1.515207921
8,0.1-2,0.3161028278097726,0.349663366,1.291811881,-1.515207921
8,0.1-2,0.5654465300760185,0.631336634,1.291811881,-1.515207921
8,0.1-2,0.7617733397139808,0.699326733,1.291811881,-1.515207921
8,0.1-2,0.684363540600067,0.611910891,1.291811881,-1.515207921
8,0.1-2,0.7540856161176674,0.718752475,1.291811881,-1.515207921
8,0.1-2,0.9002773726922573,0.883871287,1.291811881,-1.515207921
8,0.1-2,0.9285379013231564,0.806168317,1.291811881,-1.515207921
8,0.1-2,0.9849752216221764,0.981,1.291811881,-1.515207921
8,0.1-2,1.027726400804994,0.932435644,1.291811881,-1.515207921
8,0.1-2,1.1248506567955354,1.068415842,1.291811881,-1.515207921
8,0.1-2,1.1512275307979902,1.097554455,1.291811881,-1.515207921
8,0.1-2,1.2852575508509705,1.272386139,1.291811881,-1.515207921
8,0.1-2,1.2102503867359866,1.078128713,1.291811881,-1.515207921
8,0.1-2,0.8443509963514353,0.631336634,1.291811881,-1.515207921
8,0.1-2,0.5306635482413153,0.446792079,1.291811881,-1.515207921
8,0.1-2,0.5292436733966468,0.514782178,1.291811881,-1.515207921
8,0.1-2,0.5653384479283587,0.398227723,1.291811881,-1.515207921
8,0.1-2,0.4422513322047672,0.388514851,1.291811881,-1.515207921
8,0.1-2,0.4477878565077482,0.407940594,1.291811881,-1.515207921
8,0.1-2,0.410558416337237,0.369089109,1.291811881,-1.515207921
8,0.1-2,0.2746676874007891,0.155405941,1.291811881,-1.515207921
8,0.1-2,0.0416868356177969,-0.067990099,1.291811881,-1.515207921
8,0.1-2,-0.0746694131242715,-0.058277228,1.291811881,-1.515207921
8,0.1-2,-0.1726794561778498,-0.330237624,1.291811881,-1.515207921
8,0.1-2,-0.2764697652727955,-0.281673267,1.291811881,-1.515207921
8,0.1-2,-0.4454706984346323,-0.592485149,1.291811881,-1.515207921
8,0.1-2,-0.5651484669998666,-0.631336634,1.291811881,-1.515207921
8,0.1-2,-0.6511289446040756,-0.728465347,1.291811881,-1.515207921
8,0.1-2,-0.7117219767635004,-0.75760396,1.291811881,-1.515207921
8,0.1-2,-0.8355476342109109,-0.913009901,1.291811881,-1.515207921
8,0.1-2,-0.94500300260086,-0.961574257,1.291811881,-1.515207921
8,0.1-2,-1.04620326391661,-1.165544554,1.291811881,-1.515207921
8,0.1-2,-1.0931384977893694,-1.097554455,1.291811881,-1.515207921
8,0.1-2,-1.267389322387423,-1.35980198,1.291811881,-1.515207921
8,0.1-2,-1.201640246790708,-1.252960396,1.291811881,-1.515207921
8,0.1-2,-0.8251628549255212,-1.010138614,1.291811881,-1.515207921
8,0.1-2,-0.64278375388405,-0.709039604,1.291811881,-1.515207921
8,0.1-2,-0.7270914075053634,-0.75760396,1.291811881,-1.515207921
8,0.1-2,-0.7397130695619438,-0.767316832,1.291811881,-1.515207921
8,0.1-2,-0.736214099240547,-0.767316832,1.291811881,-1.515207921
8,0.1-2,-0.6730604389288419,-0.777029703,1.291811881,-1.515207921
8,0.1-2,-0.557135622919782,-0.611910891,1.291811881,-1.515207921
8,0.1-2,-0.4670999431127988,-0.553633663,1.291811881,-1.515207921
8,0.1-2,-0.3818930550594003,-0.466217822,1.291811881,-1.515207921
8,0.1-2,-0.2936613581878149,-0.359376238,1.291811881,-1.515207921
8,0.1-2,-0.1792422996826862,-0.233108911,1.291811881,-1.515207921
8,0.1-2,-0.034930190026725,-0.184544554,1.291811881,-1.515207921
8,0.1-2,0.0550795784724916,0.029138614,1.291811881,-1.515207921
8,0.1-2,0.1392522228046603,0.038851485,1.291811881,-1.515207921
8,0.1-2,0.3312561547239896,0.271960396,1.291811881,-1.515207921
8,0.1-2,0.5426926737900915,0.369089109,1.291811881,-1.515207921
8,0.1-2,0.7253729769169326,0.660475248,1.291811881,-1.515207921
8,0.1-2,0.6434374813792914,0.582772277,1.291811881,-1.515207921
8,0.1-2,0.739970062900307,0.611910891,1.291811881,-1.515207921
8,0.1-2,0.8912860116549621,0.767316832,1.291811881,-1.515207921
8,0.1-2,0.9311338309703134,0.90329703,1.291811881,-1.515207921
8,0.1-2,0.9695509608373388,0.864445545,1.291811881,-1.515207921
8,0.1-2,1.0172212572689978,0.971287129,1.291811881,-1.515207921
8,0.1-2,1.140189956763796,1.05870297,1.291811881,-1.515207921
8,0.1-2,1.1166386471741587,1.05870297,1.291811881,-1.515207921
8,0.1-2,1.2389718676302728,1.078128713,1.291811881,-1.515207921
8,0.1-2,1.2421805644393622,1.252960396,1.291811881,-1.515207921
8,0.1-2,0.9248843449818568,1.048990099,1.291811881,-1.515207921
8,0.1-2,0.5628643217367029,0.641049505,1.291811881,-1.515207921
8,0.1-2,0.4927198486263578,0.407940594,1.291811881,-1.515207921
8,0.1-2,0.5641499935595389,0.475930693,1.291811881,-1.515207921
8,0.1-2,0.4791454465103648,0.427366337,1.291811881,-1.515207921
8,0.1-2,0.4653337334020427,0.446792079,1.291811881,-1.515207921
8,0.1-2,0.39813487793108,0.369089109,1.291811881,-1.515207921
8,0.1-2,0.3017096859741723,0.291386139,1.291811881,-1.515207921
8,0.1-2,0.0944138353888386,0.106841584,1.291811881,-1.515207921
8,0.1-2,-0.0156248244273091,-0.07770297,1.291811881,-1.515207921
8,0.1-2,-0.124350305540419,-0.07770297,1.291811881,-1.515207921
8,0.1-2,-0.2288056072651445,-0.271960396,1.291811881,-1.515207921
8,0.1-2,-0.3294704584420856,-0.242821782,1.291811881,-1.515207921
8,0.1-2,-0.4966955108774598,-0.582772277,1.291811881,-1.515207921
8,0.1-2,-0.5964457257534576,-0.592485149,1.291811881,-1.515207921
8,0.1-2,-0.679115023168954,-0.777029703,1.291811881,-1.515207921
8,0.1-2,-0.7701076569615264,-0.777029703,1.291811881,-1.515207921
8,0.1-2,-0.8639594763423135,-0.922722772,1.291811881,-1.515207921
8,0.1-2,-1.0038647297356345,-1.010138614,1.291811881,-1.515207921
8,0.1-2,-1.0575082270126528,-1.175257426,1.291811881,-1.515207921
8,0.1-2,-1.1097707482867245,-1.039277228,1.291811881,-1.515207921
8,0.1-2,-1.2989832768190388,-1.408366337,1.291811881,-1.515207921
8,0.1-2,-1.217462864058808,-1.194683168,1.291811881,-1.515207921
8,0.1-2,-0.8948211354743161,-0.961574257,1.291811881,-1.515207921
8,0.1-2,-0.6646033300207841,-0.689613861,1.291811881,-1.515207921
8,0.1-2,-0.7153042973495141,-0.75760396,1.291811881,-1.515207921
8,0.1-2,-0.7242991953211555,-0.75760396,1.291811881,-1.515207921
8,0.1-2,-0.736194538473379,-0.796455446,1.291811881,-1.515207921
8,0.1-2,-0.6955486504060964,-0.75760396,1.291811881,-1.515207921
8,0.1-2,-0.5823713654742559,-0.60219802,1.291811881,-1.515207921
8,0.1-2,-0.5206234238401906,-0.573059406,1.291811881,-1.515207921
8,0.1-2,-0.4141114613006769,-0.427366337,1.291811881,-1.515207921
8,0.1-2,-0.3639701351873836,-0.417653465,1.291811881,-1.515207921
8,0.1-2,-0.2222560132104828,-0.242821782,1.291811881,-1.515207921
8,0.1-2,-0.0623782162938313,-0.135980198,1.291811881,-1.515207921
8,0.1-2,0.0573361246026211,-0.019425743,1.291811881,-1.515207921
8,0.1-2,0.1208232279857798,0.106841584,1.291811881,-1.515207921
8,0.1-2,0.2219271984438621,0.271960396,1.291811881,-1.515207921
8,0.1-2,0.4334098647477465,0.369089109,1.291811881,-1.515207921
8,0.1-2,0.6818285086268505,0.67990099,1.291811881,-1.515207921
8,0.1-2,0.7013154283392176,0.582772277,1.291811881,-1.515207921
8,0.1-2,0.6841119535556428,0.641049505,1.291811881,-1.515207921
8,0.1-2,0.839385375252057,0.777029703,1.291811881,-1.515207921
8,0.1-2,0.9209387610562074,0.883871287,1.291811881,-1.515207921
8,0.1-2,0.9427032068557096,0.815881188,1.291811881,-1.515207921
8,0.1-2,1.023889582748405,0.971287129,1.291811881,-1.515207921
8,0.1-2,1.100752752937467,1.05870297,1.291811881,-1.515207921
8,0.1-2,1.0947886398209372,1.087841584,1.291811881,-1.515207921
8,0.1-2,1.143195134700276,1.087841584,1.291811881,-1.515207921
8,0.1-2,1.315436560500625,1.223821782,1.291811881,-1.515207921
8,0.1-2,1.1170143954717835,1.029564356,1.291811881,-1.515207921
8,0.1-2,0.7529645270008354,0.641049505,1.291811881,-1.515207921
8,0.1-2,0.4856364584817711,0.417653465,1.291811881,-1.515207921
8,0.1-2,0.5170383365862339,0.45650495,1.291811881,-1.515207921
8,0.1-2,0.4927457635372298,0.388514851,1.291811881,-1.515207921
8,0.1-2,0.4408076102106373,0.417653465,1.291811881,-1.515207921
8,0.1-2,0.423464111049963,0.369089109,1.291811881,-1.515207921
8,0.1-2,0.3914431184009363,0.310811881,1.291811881,-1.515207921
8,0.1-2,0.258271216679703,0.203970297,1.291811881,-1.515207921
8,0.1-2,0.0767952258311603,-0.019425743,1.291811881,-1.515207921
8,0.1-2,-0.0429237043111405,-0.174831683,1.291811881,-1.515207921
8,0.1-2,-0.2049403958559047,-0.330237624,1.291811881,-1.515207921
8,0.1-2,-0.278503754169415,-0.291386139,1.291811881,-1.515207921
8,0.1-2,-0.4242916888678734,-0.582772277,1.291811881,-1.515207921
8,0.1-2,-0.5516950991041498,-0.611910891,1.291811881,-1.515207921
8,0.1-2,-0.6283355579215882,-0.747891089,1.291811881,-1.515207921
8,0.1-2,-0.72098785338848,-0.75760396,1.291811881,-1.515207921
8,0.1-2,-0.8326624109476841,-0.990712871,1.291811881,-1.515207921
8,0.1-2,-0.9115012872626054,-0.90329703,1.291811881,-1.515207921
8,0.1-2,-1.0568184614380605,-1.184970297,1.291811881,-1.515207921
8,0.1-2,-1.1139778163358751,-1.165544554,1.291811881,-1.515207921
8,0.1-2,-1.2452781886095954,-1.43750495,1.291811881,-1.515207921
8,0.1-2,-1.245003751571224,-1.20439604,1.291811881,-1.515207921
8,0.1-2,-0.9969002512341756,-1.000425743,1.291811881,-1.515207921
8,0.1-2,-0.6821003179514462,-0.718752475,1.291811881,-1.515207921
8,0.1-2,-0.6413751449129197,-0.709039604,1.291811881,-1.515207921
8,0.1-2,-0.7227913756356692,-0.767316832,1.291811881,-1.515207921
8,0.1-2,-0.7117093857893779,-0.825594059,1.291811881,-1.515207921
8,0.1-2,-0.724773185045225,-0.815881188,1.291811881,-1.515207921
8,0.1-2,-0.6232586633432726,-0.728465347,1.291811881,-1.515207921
8,0.1-2,-0.5302727865942806,-0.660475248,1.291811881,-1.515207921
8,0.1-2,-0.3892119109004128,-0.446792079,1.291811881,-1.515207921
8,0.1-2,-0.2945802795846997,-0.359376238,1.291811881,-1.515207921
8,0.1-2,-0.15657319298595,-0.194257426,1.291811881,-1.515207921
8,0.1-2,0.0099281614767965,-0.135980198,1.291811881,-1.515207921
8,0.1-2,0.0758625158123677,0.087415842,1.291811881,-1.515207921
8,0.1-2,0.1607127619541622,-0.009712871,1.291811881,-1.515207921
8,0.1-2,0.3525003507383683,0.30109901,1.291811881,-1.515207921
8,0.1-2,0.5139582105600218,0.310811881,1.291811881,-1.515207921
8,0.1-2,0.7256892349510975,0.67990099,1.291811881,-1.515207921
8,0.1-2,0.6691411825305558,0.582772277,1.291811881,-1.515207921
8,0.1-2,0.752655811875482,0.670188119,1.291811881,-1.515207921
8,0.1-2,0.8930349039061158,0.738178218,1.291811881,-1.515207921
8,0.1-2,0.9467520538209802,0.942148515,1.291811881,-1.515207921
8,0.1-2,0.9981547000361152,0.913009901,1.291811881,-1.515207921
8,0.1-2,1.0398210323368156,1.039277228,1.291811881,-1.515207921
8,0.1-2,1.095285480634589,1.029564356,1.291811881,-1.515207921
8,0.1-2,1.095835825318569,1.05870297,1.291811881,-1.515207921
8,0.1-2,1.2159117510075308,1.107267327,1.291811881,-1.515207921
8,0.1-2,1.3005323140395346,1.252960396,1.291811881,-1.515207921
8,0.1-2,1.0676095329200026,1.019851485,1.291811881,-1.515207921
8,0.1-2,0.7166745349713461,0.611910891,1.291811881,-1.515207921
8,0.1-2,0.5063830713382349,0.446792079,1.291811881,-1.515207921
8,0.1-2,0.5018295185876387,0.466217822,1.291811881,-1.515207921
8,0.1-2,0.452204565176938,0.45650495,1.291811881,-1.515207921
8,0.1-2,0.4534792310887436,0.437079208,1.291811881,-1.515207921
8,0.1-2,0.4529207033044038,0.388514851,1.291811881,-1.515207921
8,0.1-2,0.3694974441315329,0.359376238,1.291811881,-1.515207921
8,0.1-2,0.1882983591900367,0.145693069,1.291811881,-1.515207921
8,0.1-2,0.0291440832594685,-0.087415842,1.291811881,-1.515207921
8,0.1-2,-0.1172415588644781,-0.174831683,1.291811881,-1.515207921
8,0.1-2,-0.1955738018232979,-0.252534653,1.291811881,-1.515207921
8,0.1-2,-0.3010086126937034,-0.30109901,1.291811881,-1.515207921
8,0.1-2,-0.4670944126688842,-0.582772277,1.291811881,-1.515207921
8,0.1-2,-0.5687530514748275,-0.563346535,1.291811881,-1.515207921
8,0.1-2,-0.6906427410886912,-0.786742574,1.291811881,-1.515207921
8,0.1-2,-0.8235933937011974,-0.786742574,1.291811881,-1.515207921
8,0.1-2,-0.864384290409747,-0.981,1.291811881,-1.515207921
8,0.1-2,-0.9960606404894792,-0.961574257,1.291811881,-1.515207921
8,0.1-2,-1.0382290432172812,-1.146118812,1.291811881,-1.515207921
8,0.1-2,-1.1575788755329526,-1.165544554,1.291811881,-1.515207921
8,0.1-2,-1.3600371137764753,-1.476356436,1.291811881,-1.515207921
8,0.1-2,-1.1806364194876304,-1.223821782,1.291811881,-1.515207921
8,0.1-2,-0.8583365470279594,-0.951861386,1.291811881,-1.515207921
8,0.1-2,-0.6411640592179467,-0.631336634,1.291811881,-1.515207921
8,0.1-2,-0.6891203548382665,-0.641049505,1.291811881,-1.515207921
8,0.1-2,-0.7262737196931599,-0.806168317,1.291811881,-1.515207921
8,0.1-2,-0.7520228792490189,-0.777029703,1.291811881,-1.515207921
8,0.1-2,-0.7129224095487163,-0.815881188,1.291811881,-1.515207921
8,0.1-2,-0.5713870424115026,-0.553633663,1.291811881,-1.515207921
8,0.1-2,-0.4641982999672344,-0.553633663,1.291811881,-1.515207921
8,0.1-2,-0.4146630727216125,-0.398227723,1.291811881,-1.515207921
8,0.1-2,-0.3229495124114712,-0.388514851,1.291811881,-1.515207921
8,0.1-2,-0.188681023061759,-0.233108911,1.291811881,-1.515207921
8,0.1-2,-0.0342584326947246,-0.145693069,1.291811881,-1.515207921
8,0.1-2,0.0332714608510061,0.029138614,1.291811881,-1.515207921
8,0.1-2,0.1134990109906853,0.048564356,1.291811881,-1.515207921
8,0.1-2,0.2946682674491478,0.291386139,1.291811881,-1.515207921
8,0.1-2,0.4892842878924058,0.37880198,1.291811881,-1.515207921
8,0.1-2,0.7161220389913434,0.718752475,1.291811881,-1.515207921
8,0.1-2,0.6951440982700392,0.543920792,1.291811881,-1.515207921
8,0.1-2,0.6803533913898665,0.670188119,1.291811881,-1.515207921
8,0.1-2,0.801411152300991,0.738178218,1.291811881,-1.515207921
8,0.1-2,0.8916236572210594,0.864445545,1.291811881,-1.515207921
8,0.1-2,0.9921342140825312,0.961574257,1.291811881,-1.515207921
8,0.1-2,1.074411223756734,1.029564356,1.291811881,-1.515207921
8,0.1-2,1.1265424141220193,0.990712871,1.291811881,-1.515207921
8,0.1-2,1.1243901752188958,1.097554455,1.291811881,-1.515207921
8,0.1-2,1.201539823968907,1.087841584,1.291811881,-1.515207921
8,0.1-2,1.2745680978302212,1.252960396,1.291811881,-1.515207921
8,0.1-2,0.9784146708574532,0.932435644,1.291811881,-1.515207921
8,0.1-2,0.6474647726557434,0.631336634,1.291811881,-1.515207921
8,0.1-2,0.4913911383409928,0.369089109,1.291811881,-1.515207921
8,0.1-2,0.5089076525205165,0.475930693,1.291811881,-1.515207921
8,0.1-2,0.4821096839336097,0.407940594,1.291811881,-1.515207921
8,0.1-2,0.4347844715685928,0.359376238,1.291811881,-1.515207921
8,0.1-2,0.4343819875394313,0.388514851,1.291811881,-1.515207921
8,0.1-2,0.3401101678913191,0.281673267,1.291811881,-1.515207921
8,0.1-2,0.1571493915760155,0.155405941,1.291811881,-1.515207921
8,0.1-2,0.0476222783281629,0.009712871,1.291811881,-1.515207921
8,0.1-2,-0.0933446948366542,-0.165118812,1.291811881,-1.515207921
8,0.1-2,-0.2081767908526185,-0.271960396,1.291811881,-1.515207921
8,0.1-2,-0.3269466846587161,-0.320524752,1.291811881,-1.515207921
8,0.1-2,-0.509010730066324,-0.563346535,1.291811881,-1.515207921
8,0.1-2,-0.5917373114624429,-0.650762376,1.291811881,-1.515207921
8,0.1-2,-0.6949777462521505,-0.747891089,1.291811881,-1.515207921
8,0.1-2,-0.8047687283955731,-0.786742574,1.291811881,-1.515207921
8,0.1-2,-0.9072991320311874,-0.961574257,1.291811881,-1.515207921
8,0.1-2,-1.0353611753175287,-0.971287129,1.291811881,-1.515207921
8,0.1-2,-1.079239510612125,-1.155831683,1.291811881,-1.515207921
8,0.1-2,-1.2618753179813833,-1.194683168,1.291811881,-1.515207921
8,0.1-2,-1.3001305903263594,-1.418079208,1.291811881,-1.515207921
8,0.1-2,-1.0314999627910124,-1.184970297,1.291811881,-1.515207921
8,0.1-2,-0.7552183522965146,-0.922722772,1.291811881,-1.515207921
8,0.1-2,-0.5997867907457158,-0.641049505,1.291811881,-1.515207921
8,0.1-2,-0.6920192411961515,-0.689613861,1.291811881,-1.515207921
8,0.1-2,-0.7145868976294821,-0.806168317,1.291811881,-1.515207921
8,0.1-2,-0.7572987953591321,-0.777029703,1.291811881,-1.515207921
8,0.1-2,-0.6979230342983018,-0.75760396,1.291811881,-1.515207921
8,0.1-2,-0.5645613018587757,-0.592485149,1.291811881,-1.515207921
8,0.1-2,-0.473916125675616,-0.582772277,1.291811881,-1.515207921
8,0.1-2,-0.3730112397957719,-0.359376238,1.291811881,-1.515207921
8,0.1-2,-0.2986058094093287,-0.407940594,1.291811881,-1.515207921
8,0.1-2,-0.1480525413204955,-0.145693069,1.291811881,-1.515207921
8,0.1-2,-0.0388647245067721,-0.097128713,1.291811881,-1.515207921
8,0.1-2,0.044384856334549,0.087415842,1.291811881,-1.515207921
8,0.1-2,0.1407372027110581,-0.009712871,1.291811881,-1.515207921
8,0.1-2,0.322526359308297,0.320524752,1.291811881,-1.515207921
8,0.1-2,0.508952640296884,0.359376238,1.291811881,-1.515207921
8,0.1-2,0.7238654839856042,0.718752475,1.291811881,-1.515207921
8,0.1-2,0.6963384134432296,0.592485149,1.291811881,-1.515207921
8,0.1-2,0.7227269537958378,0.67990099,1.291811881,-1.515207921
8,0.1-2,0.8548223667694708,0.728465347,1.291811881,-1.515207921
8,0.1-2,0.913807572833353,0.874158416,1.291811881,-1.515207921
8,0.1-2,0.9656867026844284,0.864445545,1.291811881,-1.515207921
8,0.1-2,1.042906966819406,1.048990099,1.291811881,-1.515207921
8,0.1-2,1.142797155826459,1.116980198,1.291811881,-1.515207921
8,0.1-2,1.1594493776221877,1.136405941,1.291811881,-1.515207921
8,0.1-2,1.2223528387506988,1.136405941,1.291811881,-1.515207921
8,0.1-2,1.2894779476407463,1.28209901,1.291811881,-1.515207921
8,0.1-2,0.9902787779099336,0.922722772,1.291811881,-1.515207921
8,0.1-2,0.6901977515994118,0.573059406,1.291811881,-1.515207921
8,0.1-2,0.4976641164582676,0.417653465,1.291811881,-1.515207921
8,0.1-2,0.5210196746725657,0.45650495,1.291811881,-1.515207921
8,0.1-2,0.4850097902972932,0.446792079,1.291811881,-1.515207921
8,0.1-2,0.4360169142263994,0.359376238,1.291811881,-1.515207921
8,0.1-2,0.4433543216537045,0.369089109,1.291811881,-1.515207921
8,0.1-2,0.3797057092509077,0.281673267,1.291811881,-1.515207921
8,0.1-2,0.1831979479631058,0.203970297,1.291811881,-1.515207921
8,0.1-2,0.0081003972077134,-0.097128713,1.291811881,-1.515207921
8,0.1-2,-0.1565772123953193,-0.184544554,1.291811881,-1.515207921
8,0.1-2,-0.2250171894345419,-0.320524752,1.291811881,-1.515207921
8,0.1-2,-0.3064678782881289,-0.30109901,1.291811881,-1.515207921
8,0.1-2,-0.4553283295232875,-0.592485149,1.291811881,-1.515207921
8,0.1-2,-0.5616229676348874,-0.611910891,1.291811881,-1.515207921
8,0.1-2,-0.6687062894483217,-0.699326733,1.291811881,-1.515207921
8,0.1-2,-0.744894576482453,-0.835306931,1.291811881,-1.515207921
8,0.1-2,-0.8819864561112909,-1.010138614,1.291811881,-1.515207921
8,0.1-2,-0.9898158898817208,-1.048990099,1.291811881,-1.515207921
8,0.1-2,-1.0549622380213932,-1.155831683,1.291811881,-1.515207921
8,0.1-2,-1.1660748305766273,-1.214108911,1.291811881,-1.515207921
8,0.1-2,-1.3741135490625045,-1.515207921,1.291811881,-1.515207921
8,0.1-2,-1.2026829359850022,-1.233534653,1.291811881,-1.515207921
8,0.1-2,-0.9059919697710934,-0.825594059,1.291811881,-1.515207921
8,0.1-2,-0.6272650787085196,-0.67990099,1.291811881,-1.515207921
8,0.1-2,-0.6274999681705398,-0.670188119,1.291811881,-1.515207921
8,0.1-2,-0.6910221120038412,-0.786742574,1.291811881,-1.515207921
8,0.1-2,-0.748172994739746,-0.75760396,1.291811881,-1.515207921
8,0.1-2,-0.736316706853684,-0.796455446,1.291811881,-1.515207921
8,0.1-2,-0.598598622797621,-0.534207921,1.291811881,-1.515207921
8,0.1-2,-0.5219233469977391,-0.553633663,1.291811881,-1.515207921
8,0.1-2,-0.412568848563018,-0.417653465,1.291811881,-1.515207921
8,0.1-2,-0.3364042078000718,-0.437079208,1.291811881,-1.515207921
8,0.1-2,-0.2113437216764506,-0.126267327,1.291811881,-1.515207921
8,0.1-2,-0.0524843738494834,-0.184544554,1.291811881,-1.515207921
8,0.1-2,0.055359334888645,0.087415842,1.291811881,-1.515207921
8,0.1-2,0.1469600301386655,0.029138614,1.291811881,-1.515207921
8,0.1-2,0.2870577075118383,0.339950495,1.291811881,-1.515207921
8,0.1-2,0.4792415515043286,0.369089109,1.291811881,-1.515207921
8,0.1-2,0.6981226643159997,0.747891089,1.291811881,-1.515207921
8,0.1-2,0.6788243748714771,0.60219802,1.291811881,-1.515207921
8,0.1-2,0.7048671543151219,0.709039604,1.291811881,-1.515207921
8,0.1-2,0.8468201161372564,0.796455446,1.291811881,-1.515207921
8,0.1-2,0.9058585712924492,0.883871287,1.291811881,-1.515207921
8,0.1-2,0.9820409087808536,0.893584158,1.291811881,-1.515207921
8,0.1-2,1.0506678205873592,1.039277228,1.291811881,-1.515207921
8,0.1-2,1.1589420806689823,1.097554455,1.291811881,-1.515207921
8,0.1-2,1.1157406320345125,1.039277228,1.291811881,-1.515207921
8,0.1-2,1.1526952345991608,1.087841584,1.291811881,-1.515207921
8,0.1-2,1.3074670239382582,1.243247525,1.291811881,-1.515207921
8,0.1-2,1.1094793585416445,0.90329703,1.291811881,-1.515207921
8,0.1-2,0.8024484553851354,0.60219802,1.291811881,-1.515207921
8,0.1-2,0.5715044994697949,0.407940594,1.291811881,-1.515207921
8,0.1-2,0.5109747743601976,0.45650495,1.291811881,-1.515207921
8,0.1-2,0.4820216880679986,0.398227723,1.291811881,-1.515207921
8,0.1-2,0.4230879391136087,0.437079208,1.291811881,-1.515207921
8,0.1-2,0.448564837419072,0.398227723,1.291811881,-1.515207921
8,0.1-2,0.3879868375498941,0.22339604,1.291811881,-1.515207921
8,0.1-2,0.2464581685484791,0.126267327,1.291811881,-1.515207921
8,0.1-2,0.1114172329931878,-0.019425743,1.291811881,-1.515207921
8,0.1-2,-0.0266836260937133,-0.184544554,1.291811881,-1.515207921
8,0.1-2,-0.1853477696489474,-0.310811881,1.291811881,-1.515207921
8,0.1-2,-0.2169768207742352,-0.339950495,1.291811881,-1.515207921
8,0.1-2,-0.4202900885956314,-0.631336634,1.291811881,-1.515207921
8,0.1-2,-0.5640243703947729,-0.670188119,1.291811881,-1.515207921
8,0.1-2,-0.6203176480631765,-0.738178218,1.291811881,-1.515207921
8,0.1-2,-0.682692615931598,-0.777029703,1.291811881,-1.515207921
8,0.1-2,-0.803995207453714,-0.981,1.291811881,-1.515207921
8,0.1-2,-0.915195470101238,-1.039277228,1.291811881,-1.515207921
8,0.1-2,-1.0785870213867026,-1.184970297,1.291811881,-1.515207921
8,0.1-2,-1.0702686841716538,-1.146118812,1.291811881,-1.515207921
8,0.1-2,-1.2735468344400054,-1.447217822,1.291811881,-1.515207921
8,0.1-2,-1.336171108554546,-1.194683168,1.291811881,-1.515207921
8,0.1-2,-1.0721133613576146,-0.825594059,1.291811881,-1.515207921
8,0.1-2,-0.7774266146384377,-0.650762376,1.291811881,-1.515207921
8,0.1-2,-0.6158002660592048,-0.670188119,1.291811881,-1.515207921
8,0.1-2,-0.6676936664875687,-0.738178218,1.291811881,-1.515207921
8,0.1-2,-0.7086136930205402,-0.767316832,1.291811881,-1.515207921
8,0.1-2,-0.7294077191375316,-0.796455446,1.291811881,-1.515207921
8,0.1-2,-0.6506001262178022,-0.573059406,1.291811881,-1.515207921
8,0.1-2,-0.5786686701662263,-0.650762376,1.291811881,-1.515207921
8,0.1-2,-0.4728697937350857,-0.45650495,1.291811881,-1.515207921
8,0.1-2,-0.3520635185966997,-0.427366337,1.291811881,-1.515207921
8,0.1-2,-0.2375935144051532,-0.155405941,1.291811881,-1.515207921
8,0.1-2,-0.0994346675411075,-0.087415842,1.291811881,-1.515207921
8,0.1-2,-0.0069134490972508,0.097128713,1.291811881,-1.515207921
8,0.1-2,0.0974306023556193,0.038851485,1.291811881,-1.515207921
8,0.1-2,0.2618330856277441,0.291386139,1.291811881,-1.515207921
8,0.1-2,0.3594989397260339,0.398227723,1.291811881,-1.515207921
8,0.1-2,0.6198608593435937,0.670188119,1.291811881,-1.515207921
8,0.1-2,0.7150214547943607,0.582772277,1.291811881,-1.515207921
8,0.1-2,0.6716567228165431,0.718752475,1.291811881,-1.515207921
8,0.1-2,0.7951318574443693,0.709039604,1.291811881,-1.515207921
8,0.1-2,0.8815002511933134,0.90329703,1.291811881,-1.515207921
8,0.1-2,0.9449481376900616,0.893584158,1.291811881,-1.515207921
8,0.1-2,1.0268918423234177,1.048990099,1.291811881,-1.515207921
8,0.1-2,1.1164448640980145,1.000425743,1.291811881,-1.515207921
8,0.1-2,1.1435435612763862,1.097554455,1.291811881,-1.515207921
8,0.1-2,1.1401742704255535,1.068415842,1.291811881,-1.515207921
8,0.1-2,1.2632774985623068,1.243247525,1.291811881,-1.515207921
8,0.1-2,1.2152262260988422,0.874158416,1.291811881,-1.515207921
8,0.1-2,0.8766564045747869,0.631336634,1.291811881,-1.515207921
8,0.1-2,0.6019329351577578,0.359376238,1.291811881,-1.515207921
8,0.1-2,0.4648544372296333,0.485643564,1.291811881,-1.515207921
8,0.1-2,0.497294046841812,0.369089109,1.291811881,-1.515207921
8,0.1-2,0.4356790262770808,0.417653465,1.291811881,-1.515207921
8,0.1-2,0.4512068364139264,0.37880198,1.291811881,-1.515207921
8,0.1-2,0.4274322416833102,0.30109901,1.291811881,-1.515207921
8,0.1-2,0.2791555557783516,0.106841584,1.291811881,-1.515207921
8,0.1-2,0.0886860811758332,-0.07770297,1.291811881,-1.515207921
8,0.1-2,-0.0453500495388706,-0.233108911,1.291811881,-1.515207921
8,0.1-2,-0.1715064484178274,-0.339950495,1.291811881,-1.515207921
8,0.1-2,-0.248020129233504,-0.330237624,1.291811881,-1.515207921
8,0.1-2,-0.3853156459892228,-0.514782178,1.291811881,-1.515207921
8,0.1-2,-0.5215462017340944,-0.631336634,1.291811881,-1.515207921
8,0.1-2,-0.632078995712003,-0.738178218,1.291811881,-1.515207921
8,0.1-2,-0.7015919047703614,-0.777029703,1.291811881,-1.515207921
8,0.1-2,-0.789956533599077,-0.942148515,1.291811881,-1.515207921
8,0.1-2,-0.9141726954069522,-1.05870297,1.291811881,-1.515207921
8,0.1-2,-1.0858985561711427,-1.194683168,1.291811881,-1.515207921
8,0.1-2,-1.0828117095819954,-1.116980198,1.291811881,-1.515207921
8,0.1-2,-1.2388979349478284,-1.476356436,1.291811881,-1.515207921
8,0.1-2,-1.3075667292283002,-1.146118812,1.291811881,-1.515207921
8,0.1-2,-1.029802813851449,-0.961574257,1.291811881,-1.515207921
8,0.1-2,-0.7843301384004171,-0.641049505,1.291811881,-1.515207921
8,0.1-2,-0.6174612984390575,-0.660475248,1.291811881,-1.515207921
8,0.1-2,-0.6529635511052095,-0.709039604,1.291811881,-1.515207921
8,0.1-2,-0.7221903896277763,-0.864445545,1.291811881,-1.515207921
8,0.1-2,-0.7457965999408336,-0.777029703,1.291811881,-1.515207921
8,0.1-2,-0.6710333136363699,-0.60219802,1.291811881,-1.515207921
8,0.1-2,-0.5573158924793029,-0.543920792,1.291811881,-1.515207921
8,0.1-2,-0.4403774067546799,-0.437079208,1.291811881,-1.515207921
8,0.1-2,-0.3705804506639979,-0.398227723,1.291811881,-1.515207921
8,0.1-2,-0.2858333752499276,-0.22339604,1.291811881,-1.515207921
8,0.1-2,-0.1477164944690109,-0.174831683,1.291811881,-1.515207921
8,0.1-2,-0.0304111728994976,0.038851485,1.291811881,-1.515207921
8,0.1-2,0.0933134448142047,0.126267327,1.291811881,-1.515207921
8,0.1-2,0.1819500865339248,0.271960396,1.291811881,-1.515207921
8,0.1-2,0.336722513135361,0.45650495,1.291811881,-1.515207921
8,0.1-2,0.5698409162947786,0.660475248,1.291811881,-1.515207921
8,0.1-2,0.6910819732438611,0.631336634,1.291811881,-1.515207921
8,0.1-2,0.6532914900345819,0.689613861,1.291811881,-1.515207921
8,0.1-2,0.7509162609798279,0.747891089,1.291811881,-1.515207921
8,0.1-2,0.8385561517703701,0.747891089,1.291811881,-1.515207921
8,0.1-2,0.8699591050941937,1.019851485,1.291811881,-1.515207921
8,0.1-2,1.1143446640546828,1.078128713,1.291811881,-1.515207921
8,0.1-2,1.105044953067567,0.942148515,1.291811881,-1.515207921
8,0.1-2,1.052318018658283,1.029564356,1.291811881,-1.515207921
8,0.1-2,1.0840024608536214,1.116980198,1.291811881,-1.515207921
8,0.1-2,1.2611551139764992,1.252960396,1.291811881,-1.515207921
8,0.1-2,1.2296126532154878,0.883871287,1.291811881,-1.515207921
8,0.1-2,0.9660854687661348,0.631336634,1.291811881,-1.515207921
8,0.1-2,0.637276430693746,0.388514851,1.291811881,-1.515207921
8,0.1-2,0.4683691007610843,0.485643564,1.291811881,-1.515207921
8,0.1-2,0.4809241340955753,0.359376238,1.291811881,-1.515207921
8,0.1-2,0.4357993993496319,0.446792079,1.291811881,-1.515207921
8,0.1-2,0.4659230645958368,0.388514851,1.291811881,-1.515207921
8,0.1-2,0.4464192074871969,0.398227723,1.291811881,-1.515207921
8,0.1-2,0.3769977471687382,0.067990099,1.291811881,-1.515207921
8,0.1-2,0.1697591652516157,-0.038851485,1.291811881,-1.515207921
8,0.1-2,0.0241229733255085,-0.22339604,1.291811881,-1.515207921
8,0.1-2,-0.130804191749821,-0.233108911,1.291811881,-1.515207921
8,0.1-2,-0.2090113957596316,-0.369089109,1.291811881,-1.515207921
8,0.1-2,-0.2957589435578696,-0.52449505,1.291811881,-1.515207921
8,0.1-2,-0.4430124687180359,-0.67990099,1.291811881,-1.515207921
8,0.1-2,-0.601083982655179,-0.75760396,1.291811881,-1.515207921
8,0.1-2,-0.6641968824516897,-0.806168317,1.291811881,-1.515207921
8,0.1-2,-0.7363886356117841,-0.932435644,1.291811881,-1.515207921
8,0.1-2,-0.8964083501947901,-1.010138614,1.291811881,-1.515207921
8,0.1-2,-1.0018536984943194,-1.155831683,1.291811881,-1.515207921
8,0.1-2,-1.099045814937894,-1.146118812,1.291811881,-1.515207921
8,0.1-2,-1.1740151873345257,-1.43750495,1.291811881,-1.515207921
8,0.1-2,-1.3517081459915552,-1.184970297,1.291811881,-1.515207921
8,0.1-2,-1.1322117897068578,-1.000425743,1.291811881,-1.515207921
8,0.1-2,-0.8606763387840795,-0.621623762,1.291811881,-1.515207921
8,0.1-2,-0.6600690281251109,-0.718752475,1.291811881,-1.515207921
8,0.1-2,-0.6598254299222208,-0.738178218,1.291811881,-1.515207921
8,0.1-2,-0.7013627517417466,-0.815881188,1.291811881,-1.515207921
8,0.1-2,-0.7580738636372932,-0.75760396,1.291811881,-1.515207921
8,0.1-2,-0.6970238028852084,-0.718752475,1.291811881,-1.515207921
8,0.1-2,-0.562605263693192,-0.514782178,1.291811881,-1.515207921
8,0.1-2,-0.4832138153848485,-0.495356436,1.291811881,-1.515207921
8,0.1-2,-0.3585291620532217,-0.320524752,1.291811881,-1.515207921
8,0.1-2,-0.2979979762886942,-0.330237624,1.291811881,-1.515207921
8,0.1-2,-0.1855660383330269,-0.048564356,1.291811881,-1.515207921
8,0.1-2,-0.0275684176968587,-0.07770297,1.291811881,-1.515207921
8,0.1-2,0.0553418153294922,0.155405941,1.291811881,-1.515207921
8,0.1-2,0.1813350185977209,0.174831683,1.291811881,-1.515207921
8,0.1-2,0.2951398333107938,0.407940594,1.291811881,-1.515207921
8,0.1-2,0.4803898310005829,0.611910891,1.291811881,-1.515207921
8,0.1-2,0.6879434294331523,0.611910891,1.291811881,-1.515207921
8,0.1-2,0.6206676931809447,0.592485149,1.291811881,-1.515207921
8,0.1-2,0.7245016275830536,0.777029703,1.291811881,-1.515207921
8,0.1-2,0.8745325653312948,0.806168317,1.291811881,-1.515207921
8,0.1-2,0.9100360297603742,0.922722772,1.291811881,-1.515207921
8,0.1-2,0.9815071807543349,0.951861386,1.291811881,-1.515207921
8,0.1-2,1.0321033856608113,1.05870297,1.291811881,-1.515207921
8,0.1-2,1.1347601623002057,1.097554455,1.291811881,-1.515207921
8,0.1-2,1.1288038451589917,1.107267327,1.291811881,-1.515207921
8,0.1-2,1.1944465150003525,1.243247525,1.291811881,-1.515207921
8,0.1-2,1.2296277081092903,0.942148515,1.291811881,-1.515207921
8,0.1-2,0.925311718508108,0.563346535,1.291811881,-1.515207921
8,0.1-2,0.6245099493176571,0.398227723,1.291811881,-1.515207921
8,0.1-2,0.4749063832193401,0.475930693,1.291811881,-1.515207921
8,0.1-2,0.5013153318285744,0.45650495,1.291811881,-1.515207921
8,0.1-2,0.4920776973677643,0.466217822,1.291811881,-1.515207921
8,0.1-2,0.4672589392779708,0.320524752,1.291811881,-1.515207921
8,0.1-2,0.4216314661169154,0.369089109,1.291811881,-1.515207921
8,0.1-2,0.2989657126379785,0.106841584,1.291811881,-1.515207921
8,0.1-2,0.1070961618220811,-0.019425743,1.291811881,-1.515207921
8,0.1-2,-0.0045487459186053,-0.203970297,1.291811881,-1.515207921
8,0.1-2,-0.1522100099984773,-0.233108911,1.291811881,-1.515207921
8,0.1-2,-0.2543273006410733,-0.407940594,1.291811881,-1.515207921
8,0.1-2,-0.3699631279450908,-0.495356436,1.291811881,-1.515207921
8,0.1-2,-0.507920560994775,-0.650762376,1.291811881,-1.515207921
8,0.1-2,-0.6154232311860699,-0.67990099,1.291811881,-1.515207921
8,0.1-2,-0.6793088801184919,-0.825594059,1.291811881,-1.515207921
8,0.1-2,-0.7678520366785782,-0.874158416,1.291811881,-1.515207921
8,0.1-2,-0.8783574218336081,-1.039277228,1.291811881,-1.515207921
8,0.1-2,-1.0095488097475067,-1.097554455,1.291811881,-1.515207921
8,0.1-2,-1.0757056711882766,-1.184970297,1.291811881,-1.515207921
8,0.1-2,-1.1918551816619138,-1.388940594,1.291811881,-1.515207921
8,0.1-2,-1.3279058713411038,-1.223821782,1.291811881,-1.515207921
8,0.1-2,-1.16442234305413,-0.932435644,1.291811881,-1.515207921
8,0.1-2,-0.8384537766540767,-0.67990099,1.291811881,-1.515207921
8,0.1-2,-0.6291121062505672,-0.670188119,1.291811881,-1.515207921
8,0.1-2,-0.6427435191691362,-0.718752475,1.291811881,-1.515207921
8,0.1-2,-0.7093793591569697,-0.796455446,1.291811881,-1.515207921
8,0.1-2,-0.7628456313042629,-0.777029703,1.291811881,-1.515207921
8,0.1-2,-0.731918570012473,-0.728465347,1.291811881,-1.515207921
8,0.1-2,-0.6202687999242151,-0.563346535,1.291811881,-1.515207921
8,0.1-2,-0.4606703403688679,-0.437079208,1.291811881,-1.515207921
8,0.1-2,-0.375790133392248,-0.349663366,1.291811881,-1.515207921
8,0.1-2,-0.3029211555259734,-0.320524752,1.291811881,-1.515207921
8,0.1-2,-0.188598776066089,-0.116554455,1.291811881,-1.515207921
8,0.1-2,-0.0769461554846586,-0.038851485,1.291811881,-1.515207921
8,0.1-2,0.0509895206421084,0.165118812,1.291811881,-1.515207921
8,0.1-2,0.1669836718535634,0.203970297,1.291811881,-1.515207921
8,0.1-2,0.3165876784775481,0.437079208,1.291811881,-1.515207921
8,0.1-2,0.5011757863923763,0.60219802,1.291811881,-1.515207921
8,0.1-2,0.7156766100833962,0.592485149,1.291811881,-1.515207921
8,0.1-2,0.6382416135807518,0.592485149,1.291811881,-1.515207921
8,0.1-2,0.7540571116538366,0.815881188,1.291811881,-1.515207921
8,0.1-2,0.8385818109936849,0.767316832,1.291811881,-1.515207921
8,0.1-2,0.9397012151347984,0.961574257,1.291811881,-1.515207921
8,0.1-2,1.0174718214120213,0.922722772,1.291811881,-1.515207921
8,0.1-2,1.0164551495748602,1.048990099,1.291811881,-1.515207921
8,0.1-2,1.1144730994680423,1.019851485,1.291811881,-1.515207921
8,0.1-2,1.1513724134793226,1.175257426,1.291811881,-1.515207921
8,0.1-2,1.2410839791852062,1.146118812,1.291811881,-1.515207921
8,0.1-2,1.188707120016923,0.961574257,1.291811881,-1.515207921
8,0.1-2,0.9534934796264508,0.563346535,1.291811881,-1.515207921
8,0.1-2,0.6694933896926474,0.446792079,1.291811881,-1.515207921
8,0.1-2,0.4873602865810632,0.398227723,1.291811881,-1.515207921
8,0.1-2,0.4932863482416798,0.427366337,1.291811881,-1.515207921
8,0.1-2,0.4736078583343501,0.398227723,1.291811881,-1.515207921
8,0.1-2,0.4737401138091097,0.475930693,1.291811881,-1.515207921
8,0.1-2,0.4385784747489161,0.281673267,1.291811881,-1.515207921
8,0.1-2,0.2360353589765291,0.106841584,1.291811881,-1.515207921
8,0.1-2,0.0810700040654605,-0.048564356,1.291811881,-1.515207921
8,0.1-2,-0.0961347497709091,-0.145693069,1.291811881,-1.515207921
8,0.1-2,-0.1990441123076304,-0.262247525,1.291811881,-1.515207921
8,0.1-2,-0.2463587800438844,-0.359376238,1.291811881,-1.515207921
8,0.1-2,-0.3911467800439907,-0.505069307,1.291811881,-1.515207921
8,0.1-2,-0.5557692995577532,-0.631336634,1.291811881,-1.515207921
8,0.1-2,-0.6274465919535249,-0.660475248,1.291811881,-1.515207921
8,0.1-2,-0.718304053367294,-0.815881188,1.291811881,-1.515207921
8,0.1-2,-0.8411011489223346,-0.864445545,1.291811881,-1.515207921
8,0.1-2,-0.9140712011701948,-0.990712871,1.291811881,-1.515207921
8,0.1-2,-1.0581119294387655,-1.05870297,1.291811881,-1.515207921
8,0.1-2,-1.1065389425537906,-1.165544554,1.291811881,-1.515207921
8,0.1-2,-1.2700613446440798,-1.320950495,1.291811881,-1.515207921
8,0.1-2,-1.24874900636733,-1.28209901,1.291811881,-1.515207921
8,0.1-2,-0.9917870591797604,-0.990712871,1.291811881,-1.515207921
8,0.1-2,-0.6833358522263399,-0.660475248,1.291811881,-1.515207921
8,0.1-2,-0.6192462567333064,-0.670188119,1.291811881,-1.515207921
8,0.1-2,-0.7043844763291142,-0.75760396,1.291811881,-1.515207921
8,0.1-2,-0.776281355392141,-0.796455446,1.291811881,-1.515207921
8,0.1-2,-0.7635217506751639,-0.883871287,1.291811881,-1.515207921
8,0.1-2,-0.5933766659752635,-0.641049505,1.291811881,-1.515207921
8,0.1-2,-0.4825101148715451,-0.534207921,1.291811881,-1.515207921
8,0.1-2,-0.3829017869968688,-0.398227723,1.291811881,-1.515207921
8,0.1-2,-0.3089602570495604,-0.417653465,1.291811881,-1.515207921
8,0.1-2,-0.20757035579915,-0.271960396,1.291811881,-1.515207921
8,0.1-2,-0.1094196267122074,-0.174831683,1.291811881,-1.515207921
8,0.1-2,0.0689980696977376,-0.058277228,1.291811881,-1.515207921
8,0.1-2,0.1345315764693244,0.106841584,1.291811881,-1.515207921
8,0.1-2,0.2947918687336693,0.203970297,1.291811881,-1.515207921
8,0.1-2,0.4709929654015508,0.398227723,1.291811881,-1.515207921
8,0.1-2,0.6741531879038327,0.563346535,1.291811881,-1.515207921
8,0.1-2,0.6837711577715639,0.631336634,1.291811881,-1.515207921
8,0.1-2,0.6628871840931589,0.611910891,1.291811881,-1.515207921
8,0.1-2,0.8357773362969889,0.767316832,1.291811881,-1.515207921
8,0.1-2,0.9196505712074154,0.815881188,1.291811881,-1.515207921
8,0.1-2,0.9890065321212952,0.951861386,1.291811881,-1.515207921
8,0.1-2,1.0440704310122604,0.90329703,1.291811881,-1.515207921
8,0.1-2,1.1308281013731456,1.029564356,1.291811881,-1.515207921
8,0.1-2,1.1396506081271531,1.019851485,1.291811881,-1.515207921
8,0.1-2,1.1920553519488206,1.136405941,1.291811881,-1.515207921
8,0.1-2,1.1796882231388888,1.155831683,1.291811881,-1.515207921
8,0.1-2,0.9028050171537968,1.039277228,1.291811881,-1.515207921
8,0.1-2,0.6026209966832847,0.621623762,1.291811881,-1.515207921
8,0.1-2,0.5174675482444664,0.485643564,1.291811881,-1.515207921
8,0.1-2,0.4909120089102344,0.437079208,1.291811881,-1.515207921
8,0.1-2,0.4694735493122841,0.45650495,1.291811881,-1.515207921
8,0.1-2,0.4684862887644594,0.417653465,1.291811881,-1.515207921
8,0.1-2,0.4098045186100429,0.427366337,1.291811881,-1.515207921
8,0.1-2,0.3401707034543428,0.262247525,1.291811881,-1.515207921
8,0.1-2,0.149570222519638,0.174831683,1.291811881,-1.515207921
8,0.1-2,0.0107893357135404,-0.029138614,1.291811881,-1.515207921
8,0.1-2,-0.1719246705542614,-0.116554455,1.291811881,-1.515207921
8,0.1-2,-0.2533192329585123,-0.330237624,1.291811881,-1.515207921
8,0.1-2,-0.3582948724460744,-0.330237624,1.291811881,-1.515207921
8,0.1-2,-0.4661248994080537,-0.52449505,1.291811881,-1.515207921
8,0.1-2,-0.5820832946269414,-0.592485149,1.291811881,-1.515207921
8,0.1-2,-0.657951686077959,-0.689613861,1.291811881,-1.515207921
8,0.1-2,-0.7356055340530108,-0.718752475,1.291811881,-1.515207921
8,0.1-2,-0.8782658879856269,-0.942148515,1.291811881,-1.515207921
8,0.1-2,-0.999313181123508,-0.951861386,1.291811881,-1.515207921
8,0.1-2,-1.0500817343210915,-1.039277228,1.291811881,-1.515207921
8,0.1-2,-1.1247708462848685,-1.155831683,1.291811881,-1.515207921
8,0.1-2,-1.295287650826139,-1.330663366,1.291811881,-1.515207921
8,0.1-2,-1.154291583239923,-1.252960396,1.291811881,-1.515207921
8,0.1-2,-0.8391243932563097,-0.981,1.291811881,-1.515207921
8,0.1-2,-0.6203318088331942,-0.738178218,1.291811881,-1.515207921
8,0.1-2,-0.6762970531056296,-0.67990099,1.291811881,-1.515207921
8,0.1-2,-0.7142574735285582,-0.777029703,1.291811881,-1.515207921
8,0.1-2,-0.7422429358160887,-0.767316832,1.291811881,-1.515207921
8,0.1-2,-0.6730626330104412,-0.825594059,1.291811881,-1.515207921
8,0.1-2,-0.5353287139994254,-0.611910891,1.291811881,-1.515207921
8,0.1-2,-0.4341117620386862,-0.60219802,1.291811881,-1.515207921
8,0.1-2,-0.3553636477041511,-0.417653465,1.291811881,-1.515207921
8,0.1-2,-0.2735432007485894,-0.427366337,1.291811881,-1.515207921
8,0.1-2,-0.1687476124057931,-0.233108911,1.291811881,-1.515207921
8,0.1-2,-0.0236956617207323,-0.194257426,1.291811881,-1.515207921
8,0.1-2,0.0832490417174355,0.0,1.291811881,-1.515207921
8,0.1-2,0.2133621966053493,0.07770297,1.291811881,-1.515207921
8,0.1-2,0.3732959068757543,0.271960396,1.291811881,-1.515207921
8,0.1-2,0.5644741502037895,0.407940594,1.291811881,-1.515207921
8,0.1-2,0.6796105497037666,0.592485149,1.291811881,-1.515207921
8,0.1-2,0.6678920318159924,0.650762376,1.291811881,-1.515207921
8,0.1-2,0.776723357460916,0.699326733,1.291811881,-1.515207921
8,0.1-2,0.8662651411919593,0.777029703,1.291811881,-1.515207921
8,0.1-2,0.9614027613749024,0.845019802,1.291811881,-1.515207921
8,0.1-2,0.988002210938426,0.90329703,1.291811881,-1.515207921
8,0.1-2,1.0198115186064376,0.951861386,1.291811881,-1.515207921
8,0.1-2,1.1536330755154027,0.961574257,1.291811881,-1.515207921
8,0.1-2,1.1405015524897857,1.068415842,1.291811881,-1.515207921
8,0.1-2,1.1919229993442944,1.05870297,1.291811881,-1.515207921
8,0.1-2,1.2045433060337705,1.175257426,1.291811881,-1.515207921
8,0.1-2,0.9387291989857892,1.010138614,1.291811881,-1.515207921
8,0.1-2,0.6273759739918636,0.650762376,1.291811881,-1.515207921
8,0.1-2,0.5006444682799811,0.505069307,1.291811881,-1.515207921
8,0.1-2,0.5346926790650379,0.437079208,1.291811881,-1.515207921
8,0.1-2,0.5125976646969332,0.534207921,1.291811881,-1.515207921
8,0.1-2,0.4771882826113726,0.466217822,1.291811881,-1.515207921
8,0.1-2,0.419333091132579,0.398227723,1.291811881,-1.515207921
8,0.1-2,0.306081270120755,0.262247525,1.291811881,-1.515207921
8,0.1-2,0.144852819857366,0.252534653,1.291811881,-1.515207921
8,0.1-2,-0.0114960047718412,-0.019425743,1.291811881,-1.515207921
8,0.1-2,-0.1324555456691752,-0.087415842,1.291811881,-1.515207921
8,0.1-2,-0.1834872024447633,-0.291386139,1.291811881,-1.515207921
8,0.1-2,-0.3088073690527541,-0.233108911,1.291811881,-1.515207921
8,0.1-2,-0.4575435617477937,-0.543920792,1.291811881,-1.515207921
8,0.1-2,-0.5948303682690277,-0.543920792,1.291811881,-1.515207921
8,0.1-2,-0.6777952477285922,-0.796455446,1.291811881,-1.515207921
8,0.1-2,-0.7453631930756128,-0.699326733,1.291811881,-1.515207921
8,0.1-2,-0.8360580112122524,-0.951861386,1.291811881,-1.515207921
8,0.1-2,-0.9483889124496644,-0.942148515,1.291811881,-1.515207921
8,0.1-2,-1.0486380138471283,-1.136405941,1.291811881,-1.515207921
8,0.1-2,-1.113737682400949,-1.078128713,1.291811881,-1.515207921
8,0.1-2,-1.3154002637941409,-1.427792079,1.291811881,-1.515207921
8,0.1-2,-1.2148856317994026,-1.233534653,1.291811881,-1.515207921
8,0.1-2,-0.893083608887278,-1.068415842,1.291811881,-1.515207921
8,0.1-2,-0.6109826830203904,-0.650762376,1.291811881,-1.515207921
8,0.1-2,-0.6251146665283392,-0.699326733,1.291811881,-1.515207921
8,0.1-2,-0.7306057778605639,-0.718752475,1.291811881,-1.515207921
8,0.1-2,-0.8032187108432265,-0.854732673,1.291811881,-1.515207921
8,0.1-2,-0.7391896615306472,-0.864445545,1.291811881,-1.515207921
8,0.1-2,-0.5687846805446679,-0.670188119,1.291811881,-1.515207921
8,0.1-2,-0.4483407472226498,-0.543920792,1.291811881,-1.515207921
8,0.1-2,-0.3658459877354907,-0.437079208,1.291811881,-1.515207921
8,0.1-2,-0.3147735269243333,-0.407940594,1.291811881,-1.515207921
8,0.1-2,-0.2151031311286526,-0.291386139,1.291811881,-1.515207921
8,0.1-2,-0.1032003329454986,-0.194257426,1.291811881,-1.515207921
8,0.1-2,0.0688525210877233,-0.009712871,1.291811881,-1.515207921
8,0.1-2,0.1608435974652851,0.106841584,1.291811881,-1.515207921
8,0.1-2,0.3002809793393653,0.291386139,1.291811881,-1.515207921
8,0.1-2,0.4636344584589497,0.291386139,1.291811881,-1.515207921
8,0.1-2,0.661962120844233,0.592485149,1.291811881,-1.515207921
8,0.1-2,0.675458136922872,0.60219802,1.291811881,-1.515207921
8,0.1-2,0.7116394446594307,0.670188119,1.291811881,-1.515207921
8,0.1-2,0.8374707155408658,0.747891089,1.291811881,-1.515207921
8,0.1-2,0.9036496142751383,0.883871287,1.291811881,-1.515207921
8,0.1-2,0.9709521826772216,0.913009901,1.291811881,-1.515207921
8,0.1-2,1.022385393846908,0.971287129,1.291811881,-1.515207921
8,0.1-2,1.09553404940154,1.000425743,1.291811881,-1.515207921
8,0.1-2,1.1360231611904792,1.029564356,1.291811881,-1.515207921
8,0.1-2,1.15812722711003,1.048990099,1.291811881,-1.515207921
8,0.1-2,1.2395920074132971,1.20439604,1.291811881,-1.515207921
8,0.1-2,1.081273551027586,1.010138614,1.291811881,-1.515207921
8,0.1-2,0.7267988496918749,0.660475248,1.291811881,-1.515207921
8,0.1-2,0.5210611078714598,0.407940594,1.291811881,-1.515207921
8,0.1-2,0.5347652081102612,0.466217822,1.291811881,-1.515207921
8,0.1-2,0.5231585646651573,0.466217822,1.291811881,-1.515207921
8,0.1-2,0.4778328494413449,0.475930693,1.291811881,-1.515207921
8,0.1-2,0.4335250475023577,0.388514851,1.291811881,-1.515207921
8,0.1-2,0.3169183120879016,0.262247525,1.291811881,-1.515207921
8,0.1-2,0.1908679117741938,0.203970297,1.291811881,-1.515207921
8,0.1-2,0.0586463323901002,0.0,1.291811881,-1.515207921
8,0.1-2,-0.0556353295266198,-0.097128713,1.291811881,-1.515207921
8,0.1-2,-0.1920337961649894,-0.281673267,1.291811881,-1.515207921
8,0.1-2,-0.2845380970196786,-0.271960396,1.291811881,-1.515207921
8,0.1-2,-0.4628777658795459,-0.475930693,1.291811881,-1.515207921
8,0.1-2,-0.5646707526820678,-0.563346535,1.291811881,-1.515207921
8,0.1-2,-0.668493340335105,-0.767316832,1.291811881,-1.515207921
8,0.1-2,-0.706230276933536,-0.728465347,1.291811881,-1.515207921
8,0.1-2,-0.8375793627776249,-0.932435644,1.291811881,-1.515207921
8,0.1-2,-0.9313750130322038,-0.951861386,1.291811881,-1.515207921
8,0.1-2,-1.051542299183951,-1.126693069,1.291811881,-1.515207921
8,0.1-2,-1.0989520800882684,-1.078128713,1.291811881,-1.515207921
8,0.1-2,-1.2975870603229758,-1.456930693,1.291811881,-1.515207921
8,0.1-2,-1.270742134897192,-1.20439604,1.291811881,-1.515207921
8,0.1-2,-0.9887552461242144,-1.068415842,1.291811881,-1.515207921
8,0.1-2,-0.6670039060990052,-0.621623762,1.291811881,-1.515207921
8,0.1-2,-0.6241855481275196,-0.75760396,1.291811881,-1.515207921
8,0.1-2,-0.7090698741272435,-0.660475248,1.291811881,-1.515207921
8,0.1-2,-0.7653868854009647,-0.835306931,1.291811881,-1.515207921
8,0.1-2,-0.7633236598903219,-0.815881188,1.291811881,-1.515207921
8,0.1-2,-0.6264175015189839,-0.689613861,1.291811881,-1.515207921
8,0.1-2,-0.4878595672097818,-0.485643564,1.291811881,-1.515207921
8,0.1-2,-0.4024043190710512,-0.437079208,1.291811881,-1.515207921
8,0.1-2,-0.3084565829303761,-0.37880198,1.291811881,-1.515207921
8,0.1-2,-0.2724053545255837,-0.30109901,1.291811881,-1.515207921
8,0.1-2,-0.1215342991135902,-0.126267327,1.291811881,-1.515207921
8,0.1-2,0.0090730699028552,0.019425743,1.291811881,-1.515207921
8,0.1-2,0.1148385246628558,0.07770297,1.291811881,-1.515207921
8,0.1-2,0.258433629805899,0.22339604,1.291811881,-1.515207921
8,0.1-2,0.377226662941513,0.310811881,1.291811881,-1.515207921
8,0.1-2,0.5891638188232937,0.592485149,1.291811881,-1.515207921
8,0.1-2,0.7214254631245127,0.621623762,1.291811881,-1.515207921
8,0.1-2,0.6729768749530598,0.641049505,1.291811881,-1.515207921
8,0.1-2,0.8155580898219155,0.777029703,1.291811881,-1.515207921
8,0.1-2,0.8794443046073441,0.825594059,1.291811881,-1.515207921
8,0.1-2,0.966713306226508,0.922722772,1.291811881,-1.515207921
8,0.1-2,1.0114383945174892,0.990712871,1.291811881,-1.515207921
8,0.1-2,1.118017486329474,1.048990099,1.291811881,-1.515207921
8,0.1-2,1.1200472928885037,1.048990099,1.291811881,-1.515207921
8,0.1-2,1.1477066573667258,1.126693069,1.291811881,-1.515207921
8,0.1-2,1.2438279103474714,1.233534653,1.291811881,-1.515207921
8,0.1-2,1.1188319441345935,0.90329703,1.291811881,-1.515207921
8,0.1-2,0.7588898205736629,0.641049505,1.291811881,-1.515207921
8,0.1-2,0.541776988017326,0.37880198,1.291811881,-1.515207921
8,0.1-2,0.519203225558333,0.45650495,1.291811881,-1.515207921
8,0.1-2,0.5505991129123791,0.437079208,1.291811881,-1.515207921
8,0.1-2,0.509197684081055,0.446792079,1.291811881,-1.515207921
8,0.1-2,0.4483817921760695,0.37880198,1.291811881,-1.515207921
8,0.1-2,0.3671160857879588,0.291386139,1.291811881,-1.515207921
8,0.1-2,0.223894279131629,0.135980198,1.291811881,-1.515207921
8,0.1-2,0.0394464215935425,-0.048564356,1.291811881,-1.515207921
8,0.1-2,-0.1067246709532297,-0.184544554,1.291811881,-1.515207921
8,0.1-2,-0.2467596798019256,-0.359376238,1.291811881,-1.515207921
8,0.1-2,-0.3315072768469137,-0.437079208,1.291811881,-1.515207921
8,0.1-2,-0.496425550404503,-0.650762376,1.291811881,-1.515207921
8,0.1-2,-0.6435184862380099,-0.699326733,1.291811881,-1.515207921
8,0.1-2,-0.7521725810352327,-0.854732673,1.291811881,-1.515207921
8,0.1-2,-0.8101178829335118,-0.835306931,1.291811881,-1.515207921
8,0.1-2,-0.8372568723541889,-0.961574257,1.291811881,-1.515207921
8,0.1-2,-0.9087542231505756,-0.942148515,1.291811881,-1.515207921
8,0.1-2,-0.9847420795389484,-1.087841584,1.291811881,-1.515207921
8,0.1-2,-1.032405207290784,-1.116980198,1.291811881,-1.515207921
8,0.1-2,-1.2140587350116063,-1.311237624,1.291811881,-1.515207921
8,0.1-2,-1.1228674642033172,-1.010138614,1.291811881,-1.515207921
8,0.1-2,-0.8682342924695601,-0.786742574,1.291811881,-1.515207921
8,0.1-2,-0.5744858433080295,-0.446792079,1.291811881,-1.515207921
8,0.1-2,-0.4949778516071453,-0.582772277,1.291811881,-1.515207921
8,0.1-2,-0.5295631374638355,-0.563346535,1.291811881,-1.515207921
8,0.1-2,-0.5944697371860639,-0.67990099,1.291811881,-1.515207921
8,0.1-2,-0.5456486915229076,-0.437079208,1.291811881,-1.515207921
8,0.1-2,-0.4375262131562446,-0.514782178,1.291811881,-1.515207921
8,0.1-2,-0.3377443330011395,-0.233108911,1.291811881,-1.515207921
8,0.1-2,-0.2637981406507587,-0.369089109,1.291811881,-1.515207921
8,0.1-2,-0.2230493422794872,-0.145693069,1.291811881,-1.515207921
8,0.1-2,-0.1060896892772704,-0.145693069,1.291811881,-1.515207921
8,0.1-2,0.0171260757597569,0.07770297,1.291811881,-1.515207921
8,0.1-2,0.1061669884673821,0.07770297,1.291811881,-1.515207921
8,0.1-2,0.216957044605497,0.252534653,1.291811881,-1.515207921
8,0.1-2,0.277002056256839,0.233108911,1.291811881,-1.515207921
8,0.1-2,0.4142907287582038,0.45650495,1.291811881,-1.515207921
8,0.1-2,0.4742908930853397,0.437079208,1.291811881,-1.515207921
8,0.1-2,0.5378264382453655,0.60219802,1.291811881,-1.515207921
8,0.1-2,0.6511272856142589,0.631336634,1.291811881,-1.515207921
8,0.1-2,0.6904026127907974,0.650762376,1.291811881,-1.515207921
8,0.1-2,0.6517912702263067,0.553633663,1.291811881,-1.515207921
8,0.1-2,0.6491608616376692,0.631336634,1.291811881,-1.515207921
8,0.1-2,0.6644844159205254,0.641049505,1.291811881,-1.515207921
8,0.1-2,0.713261682778489,0.670188119,1.291811881,-1.515207921
8,0.1-2,0.7571949501960098,0.718752475,1.291811881,-1.515207921
8,0.1-2,0.7532538025802362,0.660475248,1.291811881,-1.515207921
8,0.1-2,0.7634901588051115,0.660475248,1.291811881,-1.515207921
8,0.1-2,0.6941995057559851,0.359376238,1.291811881,-1.515207921
8,0.1-2,0.4906716424153782,0.242821782,1.291811881,-1.515207921
8,0.1-2,0.3185678018194542,0.155405941,1.291811881,-1.515207921
8,0.1-2,0.2489223760572023,0.135980198,1.291811881,-1.515207921
8,0.1-2,0.1869983027067226,0.165118812,1.291811881,-1.515207921
8,0.1-2,0.1909836849524836,0.145693069,1.291811881,-1.515207921
8,0.1-2,0.1154299301532363,-0.087415842,1.291811881,-1.515207921
8,0.1-2,0.0189290315237975,-0.067990099,1.291811881,-1.515207921
8,0.1-2,-0.0450906554722954,-0.165118812,1.291811881,-1.515207921
8,0.1-2,-0.0869499512744193,-0.145693069,1.291811881,-1.515207921
8,0.1-2,-0.1819269437918045,-0.271960396,1.291811881,-1.515207921
8,0.1-2,-0.2230677500210274,-0.320524752,1.291811881,-1.515207921
8,0.1-2,-0.2807509611059242,-0.388514851,1.291811881,-1.515207921
8,0.1-2,-0.2989346464663041,-0.417653465,1.291811881,-1.515207921
8,0.1-2,-0.3427889176076094,-0.437079208,1.291811881,-1.515207921
8,0.1-2,-0.4167756201671244,-0.495356436,1.291811881,-1.515207921
8,0.1-2,-0.4572729965155708,-0.485643564,1.291811881,-1.515207921
8,0.1-2,-0.4772734277836994,-0.641049505,1.291811881,-1.515207921
8,0.1-2,-0.5990664595806945,-0.747891089,1.291811881,-1.515207921
8,0.1-2,-0.6967074205870853,-0.699326733,1.291811881,-1.515207921
8,0.1-2,-0.5470982103517936,-0.37880198,1.291811881,-1.515207921
8,0.1-2,-0.3004167634597878,-0.291386139,1.291811881,-1.515207921
8,0.1-2,-0.2806697235844946,-0.30109901,1.291811881,-1.515207921
8,0.1-2,-0.2932401490480411,-0.388514851,1.291811881,-1.515207921
8,0.1-2,-0.2871336807521061,-0.291386139,1.291811881,-1.515207921
8,0.1-2,-0.2836936087452638,-0.291386139,1.291811881,-1.515207921
8,0.1-2,-0.2234226336574964,-0.126267327,1.291811881,-1.515207921
8,0.1-2,-0.1225335257451395,-0.184544554,1.291811881,-1.515207921
8,0.1-2,-0.0847236129215331,-0.087415842,1.291811881,-1.515207921
8,0.1-2,-0.0863755858940327,-0.145693069,1.291811881,-1.515207921
8,0.1-2,-0.1108323522454125,-0.058277228,1.291811881,-1.515207921
8,0.1-2,-0.0654142603374482,-0.07770297,1.291811881,-1.515207921
8,0.1-2,-0.0063267323005558,0.038851485,1.291811881,-1.515207921
8,0.1-2,0.0788725522481055,0.048564356,1.291811881,-1.515207921
8,0.1-2,0.1276613139170096,0.165118812,1.291811881,-1.515207921
8,0.1-2,0.1309388617566402,0.0,1.291811881,-1.515207921
8,0.1-2,0.1261000102876468,0.203970297,1.291811881,-1.515207921
8,0.1-2,0.1550662787230502,0.116554455,1.291811881,-1.515207921
8,0.1-2,0.2325353819782005,0.310811881,1.291811881,-1.515207921
8,0.1-2,0.2740601159953013,0.184544554,1.291811881,-1.515207921
8,0.1-2,0.2789425375477513,0.30109901,1.291811881,-1.515207921
8,0.1-2,0.2669292243441839,0.106841584,1.291811881,-1.515207921
8,0.1-2,0.2168600392617899,0.291386139,1.291811881,-1.515207921
8,0.1-2,0.2948455311005181,0.155405941,1.291811881,-1.515207921
8,0.1-2,0.2624384013321634,0.203970297,1.291811881,-1.515207921
8,0.1-2,0.2094452312472685,0.135980198,1.291811881,-1.515207921
8,0.1-2,0.1799720321970425,0.184544554,1.291811881,-1.515207921
8,0.1-2,0.1710248893179876,0.038851485,1.291811881,-1.515207921
8,0.1-2,0.1596816785583181,0.0,1.291811881,-1.515207921
8,0.1-2,0.0852889641575076,-0.067990099,1.291811881,-1.515207921
8,0.1-2,-0.0110846399119918,-0.048564356,1.291811881,-1.515207921
8,0.1-2,-0.018164943842617,-0.07770297,1.291811881,-1.515207921
8,0.1-2,-0.0151912563990759,-0.07770297,1.291811881,-1.515207921
8,0.1-2,-0.0257946483234155,-0.116554455,1.291811881,-1.515207921
8,0.1-2,-0.0577952023258174,-0.242821782,1.291811881,-1.515207921
8,0.1-2,-0.1440907018476179,-0.203970297,1.291811881,-1.515207921
8,0.1-2,-0.1853934635890962,-0.271960396,1.291811881,-1.515207921
8,0.1-2,-0.1765054878959896,-0.233108911,1.291811881,-1.515207921
8,0.1-2,-0.164251784709149,-0.22339604,1.291811881,-1.515207921
8,0.1-2,-0.1395095136997867,-0.097128713,1.291811881,-1.515207921
8,0.1-2,-0.0981116430647237,-0.116554455,1.291811881,-1.515207921
8,0.1-2,-0.0213436369171945,-0.019425743,1.291811881,-1.515207921
8,0.1-2,0.0100520981996663,-0.058277228,1.291811881,-1.515207921
8,0.1-2,-0.0232726345435219,-0.038851485,1.291811881,-1.515207921
8,0.1-2,-0.0070245901425782,-0.106841584,1.291811881,-1.515207921
8,0.1-2,-0.0145320652204976,-0.048564356,1.291811881,-1.515207921
8,0.1-2,-0.0099444528402986,-0.087415842,1.291811881,-1.515207921
8,0.1-2,-0.0057934875817207,0.0,1.291811881,-1.515207921
8,0.1-2,-0.0136528409429377,-0.048564356,1.291811881,-1.515207921
8,0.1-2,0.0014155241794504,-0.048564356,1.291811881,-1.515207921
8,0.1-2,-0.0147495499416025,-0.048564356,1.291811881,-1.515207921
8,0.1-2,-0.0075874581720705,-0.067990099,1.291811881,-1.515207921
8,0.1-2,-0.0166907787999086,-0.07770297,1.291811881,-1.515207921
8,0.1-2,-0.0066092524792405,-0.087415842,1.291811881,-1.515207921
8,0.1-2,-0.0214855947115248,-0.048564356,1.291811881,-1.515207921
8,0.1-2,-0.0085770857368143,0.0,1.291811881,-1.515207921
8,0.1-2,-0.0152149099899925,-0.029138614,1.291811881,-1.515207921
8,0.1-2,-0.0096220542592232,-0.067990099,1.291811881,-1.515207921
8,0.1-2,-0.0019109869860957,0.0,1.291811881,-1.515207921
8,0.1-2,-0.0064793789599407,-0.048564356,1.291811881,-1.515207921
8,0.1-2,-0.0112173426400484,-0.029138614,1.291811881,-1.515207921
8,0.1-2,-0.002816672288418,-0.087415842,1.291811881,-1.515207921
8,0.1-2,-0.0030059490323813,-0.009712871,1.291811881,-1.515207921
8,0.1-2,-0.0021589583495269,-0.116554455,1.291811881,-1.515207921
8,0.1-2,-0.0257112148098012,0.0,1.291811881,-1.515207921
8,0.1-2,-0.0083160237795865,-0.116554455,1.291811881,-1.515207921
8,0.1-2,-0.0146318782393959,-0.019425743,1.291811881,-1.515207921
8,0.1-2,-0.0015075741848352,-0.058277228,1.291811881,-1.515207921
8,0.1-2,0.001533027300441,0.009712871,1.291811881,-1.515207921
8,0.1-2,0.0090446061922677,-0.067990099,1.291811881,-1.515207921
8,0.1-2,-0.0027771972954554,-0.009712871,1.291811881,-1.515207921
8,0.1-2,-0.0131844571489373,-0.106841584,1.291811881,-1.515207921
8,0.1-2,-0.0328989128770242,0.009712871,1.291811881,-1.515207921
8,0.1-2,0.0041212864992249,-0.087415842,1.291811881,-1.515207921
8,0.1-2,0.0007740497018205,-0.067990099,1.291811881,-1.515207921
8,0.1-2,-0.0215999114435894,-0.048564356,1.291811881,-1.515207921
8,0.1-2,-0.0077891280757102,-0.038851485,1.291811881,-1.515207921
8,0.1-2,-0.0049851574314616,-0.067990099,1.291811881,-1.515207921
8,0.1-2,-0.0212624493479806,-0.029138614,1.291811881,-1.515207921
8,0.1-2,-0.0072744715742417,-0.009712871,1.291811881,-1.515207921
8,0.1-2,-0.0089027460267608,-0.038851485,1.291811881,-1.515207921
8,0.1-2,-0.0018756029847398,-0.029138614,1.291811881,-1.515207921
8,0.1-2,-0.0139941155771169,-0.048564356,1.291811881,-1.515207921
8,0.1-2,-0.0056299883995409,-0.087415842,1.291811881,-1.515207921
8,0.1-2,-0.0127038572800387,-0.058277228,1.291811881,-1.515207921
8,0.1-2,-0.0220288120996572,-0.038851485,1.291811881,-1.515207921
8,0.1-2,0.0097781915635914,-0.07770297,1.291811881,-1.515207921
8,0.1-2,0.0034185504662415,-0.106841584,1.291811881,-1.515207921
8,0.1-2,-0.0173282133608996,-0.058277228,1.291811881,-1.515207921
8,0.1-2,0.0006453694103667,0.019425743,1.291811881,-1.515207921
8,0.1-2,-0.0163847315461499,-0.126267327,1.291811881,-1.515207921
8,0.1-2,-0.0064296570289801,-0.019425743,1.291811881,-1.515207921
9,0.1-2,0.0549745005202245,-0.029138614,1.291811881,-1.515207921
9,0.1-2,0.0215477514114155,-0.097128713,1.291811881,-1.515207921
9,0.1-2,0.0108664143232295,-0.067990099,1.291811881,-1.515207921
9,0.1-2,-0.0114918664769452,-0.135980198,1.291811881,-1.515207921
9,0.1-2,0.03878520832004,0.0,1.291811881,-1.515207921
9,0.1-2,0.0086842283498271,-0.106841584,1.291811881,-1.515207921
9,0.1-2,0.0497023342724804,-0.058277228,1.291811881,-1.515207921
9,0.1-2,0.0119135818888772,-0.07770297,1.291811881,-1.515207921
9,0.1-2,0.0433464828329728,-0.038851485,1.291811881,-1.515207921
9,0.1-2,0.0027764584988188,-0.067990099,1.291811881,-1.515207921
9,0.1-2,0.0465359352311289,-0.087415842,1.291811881,-1.515207921
9,0.1-2,-0.0013775903237712,-0.07770297,1.291811881,-1.515207921
9,0.1-2,0.0435646876074225,-0.058277228,1.291811881,-1.515207921
9,0.1-2,0.0036117875772794,-0.07770297,1.291811881,-1.515207921
9,0.1-2,0.0376872083817463,-0.019425743,1.291811881,-1.515207921
9,0.1-2,0.0010385584823093,-0.106841584,1.291811881,-1.515207921
9,0.1-2,0.0606144337560443,-0.087415842,1.291811881,-1.515207921
9,0.1-2,-0.0156292456299113,-0.029138614,1.291811881,-1.515207921
9,0.1-2,0.0338508042870154,-0.048564356,1.291811881,-1.515207921
9,0.1-2,-0.034423228808383,-0.067990099,1.291811881,-1.515207921
9,0.1-2,0.0403638953496037,-0.07770297,1.291811881,-1.515207921
9,0.1-2,-0.0097183098132397,-0.067990099,1.291811881,-1.515207921
9,0.1-2,0.0397143909473898,-0.106841584,1.291811881,-1.515207921
9,0.1-2,-0.0009300213495515,-0.067990099,1.291811881,-1.515207921
9,0.1-2,0.05737843660792,-0.058277228,1.291811881,-1.515207921
9,0.1-2,0.017640007463939,0.0,1.291811881,-1.515207921
9,0.1-2,0.005363159241254,-0.067990099,1.291811881,-1.515207921
9,0.1-2,-0.0007465647048547,0.038851485,1.291811881,-1.515207921
9,0.1-2,0.0235475035454534,-0.067990099,1.291811881,-1.515207921
9,0.1-2,0.0191650026179809,-0.038851485,1.291811881,-1.515207921
9,0.1-2,0.0387089698564484,-0.07770297,1.291811881,-1.515207921
9,0.1-2,0.0105666781146192,0.009712871,1.291811881,-1.515207921
9,0.1-2,0.0579336448335581,-0.07770297,1.291811881,-1.515207921
9,0.1-2,-0.0072307349904087,-0.087415842,1.291811881,-1.515207921
9,0.1-2,0.0531046119787784,-0.087415842,1.291811881,-1.515207921
9,0.1-2,-0.01550268282532,-0.029138614,1.291811881,-1.515207921
9,0.1-2,0.0541431731532871,-0.07770297,1.291811881,-1.515207921
9,0.1-2,-0.0297864569854056,-0.038851485,1.291811881,-1.515207921
9,0.1-2,0.0192251618958933,-0.038851485,1.291811881,-1.515207921
9,0.1-2,-0.0137099234558117,-0.067990099,1.291811881,-1.515207921
9,0.1-2,0.0974627479238365,0.038851485,1.291811881,-1.515207921
9,0.1-2,0.1521157182560744,0.165118812,1.291811881,-1.515207921
9,0.1-2,0.3005078096317765,0.262247525,1.291811881,-1.515207921
9,0.1-2,0.2310685039100086,0.194257426,1.291811881,-1.515207921
9,0.1-2,0.1647602740971628,0.058277228,1.291811881,-1.515207921
9,0.1-2,0.0040104646524527,-0.106841584,1.291811881,-1.515207921
9,0.1-2,-0.0096783274248718,-0.106841584,1.291811881,-1.515207921
9,0.1-2,-0.0354032727534941,-0.135980198,1.291811881,-1.515207921
9,0.1-2,0.0367203403646625,-0.009712871,1.291811881,-1.515207921
9,0.1-2,0.0112689814404698,-0.126267327,1.291811881,-1.515207921
9,0.1-2,-0.053777454432354,-0.145693069,1.291811881,-1.515207921
9,0.1-2,-0.1980468447601958,-0.339950495,1.291811881,-1.515207921
9,0.1-2,-0.1905094814540499,-0.213683168,1.291811881,-1.515207921
9,0.1-2,-0.2148666790310817,-0.349663366,1.291811881,-1.515207921
9,0.1-2,-0.159465949009075,-0.262247525,1.291811881,-1.515207921
9,0.1-2,-0.2288225116808649,-0.310811881,1.291811881,-1.515207921
9,0.1-2,-0.2046778500390294,-0.271960396,1.291811881,-1.515207921
9,0.1-2,-0.3511794021292415,-0.45650495,1.291811881,-1.515207921
9,0.1-2,-0.3083742063402399,-0.369089109,1.291811881,-1.515207921
9,0.1-2,-0.293787712527546,-0.398227723,1.291811881,-1.515207921
9,0.1-2,-0.1546156250702431,-0.271960396,1.291811881,-1.515207921
9,0.1-2,-0.1684328153940516,-0.203970297,1.291811881,-1.515207921
9,0.1-2,-0.0336145893117502,-0.106841584,1.291811881,-1.515207921
9,0.1-2,-0.0830590043194736,-0.203970297,1.291811881,-1.515207921
9,0.1-2,-0.1246887848312616,-0.203970297,1.291811881,-1.515207921
9,0.1-2,-0.1537638410933406,-0.203970297,1.291811881,-1.515207921
9,0.1-2,-0.0187782544808334,-0.097128713,1.291811881,-1.515207921
9,0.1-2,0.0055563476543359,-0.038851485,1.291811881,-1.515207921
9,0.1-2,0.0602349917509406,0.0,1.291811881,-1.515207921
9,0.1-2,0.0401481905747525,0.009712871,1.291811881,-1.515207921
9,0.1-2,0.0937817288823319,0.019425743,1.291811881,-1.515207921
9,0.1-2,0.1070658405843253,0.087415842,1.291811881,-1.515207921
9,0.1-2,0.2314945115657985,0.174831683,1.291811881,-1.515207921
9,0.1-2,0.2701611856511325,0.291386139,1.291811881,-1.515207921
9,0.1-2,0.3623184449588129,0.349663366,1.291811881,-1.515207921
9,0.1-2,0.36005164412372,0.349663366,1.291811881,-1.515207921
9,0.1-2,0.4538539371280785,0.30109901,1.291811881,-1.515207921
9,0.1-2,0.4075071617819441,0.466217822,1.291811881,-1.515207921
9,0.1-2,0.4221973708592556,0.37880198,1.291811881,-1.515207921
9,0.1-2,0.4643981226092222,0.514782178,1.291811881,-1.515207921
9,0.1-2,0.5044915104032295,0.446792079,1.291811881,-1.515207921
9,0.1-2,0.5160933208919657,0.553633663,1.291811881,-1.515207921
9,0.1-2,0.5543322758900266,0.45650495,1.291811881,-1.515207921
9,0.1-2,0.3587512075757859,0.310811881,1.291811881,-1.515207921
9,0.1-2,0.175146998741772,0.087415842,1.291811881,-1.515207921
9,0.1-2,0.1317757710665414,0.106841584,1.291811881,-1.515207921
9,0.1-2,0.1414856523168438,0.106841584,1.291811881,-1.515207921
9,0.1-2,0.1885391690888843,0.22339604,1.291811881,-1.515207921
9,0.1-2,0.1914847464607183,0.145693069,1.291811881,-1.515207921
9,0.1-2,0.1210087166852036,0.087415842,1.291811881,-1.515207921
9,0.1-2,0.0487723487754779,-0.106841584,1.291811881,-1.515207921
9,0.1-2,-0.0624333216495765,-0.106841584,1.291811881,-1.515207921
9,0.1-2,-0.023157726351516,-0.145693069,1.291811881,-1.515207921
9,0.1-2,-0.1533919987537175,-0.22339604,1.291811881,-1.515207921
9,0.1-2,-0.1273531592391786,-0.339950495,1.291811881,-1.515207921
9,0.1-2,-0.3667924169599894,-0.45650495,1.291811881,-1.515207921
9,0.1-2,-0.3496239082370145,-0.495356436,1.291811881,-1.515207921
9,0.1-2,-0.5450620077209659,-0.611910891,1.291811881,-1.515207921
9,0.1-2,-0.4971760328269158,-0.611910891,1.291811881,-1.515207921
9,0.1-2,-0.6053170149344805,-0.67990099,1.291811881,-1.515207921
9,0.1-2,-0.7971844351995075,-0.893584158,1.291811881,-1.515207921
9,0.1-2,-0.9376193121431052,-1.000425743,1.291811881,-1.515207921
9,0.1-2,-0.5875941075437268,-0.592485149,1.291811881,-1.515207921
9,0.1-2,-0.5628339822012773,-0.689613861,1.291811881,-1.515207921
9,0.1-2,-0.4786797882983178,-0.505069307,1.291811881,-1.515207921
9,0.1-2,-0.4486789347963248,-0.592485149,1.291811881,-1.515207921
9,0.1-2,-0.4956649792051733,-0.534207921,1.291811881,-1.515207921
9,0.1-2,-0.5772459327418714,-0.699326733,1.291811881,-1.515207921
9,0.1-2,-0.4970321129802271,-0.485643564,1.291811881,-1.515207921
9,0.1-2,-0.4562838909444804,-0.573059406,1.291811881,-1.515207921
9,0.1-2,-0.3671511901455552,-0.359376238,1.291811881,-1.515207921
9,0.1-2,-0.2880930720150895,-0.407940594,1.291811881,-1.515207921
9,0.1-2,-0.259902304251361,-0.281673267,1.291811881,-1.515207921
9,0.1-2,-0.1775163970941351,-0.30109901,1.291811881,-1.515207921
9,0.1-2,-0.0692954926201244,-0.145693069,1.291811881,-1.515207921
9,0.1-2,-0.0908859294192198,-0.116554455,1.291811881,-1.515207921
9,0.1-2,0.04693313299182,0.029138614,1.291811881,-1.515207921
9,0.1-2,0.1171640960602929,0.097128713,1.291811881,-1.515207921
9,0.1-2,0.2418477333447591,0.242821782,1.291811881,-1.515207921
9,0.1-2,0.4653251124575508,0.485643564,1.291811881,-1.515207921
9,0.1-2,0.6098427098777893,0.543920792,1.291811881,-1.515207921
9,0.1-2,0.4626188533269691,0.45650495,1.291811881,-1.515207921
9,0.1-2,0.5985466434457285,0.611910891,1.291811881,-1.515207921
9,0.1-2,0.719287776928682,0.75760396,1.291811881,-1.515207921
9,0.1-2,0.7951036399031843,0.747891089,1.291811881,-1.515207921
9,0.1-2,0.8391868872315073,0.835306931,1.291811881,-1.515207921
9,0.1-2,0.9094931219589378,0.883871287,1.291811881,-1.515207921
9,0.1-2,0.937235147998503,1.010138614,1.291811881,-1.515207921
9,0.1-2,1.1011005912432317,1.048990099,1.291811881,-1.515207921
9,0.1-2,1.1832255449686733,1.107267327,1.291811881,-1.515207921
9,0.1-2,0.8875919821967425,0.786742574,1.291811881,-1.515207921
9,0.1-2,0.5932762854230889,0.631336634,1.291811881,-1.515207921
9,0.1-2,0.5920930228018781,0.466217822,1.291811881,-1.515207921
9,0.1-2,0.4774113428502939,0.45650495,1.291811881,-1.515207921
9,0.1-2,0.5053388323970401,0.45650495,1.291811881,-1.515207921
9,0.1-2,0.4573736564932239,0.45650495,1.291811881,-1.515207921
9,0.1-2,0.4857046412398481,0.417653465,1.291811881,-1.515207921
9,0.1-2,0.2885549703106383,0.291386139,1.291811881,-1.515207921
9,0.1-2,0.1685821099100579,0.038851485,1.291811881,-1.515207921
9,0.1-2,-0.0150400487480932,-0.067990099,1.291811881,-1.515207921
9,0.1-2,-0.1129857172679655,-0.271960396,1.291811881,-1.515207921
9,0.1-2,-0.2293509947835619,-0.30109901,1.291811881,-1.515207921
9,0.1-2,-0.4422045210518501,-0.534207921,1.291811881,-1.515207921
9,0.1-2,-0.5402504710562316,-0.641049505,1.291811881,-1.515207921
9,0.1-2,-0.6580183736937814,-0.718752475,1.291811881,-1.515207921
9,0.1-2,-0.7078738901101289,-0.777029703,1.291811881,-1.515207921
9,0.1-2,-0.810057257238092,-0.883871287,1.291811881,-1.515207921
9,0.1-2,-0.9541228460976602,-1.019851485,1.291811881,-1.515207921
9,0.1-2,-1.0643525258780575,-1.068415842,1.291811881,-1.515207921
9,0.1-2,-1.0799274271158796,-1.20439604,1.291811881,-1.515207921
9,0.1-2,-1.201823817259027,-1.388940594,1.291811881,-1.515207921
9,0.1-2,-1.3052537076137507,-1.340376238,1.291811881,-1.515207921
9,0.1-2,-0.8631443994647567,-0.864445545,1.291811881,-1.515207921
9,0.1-2,-0.6215962254614297,-0.718752475,1.291811881,-1.515207921
9,0.1-2,-0.5878652820521926,-0.621623762,1.291811881,-1.515207921
9,0.1-2,-0.7294500344966183,-0.893584158,1.291811881,-1.515207921
9,0.1-2,-0.7052444839246622,-0.689613861,1.291811881,-1.515207921
9,0.1-2,-0.703646806375956,-0.806168317,1.291811881,-1.515207921
9,0.1-2,-0.5411220742923394,-0.563346535,1.291811881,-1.515207921
9,0.1-2,-0.4974951714915571,-0.631336634,1.291811881,-1.515207921
9,0.1-2,-0.4216923707559165,-0.398227723,1.291811881,-1.515207921
9,0.1-2,-0.3381487287638781,-0.437079208,1.291811881,-1.515207921
9,0.1-2,-0.2264459059796238,-0.155405941,1.291811881,-1.515207921
9,0.1-2,-0.0598793181979993,-0.165118812,1.291811881,-1.515207921
9,0.1-2,0.0633970607388744,0.07770297,1.291811881,-1.515207921
9,0.1-2,0.1583309498534326,0.048564356,1.291811881,-1.515207921
9,0.1-2,0.1750992719154444,0.242821782,1.291811881,-1.515207921
9,0.1-2,0.296323627622691,0.349663366,1.291811881,-1.515207921
9,0.1-2,0.5880322913973797,0.592485149,1.291811881,-1.515207921
9,0.1-2,0.6691540335048266,0.670188119,1.291811881,-1.515207921
9,0.1-2,0.6382937116248207,0.650762376,1.291811881,-1.515207921
9,0.1-2,0.7845475907658153,0.796455446,1.291811881,-1.515207921
9,0.1-2,0.954725609678148,0.932435644,1.291811881,-1.515207921
9,0.1-2,0.9164740169710802,0.90329703,1.291811881,-1.515207921
9,0.1-2,0.9791291705615436,0.971287129,1.291811881,-1.515207921
9,0.1-2,1.0238932239582503,1.019851485,1.291811881,-1.515207921
9,0.1-2,1.0979959827060666,1.068415842,1.291811881,-1.515207921
9,0.1-2,1.0361969916991265,1.126693069,1.291811881,-1.515207921
9,0.1-2,1.2594527527586348,1.214108911,1.291811881,-1.515207921
9,0.1-2,1.0748342617987374,0.981,1.291811881,-1.515207921
9,0.1-2,0.7516743703615938,0.650762376,1.291811881,-1.515207921
9,0.1-2,0.5142423481784982,0.514782178,1.291811881,-1.515207921
9,0.1-2,0.4963835535942736,0.475930693,1.291811881,-1.515207921
9,0.1-2,0.5036155512058669,0.495356436,1.291811881,-1.515207921
9,0.1-2,0.4611216590708725,0.398227723,1.291811881,-1.515207921
9,0.1-2,0.4078073867849159,0.37880198,1.291811881,-1.515207921
9,0.1-2,0.3802319894810142,0.30109901,1.291811881,-1.515207921
9,0.1-2,0.1818295877457487,0.145693069,1.291811881,-1.515207921
9,0.1-2,0.0246592155781932,-0.067990099,1.291811881,-1.515207921
9,0.1-2,-0.1003657409921068,-0.126267327,1.291811881,-1.515207921
9,0.1-2,-0.1217321641719763,-0.252534653,1.291811881,-1.515207921
9,0.1-2,-0.2637421770191975,-0.281673267,1.291811881,-1.515207921
9,0.1-2,-0.3716370109469762,-0.553633663,1.291811881,-1.515207921
9,0.1-2,-0.6102962533345605,-0.60219802,1.291811881,-1.515207921
9,0.1-2,-0.6165418204284455,-0.777029703,1.291811881,-1.515207921
9,0.1-2,-0.7279698836766757,-0.777029703,1.291811881,-1.515207921
9,0.1-2,-0.7643194049360922,-0.951861386,1.291811881,-1.515207921
9,0.1-2,-0.9255781489006332,-0.922722772,1.291811881,-1.515207921
9,0.1-2,-1.0058623428224969,-1.116980198,1.291811881,-1.515207921
9,0.1-2,-1.0628358353924967,-1.126693069,1.291811881,-1.515207921
9,0.1-2,-1.213724846148974,-1.35980198,1.291811881,-1.515207921
9,0.1-2,-1.2492965575028625,-1.369514851,1.291811881,-1.515207921
9,0.1-2,-0.953600125829712,-0.893584158,1.291811881,-1.515207921
9,0.1-2,-0.5972407032921669,-0.709039604,1.291811881,-1.515207921
9,0.1-2,-0.6342564262693713,-0.689613861,1.291811881,-1.515207921
9,0.1-2,-0.7159563999409858,-0.825594059,1.291811881,-1.515207921
9,0.1-2,-0.734335005483714,-0.767316832,1.291811881,-1.515207921
9,0.1-2,-0.6887764507128525,-0.75760396,1.291811881,-1.515207921
9,0.1-2,-0.5862731209075093,-0.563346535,1.291811881,-1.515207921
9,0.1-2,-0.5290408086049986,-0.621623762,1.291811881,-1.515207921
9,0.1-2,-0.4497186991974932,-0.437079208,1.291811881,-1.515207921
9,0.1-2,-0.3512762717330293,-0.446792079,1.291811881,-1.515207921
9,0.1-2,-0.2477772449733076,-0.194257426,1.291811881,-1.515207921
9,0.1-2,-0.0546485854097777,-0.155405941,1.291811881,-1.515207921
9,0.1-2,0.093362537032456,0.067990099,1.291811881,-1.515207921
9,0.1-2,0.1167392885269151,0.029138614,1.291811881,-1.515207921
9,0.1-2,0.1862932595128413,0.242821782,1.291811881,-1.515207921
9,0.1-2,0.3268453585932271,0.339950495,1.291811881,-1.515207921
9,0.1-2,0.6072175497133633,0.660475248,1.291811881,-1.515207921
9,0.1-2,0.7207736735159513,0.621623762,1.291811881,-1.515207921
9,0.1-2,0.5848243959500695,0.641049505,1.291811881,-1.515207921
9,0.1-2,0.7736915516603883,0.767316832,1.291811881,-1.515207921
9,0.1-2,0.9051668094684964,0.835306931,1.291811881,-1.515207921
9,0.1-2,0.8860777837667576,0.864445545,1.291811881,-1.515207921
9,0.1-2,0.959086208940946,0.981,1.291811881,-1.515207921
9,0.1-2,1.1114226468633563,1.097554455,1.291811881,-1.515207921
9,0.1-2,1.0966685225565358,1.05870297,1.291811881,-1.515207921
9,0.1-2,1.107641795837775,1.116980198,1.291811881,-1.515207921
9,0.1-2,1.2052345826393585,1.175257426,1.291811881,-1.515207921
9,0.1-2,1.0060340503101668,0.942148515,1.291811881,-1.515207921
9,0.1-2,0.6909077548127673,0.582772277,1.291811881,-1.515207921
9,0.1-2,0.4833669669222711,0.485643564,1.291811881,-1.515207921
9,0.1-2,0.5417057129525621,0.553633663,1.291811881,-1.515207921
9,0.1-2,0.5053090855909168,0.495356436,1.291811881,-1.515207921
9,0.1-2,0.4763628057020973,0.407940594,1.291811881,-1.515207921
9,0.1-2,0.3602996627868195,0.339950495,1.291811881,-1.515207921
9,0.1-2,0.3337072018610057,0.22339604,1.291811881,-1.515207921
9,0.1-2,0.1619008831719033,0.135980198,1.291811881,-1.515207921
9,0.1-2,0.1142777606691882,0.009712871,1.291811881,-1.515207921
9,0.1-2,-0.0149260404728936,-0.116554455,1.291811881,-1.515207921
9,0.1-2,-0.1557306580748854,-0.30109901,1.291811881,-1.515207921
9,0.1-2,-0.2302056272313083,-0.291386139,1.291811881,-1.515207921
9,0.1-2,-0.4134760966316735,-0.573059406,1.291811881,-1.515207921
9,0.1-2,-0.5264078759372641,-0.60219802,1.291811881,-1.515207921
9,0.1-2,-0.6179353923169427,-0.747891089,1.291811881,-1.515207921
9,0.1-2,-0.7010443398329242,-0.75760396,1.291811881,-1.515207921
9,0.1-2,-0.7774837856333047,-0.913009901,1.291811881,-1.515207921
9,0.1-2,-0.9056168784855616,-0.942148515,1.291811881,-1.515207921
9,0.1-2,-0.968297576742168,-1.107267327,1.291811881,-1.515207921
9,0.1-2,-1.083048652817754,-1.126693069,1.291811881,-1.515207921
9,0.1-2,-1.1379264637480575,-1.340376238,1.291811881,-1.515207921
9,0.1-2,-1.3549798547544043,-1.320950495,1.291811881,-1.515207921
9,0.1-2,-0.9268695799431232,-0.981,1.291811881,-1.515207921
9,0.1-2,-0.6624063323569946,-0.660475248,1.291811881,-1.515207921
9,0.1-2,-0.5626897903948143,-0.699326733,1.291811881,-1.515207921
9,0.1-2,-0.7596357447019884,-0.825594059,1.291811881,-1.515207921
9,0.1-2,-0.7261567219397238,-0.75760396,1.291811881,-1.515207921
9,0.1-2,-0.701220379728643,-0.747891089,1.291811881,-1.515207921
9,0.1-2,-0.5706263026651825,-0.650762376,1.291811881,-1.515207921
9,0.1-2,-0.5093512731816277,-0.582772277,1.291811881,-1.515207921
9,0.1-2,-0.4365817786448093,-0.495356436,1.291811881,-1.515207921
9,0.1-2,-0.3513372605940822,-0.446792079,1.291811881,-1.515207921
9,0.1-2,-0.232859223500524,-0.242821782,1.291811881,-1.515207921
9,0.1-2,-0.0424468673926982,-0.184544554,1.291811881,-1.515207921
9,0.1-2,0.0703632047816127,0.019425743,1.291811881,-1.515207921
9,0.1-2,0.1568654738128594,0.009712871,1.291811881,-1.515207921
9,0.1-2,0.1858776571005717,0.22339604,1.291811881,-1.515207921
9,0.1-2,0.3474716897569239,0.310811881,1.291811881,-1.515207921
9,0.1-2,0.6090112600288032,0.611910891,1.291811881,-1.515207921
9,0.1-2,0.7104494627620876,0.660475248,1.291811881,-1.515207921
9,0.1-2,0.6345509607534616,0.621623762,1.291811881,-1.515207921
9,0.1-2,0.7141297936522308,0.728465347,1.291811881,-1.515207921
9,0.1-2,0.8768741096658011,0.883871287,1.291811881,-1.515207921
9,0.1-2,0.8859303229788171,0.806168317,1.291811881,-1.515207921
9,0.1-2,0.9409798338793548,0.932435644,1.291811881,-1.515207921
9,0.1-2,1.0144353106609627,1.039277228,1.291811881,-1.515207921
9,0.1-2,1.1204513393237674,1.019851485,1.291811881,-1.515207921
9,0.1-2,1.0721210173598974,1.126693069,1.291811881,-1.515207921
9,0.1-2,1.292568539410877,1.291811881,1.291811881,-1.515207921
9,0.1-2,1.0584180671629977,1.000425743,1.291811881,-1.515207921
9,0.1-2,0.6861115255935684,0.60219802,1.291811881,-1.515207921
9,0.1-2,0.4702046811446726,0.427366337,1.291811881,-1.515207921
9,0.1-2,0.5101136675902039,0.485643564,1.291811881,-1.515207921
9,0.1-2,0.5446107079184406,0.475930693,1.291811881,-1.515207921
9,0.1-2,0.4559163482703475,0.407940594,1.291811881,-1.515207921
9,0.1-2,0.3762149009293386,0.359376238,1.291811881,-1.515207921
9,0.1-2,0.3424430687261201,0.262247525,1.291811881,-1.515207921
9,0.1-2,0.2663268740684686,0.203970297,1.291811881,-1.515207921
9,0.1-2,0.1134736984254724,-0.048564356,1.291811881,-1.515207921
9,0.1-2,-0.0310699600705108,-0.087415842,1.291811881,-1.515207921
9,0.1-2,-0.1626503180281068,-0.252534653,1.291811881,-1.515207921
9,0.1-2,-0.2370438712167905,-0.281673267,1.291811881,-1.515207921
9,0.1-2,-0.3857513786592488,-0.582772277,1.291811881,-1.515207921
9,0.1-2,-0.5772231771679749,-0.611910891,1.291811881,-1.515207921
9,0.1-2,-0.6100894145607169,-0.75760396,1.291811881,-1.515207921
9,0.1-2,-0.7138371174632958,-0.728465347,1.291811881,-1.515207921
9,0.1-2,-0.8213919971721856,-0.990712871,1.291811881,-1.515207921
9,0.1-2,-0.899592841744955,-0.922722772,1.291811881,-1.515207921
9,0.1-2,-0.992618098090775,-1.155831683,1.291811881,-1.515207921
9,0.1-2,-1.0191846091707226,-1.029564356,1.291811881,-1.515207921
9,0.1-2,-1.1994262634429425,-1.301524752,1.291811881,-1.515207921
9,0.1-2,-1.3333640128660422,-1.311237624,1.291811881,-1.515207921
9,0.1-2,-0.9727499154362638,-1.029564356,1.291811881,-1.515207921
9,0.1-2,-0.6987162908543402,-0.689613861,1.291811881,-1.515207921
9,0.1-2,-0.6172459382097798,-0.75760396,1.291811881,-1.515207921
9,0.1-2,-0.7416655446836152,-0.796455446,1.291811881,-1.515207921
9,0.1-2,-0.6552302641355794,-0.747891089,1.291811881,-1.515207921
9,0.1-2,-0.6835390447498735,-0.777029703,1.291811881,-1.515207921
9,0.1-2,-0.5951952586778473,-0.592485149,1.291811881,-1.515207921
9,0.1-2,-0.5123224166010811,-0.582772277,1.291811881,-1.515207921
9,0.1-2,-0.4034355842148929,-0.45650495,1.291811881,-1.515207921
9,0.1-2,-0.35519199755634,-0.417653465,1.291811881,-1.515207921
9,0.1-2,-0.201756114612216,-0.213683168,1.291811881,-1.515207921
9,0.1-2,-0.094370508437255,-0.194257426,1.291811881,-1.515207921
9,0.1-2,0.0899447921468579,0.038851485,1.291811881,-1.515207921
9,0.1-2,0.1049815131434291,0.029138614,1.291811881,-1.515207921
9,0.1-2,0.180119486835123,0.203970297,1.291811881,-1.515207921
9,0.1-2,0.3358561658305147,0.349663366,1.291811881,-1.515207921
9,0.1-2,0.5788055146386105,0.631336634,1.291811881,-1.515207921
9,0.1-2,0.7047441202436139,0.699326733,1.291811881,-1.515207921
9,0.1-2,0.6263370084594828,0.611910891,1.291811881,-1.515207921
9,0.1-2,0.7364940040060309,0.718752475,1.291811881,-1.515207921
9,0.1-2,0.8771062080147499,0.883871287,1.291811881,-1.515207921
9,0.1-2,0.889871477001561,0.806168317,1.291811881,-1.515207921
9,0.1-2,0.9248035707699525,0.981,1.291811881,-1.515207921
9,0.1-2,0.9859597220568896,0.932435644,1.291811881,-1.515207921
9,0.1-2,1.077042886247154,1.068415842,1.291811881,-1.515207921
9,0.1-2,1.1163853409769828,1.097554455,1.291811881,-1.515207921
9,0.1-2,1.2840905896425032,1.272386139,1.291811881,-1.515207921
9,0.1-2,1.1073624152338877,1.078128713,1.291811881,-1.515207921
9,0.1-2,0.7277104596036419,0.631336634,1.291811881,-1.515207921
9,0.1-2,0.4466399449093051,0.446792079,1.291811881,-1.515207921
9,0.1-2,0.530915960216978,0.514782178,1.291811881,-1.515207921
9,0.1-2,0.4974830984977203,0.398227723,1.291811881,-1.515207921
9,0.1-2,0.4676534913550942,0.388514851,1.291811881,-1.515207921
9,0.1-2,0.3872767356513162,0.407940594,1.291811881,-1.515207921
9,0.1-2,0.3855712532115927,0.369089109,1.291811881,-1.515207921
9,0.1-2,0.2230153664326239,0.155405941,1.291811881,-1.515207921
9,0.1-2,0.071027516988155,-0.067990099,1.291811881,-1.515207921
9,0.1-2,-0.0740610774288844,-0.058277228,1.291811881,-1.515207921
9,0.1-2,-0.1295131661054055,-0.330237624,1.291811881,-1.515207921
9,0.1-2,-0.2320905220064112,-0.281673267,1.291811881,-1.515207921
9,0.1-2,-0.4160440084527921,-0.592485149,1.291811881,-1.515207921
9,0.1-2,-0.5766292343764611,-0.631336634,1.291811881,-1.515207921
9,0.1-2,-0.6056355563990518,-0.728465347,1.291811881,-1.515207921
9,0.1-2,-0.730360870584374,-0.75760396,1.291811881,-1.515207921
9,0.1-2,-0.7798594446374078,-0.913009901,1.291811881,-1.515207921
9,0.1-2,-0.9514241037981062,-0.961574257,1.291811881,-1.515207921
9,0.1-2,-1.0280068179973378,-1.165544554,1.291811881,-1.515207921
9,0.1-2,-1.0669933429613496,-1.097554455,1.291811881,-1.515207921
9,0.1-2,-1.1514486143191118,-1.35980198,1.291811881,-1.515207921
9,0.1-2,-1.295630318025458,-1.252960396,1.291811881,-1.515207921
9,0.1-2,-0.9296405745958988,-1.010138614,1.291811881,-1.515207921
9,0.1-2,-0.6651832829995634,-0.709039604,1.291811881,-1.515207921
9,0.1-2,-0.6058679521910673,-0.75760396,1.291811881,-1.515207921
9,0.1-2,-0.7368613395358596,-0.767316832,1.291811881,-1.515207921
9,0.1-2,-0.659831814364994,-0.767316832,1.291811881,-1.515207921
9,0.1-2,-0.6621207321822824,-0.777029703,1.291811881,-1.515207921
9,0.1-2,-0.5767345260538115,-0.611910891,1.291811881,-1.515207921
9,0.1-2,-0.4965136390467323,-0.553633663,1.291811881,-1.515207921
9,0.1-2,-0.4154896744506366,-0.466217822,1.291811881,-1.515207921
9,0.1-2,-0.3028993067300466,-0.359376238,1.291811881,-1.515207921
9,0.1-2,-0.1906377833409441,-0.233108911,1.291811881,-1.515207921
9,0.1-2,-0.1272768898496999,-0.184544554,1.291811881,-1.515207921
9,0.1-2,0.0330526381305224,0.029138614,1.291811881,-1.515207921
9,0.1-2,0.0937210668392398,0.038851485,1.291811881,-1.515207921
9,0.1-2,0.228727449974523,0.271960396,1.291811881,-1.515207921
9,0.1-2,0.3668835710815928,0.369089109,1.291811881,-1.515207921
9,0.1-2,0.6237957034419949,0.660475248,1.291811881,-1.515207921
9,0.1-2,0.6584393674496339,0.582772277,1.291811881,-1.515207921
9,0.1-2,0.6217443679137958,0.611910891,1.291811881,-1.515207921
9,0.1-2,0.7527611811019558,0.767316832,1.291811881,-1.515207921
9,0.1-2,0.9015190515233636,0.90329703,1.291811881,-1.515207921
9,0.1-2,0.8854705853141907,0.864445545,1.291811881,-1.515207921
9,0.1-2,0.9662516684228782,0.971287129,1.291811881,-1.515207921
9,0.1-2,1.0140566700537788,1.05870297,1.291811881,-1.515207921
9,0.1-2,1.1350914672197974,1.05870297,1.291811881,-1.515207921
9,0.1-2,1.056231764245504,1.078128713,1.291811881,-1.515207921
9,0.1-2,1.2816487144096738,1.252960396,1.291811881,-1.515207921
9,0.1-2,1.117362245760598,1.048990099,1.291811881,-1.515207921
9,0.1-2,0.7172717499052327,0.641049505,1.291811881,-1.515207921
9,0.1-2,0.440509472139548,0.407940594,1.291811881,-1.515207921
9,0.1-2,0.4892991423086915,0.475930693,1.291811881,-1.515207921
9,0.1-2,0.5111455324406893,0.427366337,1.291811881,-1.515207921
9,0.1-2,0.4354339717034524,0.446792079,1.291811881,-1.515207921
9,0.1-2,0.3859129020008458,0.369089109,1.291811881,-1.515207921
9,0.1-2,0.3448709068282545,0.291386139,1.291811881,-1.515207921
9,0.1-2,0.1752828284820195,0.106841584,1.291811881,-1.515207921
9,0.1-2,0.0475052795068181,-0.07770297,1.291811881,-1.515207921
9,0.1-2,-0.045762079020162,-0.07770297,1.291811881,-1.515207921
9,0.1-2,-0.1335668335206366,-0.271960396,1.291811881,-1.515207921
9,0.1-2,-0.2697974686800252,-0.242821782,1.291811881,-1.515207921
9,0.1-2,-0.3875551182535653,-0.582772277,1.291811881,-1.515207921
9,0.1-2,-0.5481007124100137,-0.592485149,1.291811881,-1.515207921
9,0.1-2,-0.6390285884761866,-0.777029703,1.291811881,-1.515207921
9,0.1-2,-0.7269585287888165,-0.777029703,1.291811881,-1.515207921
9,0.1-2,-0.8387311578640061,-0.922722772,1.291811881,-1.515207921
9,0.1-2,-0.9670792240560708,-1.010138614,1.291811881,-1.515207921
9,0.1-2,-1.0772201004312465,-1.175257426,1.291811881,-1.515207921
9,0.1-2,-1.0833112300236447,-1.039277228,1.291811881,-1.515207921
9,0.1-2,-1.169028576957389,-1.408366337,1.291811881,-1.515207921
9,0.1-2,-1.2816111453624184,-1.194683168,1.291811881,-1.515207921
9,0.1-2,-0.8894612525767859,-0.961574257,1.291811881,-1.515207921
9,0.1-2,-0.6667126765290037,-0.689613861,1.291811881,-1.515207921
9,0.1-2,-0.6006659541888333,-0.75760396,1.291811881,-1.515207921
9,0.1-2,-0.7709260025206935,-0.75760396,1.291811881,-1.515207921
9,0.1-2,-0.6821228610388186,-0.796455446,1.291811881,-1.515207921
9,0.1-2,-0.7461524961263659,-0.75760396,1.291811881,-1.515207921
9,0.1-2,-0.5338827879848135,-0.60219802,1.291811881,-1.515207921
9,0.1-2,-0.5653344830221838,-0.573059406,1.291811881,-1.515207921
9,0.1-2,-0.4153119311690115,-0.427366337,1.291811881,-1.515207921
9,0.1-2,-0.3830310871879315,-0.417653465,1.291811881,-1.515207921
9,0.1-2,-0.2232388901494365,-0.242821782,1.291811881,-1.515207921
9,0.1-2,-0.0747524299116083,-0.135980198,1.291811881,-1.515207921
9,0.1-2,0.0515434253632654,-0.019425743,1.291811881,-1.515207921
9,0.1-2,0.12273419976644,0.106841584,1.291811881,-1.515207921
9,0.1-2,0.2017787560618293,0.271960396,1.291811881,-1.515207921
9,0.1-2,0.3633155967062171,0.369089109,1.291811881,-1.515207921
9,0.1-2,0.6726167438055508,0.67990099,1.291811881,-1.515207921
9,0.1-2,0.7000033295825565,0.582772277,1.291811881,-1.515207921
9,0.1-2,0.6573645030257359,0.641049505,1.291811881,-1.515207921
9,0.1-2,0.8149043359216209,0.777029703,1.291811881,-1.515207921
9,0.1-2,0.8890675303584133,0.883871287,1.291811881,-1.515207921
9,0.1-2,0.9078392006959748,0.815881188,1.291811881,-1.515207921
9,0.1-2,0.9608341232030524,0.971287129,1.291811881,-1.515207921
9,0.1-2,1.001380082075944,1.05870297,1.291811881,-1.515207921
9,0.1-2,1.093201745091563,1.087841584,1.291811881,-1.515207921
9,0.1-2,1.0448719370146529,1.087841584,1.291811881,-1.515207921
9,0.1-2,1.284091190190578,1.223821782,1.291811881,-1.515207921
9,0.1-2,1.0583149529749305,1.029564356,1.291811881,-1.515207921
9,0.1-2,0.7408573859625399,0.641049505,1.291811881,-1.515207921
9,0.1-2,0.3941918864424224,0.417653465,1.291811881,-1.515207921
9,0.1-2,0.4913686346986054,0.45650495,1.291811881,-1.515207921
9,0.1-2,0.4779892622403046,0.388514851,1.291811881,-1.515207921
9,0.1-2,0.4392933505143638,0.417653465,1.291811881,-1.515207921
9,0.1-2,0.3476916297570575,0.369089109,1.291811881,-1.515207921
9,0.1-2,0.36903467140435,0.310811881,1.291811881,-1.515207921
9,0.1-2,0.2059262855105354,0.203970297,1.291811881,-1.515207921
9,0.1-2,0.1000377891334439,-0.019425743,1.291811881,-1.515207921
9,0.1-2,-0.0663667483484298,-0.174831683,1.291811881,-1.515207921
9,0.1-2,-0.172840495931407,-0.330237624,1.291811881,-1.515207921
9,0.1-2,-0.2687478359707536,-0.291386139,1.291811881,-1.515207921
9,0.1-2,-0.3768302781101441,-0.582772277,1.291811881,-1.515207921
9,0.1-2,-0.6060417186774493,-0.611910891,1.291811881,-1.515207921
9,0.1-2,-0.6032930481895526,-0.747891089,1.291811881,-1.515207921
9,0.1-2,-0.7536365718862245,-0.75760396,1.291811881,-1.515207921
9,0.1-2,-0.7772141234306659,-0.990712871,1.291811881,-1.515207921
9,0.1-2,-0.9492878364998946,-0.90329703,1.291811881,-1.515207921
9,0.1-2,-1.0129461259409098,-1.184970297,1.291811881,-1.515207921
9,0.1-2,-1.0800475828027882,-1.165544554,1.291811881,-1.515207921
9,0.1-2,-1.2109464707814022,-1.43750495,1.291811881,-1.515207921
9,0.1-2,-1.249754995978914,-1.20439604,1.291811881,-1.515207921
9,0.1-2,-0.9452117347476602,-1.000425743,1.291811881,-1.515207921
9,0.1-2,-0.6383667794255787,-0.718752475,1.291811881,-1.515207921
9,0.1-2,-0.6037680277168757,-0.709039604,1.291811881,-1.515207921
9,0.1-2,-0.7180525598914659,-0.767316832,1.291811881,-1.515207921
9,0.1-2,-0.7208214417173947,-0.825594059,1.291811881,-1.515207921
9,0.1-2,-0.7582818217905839,-0.815881188,1.291811881,-1.515207921
9,0.1-2,-0.6224277551581848,-0.728465347,1.291811881,-1.515207921
9,0.1-2,-0.5358136519574174,-0.660475248,1.291811881,-1.515207921
9,0.1-2,-0.4240612174720299,-0.446792079,1.291811881,-1.515207921
9,0.1-2,-0.3246155835662201,-0.359376238,1.291811881,-1.515207921
9,0.1-2,-0.1573542521042062,-0.194257426,1.291811881,-1.515207921
9,0.1-2,-0.0372241972620872,-0.135980198,1.291811881,-1.515207921
9,0.1-2,0.1127216209688633,0.087415842,1.291811881,-1.515207921
9,0.1-2,0.1075481221191539,-0.009712871,1.291811881,-1.515207921
9,0.1-2,0.2767240572238153,0.30109901,1.291811881,-1.515207921
9,0.1-2,0.3678393853374549,0.310811881,1.291811881,-1.515207921
9,0.1-2,0.6828184497752211,0.67990099,1.291811881,-1.515207921
9,0.1-2,0.6409741915626362,0.582772277,1.291811881,-1.515207921
9,0.1-2,0.6717001646392048,0.670188119,1.291811881,-1.515207921
9,0.1-2,0.7864011340257998,0.738178218,1.291811881,-1.515207921
9,0.1-2,0.9137334387543652,0.942148515,1.291811881,-1.515207921
9,0.1-2,0.906049416230872,0.913009901,1.291811881,-1.515207921
9,0.1-2,0.9649069550359052,1.039277228,1.291811881,-1.515207921
9,0.1-2,1.029301258620121,1.029564356,1.291811881,-1.515207921
9,0.1-2,1.037969894394089,1.05870297,1.291811881,-1.515207921
9,0.1-2,1.077919266664334,1.107267327,1.291811881,-1.515207921
9,0.1-2,1.2931685745958408,1.252960396,1.291811881,-1.515207921
9,0.1-2,1.0659442880080368,1.019851485,1.291811881,-1.515207921
9,0.1-2,0.7070509073383922,0.611910891,1.291811881,-1.515207921
9,0.1-2,0.4163318940833605,0.446792079,1.291811881,-1.515207921
9,0.1-2,0.5009869996609617,0.466217822,1.291811881,-1.515207921
9,0.1-2,0.4443401937853932,0.45650495,1.291811881,-1.515207921
9,0.1-2,0.4604376321150975,0.437079208,1.291811881,-1.515207921
9,0.1-2,0.3768417258411336,0.388514851,1.291811881,-1.515207921
9,0.1-2,0.3999312462543214,0.359376238,1.291811881,-1.515207921
9,0.1-2,0.1600045823289999,0.145693069,1.291811881,-1.515207921
9,0.1-2,0.0948726457253969,-0.087415842,1.291811881,-1.515207921
9,0.1-2,-0.1514746690288611,-0.174831683,1.291811881,-1.515207921
9,0.1-2,-0.1644638686705535,-0.252534653,1.291811881,-1.515207921
9,0.1-2,-0.2890404999599698,-0.30109901,1.291811881,-1.515207921
9,0.1-2,-0.405120781103911,-0.582772277,1.291811881,-1.515207921
9,0.1-2,-0.5864344825111444,-0.563346535,1.291811881,-1.515207921
9,0.1-2,-0.5962740849530094,-0.786742574,1.291811881,-1.515207921
9,0.1-2,-0.7547748812661299,-0.786742574,1.291811881,-1.515207921
9,0.1-2,-0.7906886919178605,-0.981,1.291811881,-1.515207921
9,0.1-2,-0.9669488965477332,-0.961574257,1.291811881,-1.515207921
9,0.1-2,-0.9811052243457732,-1.146118812,1.291811881,-1.515207921
9,0.1-2,-1.1264814429203924,-1.165544554,1.291811881,-1.515207921
9,0.1-2,-1.2923842378446184,-1.476356436,1.291811881,-1.515207921
9,0.1-2,-1.3033789294406624,-1.223821782,1.291811881,-1.515207921
9,0.1-2,-0.8363642964104414,-0.951861386,1.291811881,-1.515207921
9,0.1-2,-0.6570637970622958,-0.631336634,1.291811881,-1.515207921
9,0.1-2,-0.6328682294462993,-0.641049505,1.291811881,-1.515207921
9,0.1-2,-0.716789525542605,-0.806168317,1.291811881,-1.515207921
9,0.1-2,-0.6925129239361869,-0.777029703,1.291811881,-1.515207921
9,0.1-2,-0.7259279382633257,-0.815881188,1.291811881,-1.515207921
9,0.1-2,-0.5953548315036833,-0.553633663,1.291811881,-1.515207921
9,0.1-2,-0.4535016520275329,-0.553633663,1.291811881,-1.515207921
9,0.1-2,-0.3796492449356992,-0.398227723,1.291811881,-1.515207921
9,0.1-2,-0.3145867117239529,-0.388514851,1.291811881,-1.515207921
9,0.1-2,-0.1542481419043112,-0.233108911,1.291811881,-1.515207921
9,0.1-2,0.0097593362334262,-0.145693069,1.291811881,-1.515207921
9,0.1-2,0.0762673287340488,0.029138614,1.291811881,-1.515207921
9,0.1-2,0.1154098719495248,0.048564356,1.291811881,-1.515207921
9,0.1-2,0.2362626231246964,0.291386139,1.291811881,-1.515207921
9,0.1-2,0.4186569541735643,0.37880198,1.291811881,-1.515207921
9,0.1-2,0.7100133614020491,0.718752475,1.291811881,-1.515207921
9,0.1-2,0.6417380172529366,0.543920792,1.291811881,-1.515207921
9,0.1-2,0.6548592438468748,0.670188119,1.291811881,-1.515207921
9,0.1-2,0.7523410691230339,0.738178218,1.291811881,-1.515207921
9,0.1-2,0.8603175207102489,0.864445545,1.291811881,-1.515207921
9,0.1-2,0.9062751784219236,0.961574257,1.291811881,-1.515207921
9,0.1-2,1.0495521934419514,1.029564356,1.291811881,-1.515207921
9,0.1-2,1.0199470169106684,0.990712871,1.291811881,-1.515207921
9,0.1-2,1.1111872612504547,1.097554455,1.291811881,-1.515207921
9,0.1-2,1.087302354322733,1.087841584,1.291811881,-1.515207921
9,0.1-2,1.280017918431736,1.252960396,1.291811881,-1.515207921
9,0.1-2,1.0335335402541883,0.932435644,1.291811881,-1.515207921
9,0.1-2,0.6819272016130792,0.631336634,1.291811881,-1.515207921
9,0.1-2,0.4198533701921692,0.369089109,1.291811881,-1.515207921
9,0.1-2,0.479589124122074,0.475930693,1.291811881,-1.515207921
9,0.1-2,0.4357108225292328,0.407940594,1.291811881,-1.515207921
9,0.1-2,0.4390957170738493,0.359376238,1.291811881,-1.515207921
9,0.1-2,0.3819495907965672,0.388514851,1.291811881,-1.515207921
9,0.1-2,0.3548717066388128,0.281673267,1.291811881,-1.515207921
9,0.1-2,0.1435542635791396,0.155405941,1.291811881,-1.515207921
9,0.1-2,0.1183643455256921,0.009712871,1.291811881,-1.515207921
9,0.1-2,-0.0901010065684094,-0.165118812,1.291811881,-1.515207921
9,0.1-2,-0.165097836028369,-0.271960396,1.291811881,-1.515207921
9,0.1-2,-0.3193305190575836,-0.320524752,1.291811881,-1.515207921
9,0.1-2,-0.4023417291519776,-0.563346535,1.291811881,-1.515207921
9,0.1-2,-0.5984545699529368,-0.650762376,1.291811881,-1.515207921
9,0.1-2,-0.6411618207203533,-0.747891089,1.291811881,-1.515207921
9,0.1-2,-0.7790655244020424,-0.786742574,1.291811881,-1.515207921
9,0.1-2,-0.7923473749129608,-0.961574257,1.291811881,-1.515207921
9,0.1-2,-0.9391446096402416,-0.971287129,1.291811881,-1.515207921
9,0.1-2,-1.034736037599111,-1.155831683,1.291811881,-1.515207921
9,0.1-2,-1.1629489896795482,-1.194683168,1.291811881,-1.515207921
9,0.1-2,-1.3550060115159712,-1.418079208,1.291811881,-1.515207921
9,0.1-2,-1.2655027423071754,-1.184970297,1.291811881,-1.515207921
9,0.1-2,-0.8893012837035716,-0.922722772,1.291811881,-1.515207921
9,0.1-2,-0.628215331941753,-0.641049505,1.291811881,-1.515207921
9,0.1-2,-0.5778241860810229,-0.689613861,1.291811881,-1.515207921
9,0.1-2,-0.6958437254843186,-0.806168317,1.291811881,-1.515207921
9,0.1-2,-0.6734290080781237,-0.777029703,1.291811881,-1.515207921
9,0.1-2,-0.7105553020796103,-0.75760396,1.291811881,-1.515207921
9,0.1-2,-0.5770145561548535,-0.592485149,1.291811881,-1.515207921
9,0.1-2,-0.4818343089522642,-0.582772277,1.291811881,-1.515207921
9,0.1-2,-0.3614313628455319,-0.359376238,1.291811881,-1.515207921
9,0.1-2,-0.3546731326701327,-0.407940594,1.291811881,-1.515207921
9,0.1-2,-0.1677587632889313,-0.145693069,1.291811881,-1.515207921
9,0.1-2,-0.0481171879091493,-0.097128713,1.291811881,-1.515207921
9,0.1-2,0.0853621551252428,0.087415842,1.291811881,-1.515207921
9,0.1-2,0.1368853028468463,-0.009712871,1.291811881,-1.515207921
9,0.1-2,0.2346016458027372,0.320524752,1.291811881,-1.515207921
9,0.1-2,0.4074637237924255,0.359376238,1.291811881,-1.515207921
9,0.1-2,0.7004854053949391,0.718752475,1.291811881,-1.515207921
9,0.1-2,0.6675681017834687,0.592485149,1.291811881,-1.515207921
9,0.1-2,0.6714791306068174,0.67990099,1.291811881,-1.515207921
9,0.1-2,0.781524114168542,0.728465347,1.291811881,-1.515207921
9,0.1-2,0.8869678249738491,0.874158416,1.291811881,-1.515207921
9,0.1-2,0.9219392622091422,0.864445545,1.291811881,-1.515207921
9,0.1-2,1.0095918323989257,1.048990099,1.291811881,-1.515207921
9,0.1-2,1.079107619742456,1.116980198,1.291811881,-1.515207921
9,0.1-2,1.1227602567832191,1.136405941,1.291811881,-1.515207921
9,0.1-2,1.1663826423747294,1.136405941,1.291811881,-1.515207921
9,0.1-2,1.3041527940036504,1.28209901,1.291811881,-1.515207921
9,0.1-2,0.9917126137450596,0.922722772,1.291811881,-1.515207921
9,0.1-2,0.6710286874662061,0.573059406,1.291811881,-1.515207921
9,0.1-2,0.431008372760228,0.417653465,1.291811881,-1.515207921
9,0.1-2,0.4928923127072073,0.45650495,1.291811881,-1.515207921
9,0.1-2,0.4291399593508991,0.446792079,1.291811881,-1.515207921
9,0.1-2,0.444025839742135,0.359376238,1.291811881,-1.515207921
9,0.1-2,0.4019628671812129,0.369089109,1.291811881,-1.515207921
9,0.1-2,0.3590682381215406,0.281673267,1.291811881,-1.515207921
9,0.1-2,0.1890843886333794,0.203970297,1.291811881,-1.515207921
9,0.1-2,0.0646458676466263,-0.097128713,1.291811881,-1.515207921
9,0.1-2,-0.1118941740764723,-0.184544554,1.291811881,-1.515207921
9,0.1-2,-0.1721131580354634,-0.320524752,1.291811881,-1.515207921
9,0.1-2,-0.3065409970984752,-0.30109901,1.291811881,-1.515207921
9,0.1-2,-0.3997284654455389,-0.592485149,1.291811881,-1.515207921
9,0.1-2,-0.6322464691642601,-0.611910891,1.291811881,-1.515207921
9,0.1-2,-0.621393289103808,-0.699326733,1.291811881,-1.515207921
9,0.1-2,-0.8037952771854155,-0.835306931,1.291811881,-1.515207921
9,0.1-2,-0.8173707132780956,-1.010138614,1.291811881,-1.515207921
9,0.1-2,-1.077935193007755,-1.048990099,1.291811881,-1.515207921
9,0.1-2,-0.994040954030582,-1.155831683,1.291811881,-1.515207921
9,0.1-2,-1.1885117325510572,-1.214108911,1.291811881,-1.515207921
9,0.1-2,-1.3478751455585278,-1.515207921,1.291811881,-1.515207921
9,0.1-2,-1.1902031094032512,-1.233534653,1.291811881,-1.515207921
9,0.1-2,-0.8059997259716003,-0.825594059,1.291811881,-1.515207921
9,0.1-2,-0.5417713484356307,-0.67990099,1.291811881,-1.515207921
9,0.1-2,-0.598129943359025,-0.670188119,1.291811881,-1.515207921
9,0.1-2,-0.6439555538555116,-0.786742574,1.291811881,-1.515207921
9,0.1-2,-0.717104508836873,-0.75760396,1.291811881,-1.515207921
9,0.1-2,-0.6893998013272252,-0.796455446,1.291811881,-1.515207921
9,0.1-2,-0.5711004545380911,-0.534207921,1.291811881,-1.515207921
9,0.1-2,-0.4443855116834573,-0.553633663,1.291811881,-1.515207921
9,0.1-2,-0.427884429807728,-0.417653465,1.291811881,-1.515207921
9,0.1-2,-0.3343908234298449,-0.437079208,1.291811881,-1.515207921
9,0.1-2,-0.1916253334753888,-0.126267327,1.291811881,-1.515207921
9,0.1-2,-0.0447167489656706,-0.184544554,1.291811881,-1.515207921
9,0.1-2,0.082995233631065,0.087415842,1.291811881,-1.515207921
9,0.1-2,0.1335211695668472,0.029138614,1.291811881,-1.515207921
9,0.1-2,0.2780496340668959,0.339950495,1.291811881,-1.515207921
9,0.1-2,0.3828162208559814,0.369089109,1.291811881,-1.515207921
9,0.1-2,0.6896115880909289,0.747891089,1.291811881,-1.515207921
9,0.1-2,0.6366310630264813,0.60219802,1.291811881,-1.515207921
9,0.1-2,0.6945859417125556,0.709039604,1.291811881,-1.515207921
9,0.1-2,0.7734670580000613,0.796455446,1.291811881,-1.515207921
9,0.1-2,0.876988118024287,0.883871287,1.291811881,-1.515207921
9,0.1-2,0.9429226426694456,0.893584158,1.291811881,-1.515207921
9,0.1-2,1.064021234109142,1.039277228,1.291811881,-1.515207921
9,0.1-2,1.0757318747161753,1.097554455,1.291811881,-1.515207921
9,0.1-2,1.0601292172457906,1.039277228,1.291811881,-1.515207921
9,0.1-2,1.1515192995328918,1.087841584,1.291811881,-1.515207921
9,0.1-2,1.2649941735899517,1.243247525,1.291811881,-1.515207921
9,0.1-2,0.9405530357207952,0.90329703,1.291811881,-1.515207921
9,0.1-2,0.6699747302037576,0.60219802,1.291811881,-1.515207921
9,0.1-2,0.4521746805500319,0.407940594,1.291811881,-1.515207921
9,0.1-2,0.494466351031635,0.45650495,1.291811881,-1.515207921
9,0.1-2,0.3897418216435797,0.398227723,1.291811881,-1.515207921
9,0.1-2,0.4073935489579184,0.437079208,1.291811881,-1.515207921
9,0.1-2,0.4217181022002045,0.398227723,1.291811881,-1.515207921
9,0.1-2,0.3112958591738191,0.22339604,1.291811881,-1.515207921
9,0.1-2,0.1595196353863722,0.126267327,1.291811881,-1.515207921
9,0.1-2,0.0790792779465309,-0.019425743,1.291811881,-1.515207921
9,0.1-2,-0.1278997313070382,-0.184544554,1.291811881,-1.515207921
9,0.1-2,-0.175965048325136,-0.310811881,1.291811881,-1.515207921
9,0.1-2,-0.2814951543242808,-0.339950495,1.291811881,-1.515207921
9,0.1-2,-0.4767747930858471,-0.631336634,1.291811881,-1.515207921
9,0.1-2,-0.589750335405687,-0.670188119,1.291811881,-1.515207921
9,0.1-2,-0.6333095982662069,-0.738178218,1.291811881,-1.515207921
9,0.1-2,-0.7248893156152638,-0.777029703,1.291811881,-1.515207921
9,0.1-2,-0.8600251195486893,-0.981,1.291811881,-1.515207921
9,0.1-2,-0.9905065428319814,-1.039277228,1.291811881,-1.515207921
9,0.1-2,-1.0223658225391343,-1.184970297,1.291811881,-1.515207921
9,0.1-2,-1.11298777207775,-1.146118812,1.291811881,-1.515207921
9,0.1-2,-1.2948363019205873,-1.447217822,1.291811881,-1.515207921
9,0.1-2,-1.1692185183194783,-1.194683168,1.291811881,-1.515207921
9,0.1-2,-0.8150806947437648,-0.825594059,1.291811881,-1.515207921
9,0.1-2,-0.6318309546574982,-0.650762376,1.291811881,-1.515207921
9,0.1-2,-0.62553701028008,-0.670188119,1.291811881,-1.515207921
9,0.1-2,-0.7091340832892612,-0.738178218,1.291811881,-1.515207921
9,0.1-2,-0.6780668999568471,-0.767316832,1.291811881,-1.515207921
9,0.1-2,-0.7178168134989726,-0.796455446,1.291811881,-1.515207921
9,0.1-2,-0.5890057157171269,-0.573059406,1.291811881,-1.515207921
9,0.1-2,-0.5242426992505321,-0.650762376,1.291811881,-1.515207921
9,0.1-2,-0.3913858812590696,-0.45650495,1.291811881,-1.515207921
9,0.1-2,-0.3011046367454529,-0.427366337,1.291811881,-1.515207921
9,0.1-2,-0.1726020914133241,-0.155405941,1.291811881,-1.515207921
9,0.1-2,-0.0399952007137847,-0.087415842,1.291811881,-1.515207921
9,0.1-2,0.0426243197020849,0.097128713,1.291811881,-1.515207921
9,0.1-2,0.1864409835002012,0.038851485,1.291811881,-1.515207921
9,0.1-2,0.267610375990831,0.291386139,1.291811881,-1.515207921
9,0.1-2,0.4346378426290468,0.398227723,1.291811881,-1.515207921
9,0.1-2,0.7265796970216452,0.670188119,1.291811881,-1.515207921
9,0.1-2,0.6734831704155935,0.582772277,1.291811881,-1.515207921
9,0.1-2,0.6372884705791598,0.718752475,1.291811881,-1.515207921
9,0.1-2,0.8306958371501451,0.709039604,1.291811881,-1.515207921
9,0.1-2,0.8592909631939107,0.90329703,1.291811881,-1.515207921
9,0.1-2,0.8979792117294652,0.893584158,1.291811881,-1.515207921
9,0.1-2,1.012783339368198,1.048990099,1.291811881,-1.515207921
9,0.1-2,1.0821790589635552,1.000425743,1.291811881,-1.515207921
9,0.1-2,1.0987978724514496,1.097554455,1.291811881,-1.515207921
9,0.1-2,1.1023367541897695,1.068415842,1.291811881,-1.515207921
9,0.1-2,1.2316439461782795,1.243247525,1.291811881,-1.515207921
9,0.1-2,0.969853526634646,0.874158416,1.291811881,-1.515207921
9,0.1-2,0.6827283630950085,0.631336634,1.291811881,-1.515207921
9,0.1-2,0.4212359459687988,0.359376238,1.291811881,-1.515207921
9,0.1-2,0.4711958588166886,0.485643564,1.291811881,-1.515207921
9,0.1-2,0.4349360570363087,0.369089109,1.291811881,-1.515207921
9,0.1-2,0.4257280853461513,0.417653465,1.291811881,-1.515207921
9,0.1-2,0.4078260037137811,0.37880198,1.291811881,-1.515207921
9,0.1-2,0.341194836359333,0.30109901,1.291811881,-1.515207921
9,0.1-2,0.1574390667342465,0.106841584,1.291811881,-1.515207921
9,0.1-2,0.0403809809814666,-0.07770297,1.291811881,-1.515207921
9,0.1-2,-0.1112022897113814,-0.233108911,1.291811881,-1.515207921
9,0.1-2,-0.1901081856889255,-0.339950495,1.291811881,-1.515207921
9,0.1-2,-0.3078093651351489,-0.330237624,1.291811881,-1.515207921
9,0.1-2,-0.4042582420885979,-0.514782178,1.291811881,-1.515207921
9,0.1-2,-0.5913342589151979,-0.631336634,1.291811881,-1.515207921
9,0.1-2,-0.62316626887068,-0.738178218,1.291811881,-1.515207921
9,0.1-2,-0.7422668833857273,-0.777029703,1.291811881,-1.515207921
9,0.1-2,-0.79784553009192,-0.942148515,1.291811881,-1.515207921
9,0.1-2,-0.9924746463637044,-1.05870297,1.291811881,-1.515207921
9,0.1-2,-1.0675116950628378,-1.194683168,1.291811881,-1.515207921
9,0.1-2,-1.1198941135474203,-1.116980198,1.291811881,-1.515207921
9,0.1-2,-1.2706460260227233,-1.476356436,1.291811881,-1.515207921
9,0.1-2,-1.1713105278268396,-1.146118812,1.291811881,-1.515207921
9,0.1-2,-0.8789460769162358,-0.961574257,1.291811881,-1.515207921
9,0.1-2,-0.642586994040921,-0.641049505,1.291811881,-1.515207921
9,0.1-2,-0.6148700588138843,-0.660475248,1.291811881,-1.515207921
9,0.1-2,-0.682771414073373,-0.709039604,1.291811881,-1.515207921
9,0.1-2,-0.7538726712744573,-0.864445545,1.291811881,-1.515207921
9,0.1-2,-0.7175329631653451,-0.777029703,1.291811881,-1.515207921
9,0.1-2,-0.5572128721008576,-0.60219802,1.291811881,-1.515207921
9,0.1-2,-0.4753025245355906,-0.543920792,1.291811881,-1.515207921
9,0.1-2,-0.3652701999085238,-0.437079208,1.291811881,-1.515207921
9,0.1-2,-0.3155140074476352,-0.398227723,1.291811881,-1.515207921
9,0.1-2,-0.1470090473674109,-0.22339604,1.291811881,-1.515207921
9,0.1-2,-0.0225259652817754,-0.174831683,1.291811881,-1.515207921
9,0.1-2,0.0569732907243073,0.038851485,1.291811881,-1.515207921
9,0.1-2,0.1574329636106408,0.126267327,1.291811881,-1.515207921
9,0.1-2,0.2832790505904806,0.271960396,1.291811881,-1.515207921
9,0.1-2,0.400422571958059,0.45650495,1.291811881,-1.515207921
9,0.1-2,0.6606955550973442,0.660475248,1.291811881,-1.515207921
9,0.1-2,0.661357190447876,0.631336634,1.291811881,-1.515207921
9,0.1-2,0.6160810583391466,0.689613861,1.291811881,-1.515207921
9,0.1-2,0.7905938134512888,0.747891089,1.291811881,-1.515207921
9,0.1-2,0.7841440369269795,0.747891089,1.291811881,-1.515207921
9,0.1-2,0.976561044724784,1.019851485,1.291811881,-1.515207921
9,0.1-2,1.1193680799083967,1.078128713,1.291811881,-1.515207921
9,0.1-2,0.9808127662176084,0.942148515,1.291811881,-1.515207921
9,0.1-2,1.0040863594581602,1.029564356,1.291811881,-1.515207921
9,0.1-2,1.1565431314957826,1.116980198,1.291811881,-1.515207921
9,0.1-2,1.2721557121501994,1.252960396,1.291811881,-1.515207921
9,0.1-2,1.0347495760013097,0.883871287,1.291811881,-1.515207921
9,0.1-2,0.6902777006366568,0.631336634,1.291811881,-1.515207921
9,0.1-2,0.4557210904398009,0.388514851,1.291811881,-1.515207921
9,0.1-2,0.478903469231391,0.485643564,1.291811881,-1.515207921
9,0.1-2,0.4098625978122599,0.359376238,1.291811881,-1.515207921
9,0.1-2,0.4516348168750871,0.446792079,1.291811881,-1.515207921
9,0.1-2,0.4149971566056132,0.388514851,1.291811881,-1.515207921
9,0.1-2,0.4246120144789847,0.398227723,1.291811881,-1.515207921
9,0.1-2,0.172562283786124,0.067990099,1.291811881,-1.515207921
9,0.1-2,0.0253461077683031,-0.038851485,1.291811881,-1.515207921
9,0.1-2,-0.116154663896677,-0.22339604,1.291811881,-1.515207921
9,0.1-2,-0.1775141346525207,-0.233108911,1.291811881,-1.515207921
9,0.1-2,-0.2727148445650452,-0.369089109,1.291811881,-1.515207921
9,0.1-2,-0.414566575445166,-0.52449505,1.291811881,-1.515207921
9,0.1-2,-0.587373209554127,-0.67990099,1.291811881,-1.515207921
9,0.1-2,-0.6002813247795519,-0.75760396,1.291811881,-1.515207921
9,0.1-2,-0.6841706906753204,-0.806168317,1.291811881,-1.515207921
9,0.1-2,-0.7994722265813085,-0.932435644,1.291811881,-1.515207921
9,0.1-2,-1.0004525711125414,-1.010138614,1.291811881,-1.515207921
9,0.1-2,-1.0356678243348658,-1.155831683,1.291811881,-1.515207921
9,0.1-2,-1.1221316200576517,-1.146118812,1.291811881,-1.515207921
9,0.1-2,-1.2788089355598389,-1.43750495,1.291811881,-1.515207921
9,0.1-2,-1.266139018802406,-1.184970297,1.291811881,-1.515207921
9,0.1-2,-0.8611208002268438,-1.000425743,1.291811881,-1.515207921
9,0.1-2,-0.6490266007200037,-0.621623762,1.291811881,-1.515207921
9,0.1-2,-0.5828277436662893,-0.718752475,1.291811881,-1.515207921
9,0.1-2,-0.6881869464531688,-0.738178218,1.291811881,-1.515207921
9,0.1-2,-0.7257447373217659,-0.815881188,1.291811881,-1.515207921
9,0.1-2,-0.729217515678701,-0.75760396,1.291811881,-1.515207921
9,0.1-2,-0.5865632589377009,-0.718752475,1.291811881,-1.515207921
9,0.1-2,-0.4705436684336713,-0.514782178,1.291811881,-1.515207921
9,0.1-2,-0.3793574057878282,-0.495356436,1.291811881,-1.515207921
9,0.1-2,-0.301776906681852,-0.320524752,1.291811881,-1.515207921
9,0.1-2,-0.2037296331761149,-0.330237624,1.291811881,-1.515207921
9,0.1-2,-0.042544757020789,-0.048564356,1.291811881,-1.515207921
9,0.1-2,0.0420894808664218,-0.07770297,1.291811881,-1.515207921
9,0.1-2,0.1681164763543607,0.155405941,1.291811881,-1.515207921
9,0.1-2,0.2367094810976428,0.174831683,1.291811881,-1.515207921
9,0.1-2,0.4181614920353257,0.407940594,1.291811881,-1.515207921
9,0.1-2,0.6075417340310919,0.611910891,1.291811881,-1.515207921
9,0.1-2,0.646316111918754,0.611910891,1.291811881,-1.515207921
9,0.1-2,0.6426514171133634,0.592485149,1.291811881,-1.515207921
9,0.1-2,0.7947097087065595,0.777029703,1.291811881,-1.515207921
9,0.1-2,0.8749378674128261,0.806168317,1.291811881,-1.515207921
9,0.1-2,0.9404006377662896,0.922722772,1.291811881,-1.515207921
9,0.1-2,0.9901174484074182,0.951861386,1.291811881,-1.515207921
9,0.1-2,1.0735301211520765,1.05870297,1.291811881,-1.515207921
9,0.1-2,1.101628427761379,1.097554455,1.291811881,-1.515207921
9,0.1-2,1.105983709712402,1.107267327,1.291811881,-1.515207921
9,0.1-2,1.2621759198470814,1.243247525,1.291811881,-1.515207921
9,0.1-2,0.998896384305421,0.942148515,1.291811881,-1.515207921
9,0.1-2,0.7090841812554077,0.563346535,1.291811881,-1.515207921
9,0.1-2,0.434919431855298,0.398227723,1.291811881,-1.515207921
9,0.1-2,0.4803334117640484,0.475930693,1.291811881,-1.515207921
9,0.1-2,0.4850752774315718,0.45650495,1.291811881,-1.515207921
9,0.1-2,0.4246733185115678,0.466217822,1.291811881,-1.515207921
9,0.1-2,0.3969294339303193,0.320524752,1.291811881,-1.515207921
9,0.1-2,0.2808542101629334,0.369089109,1.291811881,-1.515207921
9,0.1-2,0.1799556530919022,0.106841584,1.291811881,-1.515207921
9,0.1-2,0.0483987100956329,-0.019425743,1.291811881,-1.515207921
9,0.1-2,-0.0200994314576475,-0.203970297,1.291811881,-1.515207921
9,0.1-2,-0.1657350737659427,-0.233108911,1.291811881,-1.515207921
9,0.1-2,-0.262352224357713,-0.407940594,1.291811881,-1.515207921
9,0.1-2,-0.4155191044037017,-0.495356436,1.291811881,-1.515207921
9,0.1-2,-0.5299587078637757,-0.650762376,1.291811881,-1.515207921
9,0.1-2,-0.621941564377895,-0.67990099,1.291811881,-1.515207921
9,0.1-2,-0.6918356444150272,-0.825594059,1.291811881,-1.515207921
9,0.1-2,-0.7774759769443075,-0.874158416,1.291811881,-1.515207921
9,0.1-2,-0.9073941133991932,-1.039277228,1.291811881,-1.515207921
9,0.1-2,-1.0230708137726396,-1.097554455,1.291811881,-1.515207921
9,0.1-2,-1.1087949958535217,-1.184970297,1.291811881,-1.515207921
9,0.1-2,-1.2349642529473372,-1.388940594,1.291811881,-1.515207921
9,0.1-2,-1.255089095538144,-1.223821782,1.291811881,-1.515207921
9,0.1-2,-0.8955196591053305,-0.932435644,1.291811881,-1.515207921
9,0.1-2,-0.6460864319905251,-0.67990099,1.291811881,-1.515207921
9,0.1-2,-0.5627198995746058,-0.670188119,1.291811881,-1.515207921
9,0.1-2,-0.6834234982879348,-0.718752475,1.291811881,-1.515207921
9,0.1-2,-0.7089997615807057,-0.796455446,1.291811881,-1.515207921
9,0.1-2,-0.7455326042845841,-0.777029703,1.291811881,-1.515207921
9,0.1-2,-0.6049678845353685,-0.728465347,1.291811881,-1.515207921
9,0.1-2,-0.4871473296392116,-0.563346535,1.291811881,-1.515207921
9,0.1-2,-0.3697299791571812,-0.437079208,1.291811881,-1.515207921
9,0.1-2,-0.3141466064084143,-0.349663366,1.291811881,-1.515207921
9,0.1-2,-0.1929745878887077,-0.320524752,1.291811881,-1.515207921
9,0.1-2,-0.1031629514530911,-0.116554455,1.291811881,-1.515207921
9,0.1-2,0.0241803000286892,-0.038851485,1.291811881,-1.515207921
9,0.1-2,0.129858185706934,0.165118812,1.291811881,-1.515207921
9,0.1-2,0.2329654981606499,0.203970297,1.291811881,-1.515207921
9,0.1-2,0.377273970778333,0.437079208,1.291811881,-1.515207921
9,0.1-2,0.6207519233531106,0.60219802,1.291811881,-1.515207921
9,0.1-2,0.6621931542052488,0.592485149,1.291811881,-1.515207921
9,0.1-2,0.6406119881298162,0.592485149,1.291811881,-1.515207921
9,0.1-2,0.7880197392800984,0.815881188,1.291811881,-1.515207921
9,0.1-2,0.8165214772990628,0.767316832,1.291811881,-1.515207921
9,0.1-2,0.9609588897611164,0.961574257,1.291811881,-1.515207921
9,0.1-2,0.974478435816906,0.922722772,1.291811881,-1.515207921
9,0.1-2,0.9824587629873044,1.048990099,1.291811881,-1.515207921
9,0.1-2,1.0996022183921297,1.019851485,1.291811881,-1.515207921
9,0.1-2,1.1287369781681147,1.175257426,1.291811881,-1.515207921
9,0.1-2,1.199287563630416,1.146118812,1.291811881,-1.515207921
9,0.1-2,1.0559130965593946,0.961574257,1.291811881,-1.515207921
9,0.1-2,0.7164007480754534,0.563346535,1.291811881,-1.515207921
9,0.1-2,0.4821423038422613,0.446792079,1.291811881,-1.515207921
9,0.1-2,0.4371386464715851,0.398227723,1.291811881,-1.515207921
9,0.1-2,0.4579466226507797,0.427366337,1.291811881,-1.515207921
9,0.1-2,0.4719859538065023,0.398227723,1.291811881,-1.515207921
9,0.1-2,0.4666662660321896,0.475930693,1.291811881,-1.515207921
9,0.1-2,0.346730900414054,0.281673267,1.291811881,-1.515207921
9,0.1-2,0.1841151720164609,0.106841584,1.291811881,-1.515207921
9,0.1-2,0.0912300430105535,-0.048564356,1.291811881,-1.515207921
9,0.1-2,-0.0822374484941595,-0.145693069,1.291811881,-1.515207921
9,0.1-2,-0.1580995078863472,-0.262247525,1.291811881,-1.515207921
9,0.1-2,-0.2601769133195969,-0.359376238,1.291811881,-1.515207921
9,0.1-2,-0.3565339720359148,-0.505069307,1.291811881,-1.515207921
9,0.1-2,-0.526112013807816,-0.631336634,1.291811881,-1.515207921
9,0.1-2,-0.6045886067226444,-0.660475248,1.291811881,-1.515207921
9,0.1-2,-0.7367490858938273,-0.815881188,1.291811881,-1.515207921
9,0.1-2,-0.8059965860280256,-0.864445545,1.291811881,-1.515207921
9,0.1-2,-0.9104380953605656,-0.990712871,1.291811881,-1.515207921
9,0.1-2,-1.0480919447000634,-1.05870297,1.291811881,-1.515207921
9,0.1-2,-1.102953653255871,-1.165544554,1.291811881,-1.515207921
9,0.1-2,-1.2174200388331249,-1.320950495,1.291811881,-1.515207921
9,0.1-2,-1.254664639180576,-1.28209901,1.291811881,-1.515207921
9,0.1-2,-0.997788019837673,-0.990712871,1.291811881,-1.515207921
9,0.1-2,-0.6284144155772231,-0.660475248,1.291811881,-1.515207921
9,0.1-2,-0.5506241791716933,-0.670188119,1.291811881,-1.515207921
9,0.1-2,-0.6797616093218465,-0.75760396,1.291811881,-1.515207921
9,0.1-2,-0.7093267689950992,-0.796455446,1.291811881,-1.515207921
9,0.1-2,-0.7579706168446143,-0.883871287,1.291811881,-1.515207921
9,0.1-2,-0.5622906038720966,-0.641049505,1.291811881,-1.515207921
9,0.1-2,-0.4716723119279223,-0.534207921,1.291811881,-1.515207921
9,0.1-2,-0.392472080264388,-0.398227723,1.291811881,-1.515207921
9,0.1-2,-0.3195988498460489,-0.417653465,1.291811881,-1.515207921
9,0.1-2,-0.2104049907338231,-0.271960396,1.291811881,-1.515207921
9,0.1-2,-0.0974179231430941,-0.174831683,1.291811881,-1.515207921
9,0.1-2,0.0768989074797484,-0.058277228,1.291811881,-1.515207921
9,0.1-2,0.1355191808295603,0.106841584,1.291811881,-1.515207921
9,0.1-2,0.2214883691078484,0.203970297,1.291811881,-1.515207921
9,0.1-2,0.375469608908142,0.398227723,1.291811881,-1.515207921
9,0.1-2,0.5956231147814603,0.563346535,1.291811881,-1.515207921
9,0.1-2,0.6548650625423282,0.631336634,1.291811881,-1.515207921
9,0.1-2,0.6106147033680634,0.611910891,1.291811881,-1.515207921
9,0.1-2,0.7604262180234418,0.767316832,1.291811881,-1.515207921
9,0.1-2,0.8485750478263822,0.815881188,1.291811881,-1.515207921
9,0.1-2,0.944922643895845,0.951861386,1.291811881,-1.515207921
9,0.1-2,0.9510257230960152,0.90329703,1.291811881,-1.515207921
9,0.1-2,1.0086916017242475,1.029564356,1.291811881,-1.515207921
9,0.1-2,1.0948019688307338,1.019851485,1.291811881,-1.515207921
9,0.1-2,1.12637725370219,1.136405941,1.291811881,-1.515207921
9,0.1-2,1.1799481400064262,1.155831683,1.291811881,-1.515207921
9,0.1-2,1.044822169504994,1.039277228,1.291811881,-1.515207921
9,0.1-2,0.7372522789439169,0.621623762,1.291811881,-1.515207921
9,0.1-2,0.5245968144557255,0.485643564,1.291811881,-1.515207921
9,0.1-2,0.4592736138800707,0.437079208,1.291811881,-1.515207921
9,0.1-2,0.4644986266760471,0.45650495,1.291811881,-1.515207921
9,0.1-2,0.4801567263017491,0.417653465,1.291811881,-1.515207921
9,0.1-2,0.4261741980370012,0.427366337,1.291811881,-1.515207921
9,0.1-2,0.3543768146495343,0.262247525,1.291811881,-1.515207921
9,0.1-2,0.2250215141571653,0.174831683,1.291811881,-1.515207921
9,0.1-2,0.0667103597756779,-0.029138614,1.291811881,-1.515207921
9,0.1-2,-0.039249937670381,-0.116554455,1.291811881,-1.515207921
9,0.1-2,-0.2252819061425352,-0.330237624,1.291811881,-1.515207921
9,0.1-2,-0.2819908473410483,-0.330237624,1.291811881,-1.515207921
9,0.1-2,-0.4244262522025535,-0.52449505,1.291811881,-1.515207921
9,0.1-2,-0.5106155634519789,-0.592485149,1.291811881,-1.515207921
9,0.1-2,-0.6176305319025683,-0.689613861,1.291811881,-1.515207921
9,0.1-2,-0.6703058405289031,-0.718752475,1.291811881,-1.515207921
9,0.1-2,-0.8392910798991998,-0.942148515,1.291811881,-1.515207921
9,0.1-2,-0.8906105306887268,-0.951861386,1.291811881,-1.515207921
9,0.1-2,-1.0060049491494862,-1.039277228,1.291811881,-1.515207921
9,0.1-2,-1.042130176019794,-1.155831683,1.291811881,-1.515207921
9,0.1-2,-1.1571808315901446,-1.330663366,1.291811881,-1.515207921
9,0.1-2,-1.2830569291427525,-1.252960396,1.291811881,-1.515207921
9,0.1-2,-0.8924001714577966,-0.981,1.291811881,-1.515207921
9,0.1-2,-0.6982679467112385,-0.738178218,1.291811881,-1.515207921
9,0.1-2,-0.5373741704296109,-0.67990099,1.291811881,-1.515207921
9,0.1-2,-0.7087828925777534,-0.777029703,1.291811881,-1.515207921
9,0.1-2,-0.6744310162708894,-0.767316832,1.291811881,-1.515207921
9,0.1-2,-0.7277194623565155,-0.825594059,1.291811881,-1.515207921
9,0.1-2,-0.5544539004353806,-0.611910891,1.291811881,-1.515207921
9,0.1-2,-0.5149395826229425,-0.60219802,1.291811881,-1.515207921
9,0.1-2,-0.4380782420865244,-0.417653465,1.291811881,-1.515207921
9,0.1-2,-0.3007453371251752,-0.427366337,1.291811881,-1.515207921
9,0.1-2,-0.262080695163698,-0.233108911,1.291811881,-1.515207921
9,0.1-2,-0.0787539531113954,-0.194257426,1.291811881,-1.515207921
9,0.1-2,0.0194788947368122,0.0,1.291811881,-1.515207921
9,0.1-2,0.1530785903127833,0.07770297,1.291811881,-1.515207921
9,0.1-2,0.2417578688623503,0.271960396,1.291811881,-1.515207921
9,0.1-2,0.4217898725206565,0.407940594,1.291811881,-1.515207921
9,0.1-2,0.5636511671001208,0.592485149,1.291811881,-1.515207921
9,0.1-2,0.6457380650400116,0.650762376,1.291811881,-1.515207921
9,0.1-2,0.6653242406312158,0.699326733,1.291811881,-1.515207921
9,0.1-2,0.7723565896150926,0.777029703,1.291811881,-1.515207921
9,0.1-2,0.8421523487802277,0.845019802,1.291811881,-1.515207921
9,0.1-2,0.9308279430285392,0.90329703,1.291811881,-1.515207921
9,0.1-2,0.9763062955978448,0.951861386,1.291811881,-1.515207921
9,0.1-2,0.9902668653291268,0.961574257,1.291811881,-1.515207921
9,0.1-2,1.1423096777237371,1.068415842,1.291811881,-1.515207921
9,0.1-2,1.0723048649261733,1.05870297,1.291811881,-1.515207921
9,0.1-2,1.1801474454565988,1.175257426,1.291811881,-1.515207921
9,0.1-2,1.0576335877479324,1.010138614,1.291811881,-1.515207921
9,0.1-2,0.7185426795995608,0.650762376,1.291811881,-1.515207921
9,0.1-2,0.4735577330410567,0.505069307,1.291811881,-1.515207921
9,0.1-2,0.4584518934396469,0.437079208,1.291811881,-1.515207921
9,0.1-2,0.5313112061316368,0.534207921,1.291811881,-1.515207921
9,0.1-2,0.460331361042854,0.466217822,1.291811881,-1.515207921
9,0.1-2,0.4123311008148832,0.398227723,1.291811881,-1.515207921
9,0.1-2,0.3616808074804219,0.262247525,1.291811881,-1.515207921
9,0.1-2,0.2174394250820349,0.252534653,1.291811881,-1.515207921
9,0.1-2,0.0736728554606989,-0.019425743,1.291811881,-1.515207921
9,0.1-2,-0.0633582906944327,-0.087415842,1.291811881,-1.515207921
9,0.1-2,-0.163470504131876,-0.291386139,1.291811881,-1.515207921
9,0.1-2,-0.224441290399203,-0.233108911,1.291811881,-1.515207921
9,0.1-2,-0.4029475150521804,-0.543920792,1.291811881,-1.515207921
9,0.1-2,-0.5376547359761585,-0.543920792,1.291811881,-1.515207921
9,0.1-2,-0.617074683434862,-0.796455446,1.291811881,-1.515207921
9,0.1-2,-0.6752218447018951,-0.699326733,1.291811881,-1.515207921
9,0.1-2,-0.7872748097781982,-0.951861386,1.291811881,-1.515207921
9,0.1-2,-0.890258617533398,-0.942148515,1.291811881,-1.515207921
9,0.1-2,-0.9819348936213752,-1.136405941,1.291811881,-1.515207921
9,0.1-2,-1.020952515009212,-1.078128713,1.291811881,-1.515207921
9,0.1-2,-1.1704131372397522,-1.427792079,1.291811881,-1.515207921
9,0.1-2,-1.2339036660100933,-1.233534653,1.291811881,-1.515207921
9,0.1-2,-0.9831469536979188,-1.068415842,1.291811881,-1.515207921
9,0.1-2,-0.6825003970045964,-0.650762376,1.291811881,-1.515207921
9,0.1-2,-0.5646512377397189,-0.699326733,1.291811881,-1.515207921
9,0.1-2,-0.6686658772681304,-0.718752475,1.291811881,-1.515207921
9,0.1-2,-0.7555038204351086,-0.854732673,1.291811881,-1.515207921
9,0.1-2,-0.7615591315196913,-0.864445545,1.291811881,-1.515207921
9,0.1-2,-0.5941895899124026,-0.670188119,1.291811881,-1.515207921
9,0.1-2,-0.468161657224759,-0.543920792,1.291811881,-1.515207921
9,0.1-2,-0.3636690893582274,-0.437079208,1.291811881,-1.515207921
9,0.1-2,-0.3295894199993693,-0.407940594,1.291811881,-1.515207921
9,0.1-2,-0.2158830253535255,-0.291386139,1.291811881,-1.515207921
9,0.1-2,-0.1036720799843195,-0.194257426,1.291811881,-1.515207921
9,0.1-2,0.057096374096779,-0.009712871,1.291811881,-1.515207921
9,0.1-2,0.14551044823988,0.106841584,1.291811881,-1.515207921
9,0.1-2,0.2781845989245059,0.291386139,1.291811881,-1.515207921
9,0.1-2,0.3893454683731004,0.291386139,1.291811881,-1.515207921
9,0.1-2,0.6085137349667998,0.592485149,1.291811881,-1.515207921
9,0.1-2,0.6626759364001045,0.60219802,1.291811881,-1.515207921
9,0.1-2,0.6298347987758923,0.670188119,1.291811881,-1.515207921
9,0.1-2,0.7578690203774535,0.747891089,1.291811881,-1.515207921
9,0.1-2,0.7958812883120204,0.883871287,1.291811881,-1.515207921
9,0.1-2,0.8952013422965119,0.913009901,1.291811881,-1.515207921
9,0.1-2,0.947229947930852,0.971287129,1.291811881,-1.515207921
9,0.1-2,1.0305655287452389,1.000425743,1.291811881,-1.515207921
9,0.1-2,1.019616294726952,1.029564356,1.291811881,-1.515207921
9,0.1-2,1.0944714443111934,1.048990099,1.291811881,-1.515207921
9,0.1-2,1.2145728665979538,1.20439604,1.291811881,-1.515207921
9,0.1-2,1.0780674310315497,1.010138614,1.291811881,-1.515207921
9,0.1-2,0.7369191765673097,0.660475248,1.291811881,-1.515207921
9,0.1-2,0.4845868415980005,0.407940594,1.291811881,-1.515207921
9,0.1-2,0.5182175425561553,0.466217822,1.291811881,-1.515207921
9,0.1-2,0.4864823428705331,0.466217822,1.291811881,-1.515207921
9,0.1-2,0.4741332475938154,0.475930693,1.291811881,-1.515207921
9,0.1-2,0.4231275446131208,0.388514851,1.291811881,-1.515207921
9,0.1-2,0.3500536931727257,0.262247525,1.291811881,-1.515207921
9,0.1-2,0.1966678028539499,0.203970297,1.291811881,-1.515207921
9,0.1-2,0.080042015593156,0.0,1.291811881,-1.515207921
9,0.1-2,-0.0110438030524673,-0.097128713,1.291811881,-1.515207921
9,0.1-2,-0.1705141396690423,-0.281673267,1.291811881,-1.515207921
9,0.1-2,-0.2498040017789069,-0.271960396,1.291811881,-1.515207921
9,0.1-2,-0.4121665987578928,-0.475930693,1.291811881,-1.515207921
9,0.1-2,-0.5327169042221893,-0.563346535,1.291811881,-1.515207921
9,0.1-2,-0.6613379883392142,-0.767316832,1.291811881,-1.515207921
9,0.1-2,-0.6864462338735847,-0.728465347,1.291811881,-1.515207921
9,0.1-2,-0.7737250788907769,-0.932435644,1.291811881,-1.515207921
9,0.1-2,-0.9000027345563666,-0.951861386,1.291811881,-1.515207921
9,0.1-2,-0.9865968410862014,-1.126693069,1.291811881,-1.515207921
9,0.1-2,-1.0878464842760571,-1.078128713,1.291811881,-1.515207921
9,0.1-2,-1.247820162931903,-1.456930693,1.291811881,-1.515207921
9,0.1-2,-1.2966933502336198,-1.20439604,1.291811881,-1.515207921
9,0.1-2,-0.9107248608480212,-1.068415842,1.291811881,-1.515207921
9,0.1-2,-0.6597236166309167,-0.621623762,1.291811881,-1.515207921
9,0.1-2,-0.5399948023041498,-0.75760396,1.291811881,-1.515207921
9,0.1-2,-0.6953440286229793,-0.660475248,1.291811881,-1.515207921
9,0.1-2,-0.7267903301859602,-0.835306931,1.291811881,-1.515207921
9,0.1-2,-0.7462456201445571,-0.815881188,1.291811881,-1.515207921
9,0.1-2,-0.6052650551404849,-0.689613861,1.291811881,-1.515207921
9,0.1-2,-0.4924286452364643,-0.485643564,1.291811881,-1.515207921
9,0.1-2,-0.3609756996980736,-0.437079208,1.291811881,-1.515207921
9,0.1-2,-0.2947045256175206,-0.37880198,1.291811881,-1.515207921
9,0.1-2,-0.2383837004376661,-0.30109901,1.291811881,-1.515207921
9,0.1-2,-0.0824122164657173,-0.126267327,1.291811881,-1.515207921
9,0.1-2,0.0488408275041244,0.019425743,1.291811881,-1.515207921
9,0.1-2,0.1037810634334365,0.07770297,1.291811881,-1.515207921
9,0.1-2,0.221668432214239,0.22339604,1.291811881,-1.515207921
9,0.1-2,0.3431636735136598,0.310811881,1.291811881,-1.515207921
9,0.1-2,0.5955181586579047,0.592485149,1.291811881,-1.515207921
9,0.1-2,0.6837364476770678,0.621623762,1.291811881,-1.515207921
9,0.1-2,0.6748822136557722,0.641049505,1.291811881,-1.515207921
9,0.1-2,0.7621697812694158,0.777029703,1.291811881,-1.515207921
9,0.1-2,0.8506362013337582,0.825594059,1.291811881,-1.515207921
9,0.1-2,0.90214686634247,0.922722772,1.291811881,-1.515207921
9,0.1-2,0.9965279798179014,0.990712871,1.291811881,-1.515207921
9,0.1-2,1.0676872979867418,1.048990099,1.291811881,-1.515207921
9,0.1-2,1.102629001827329,1.048990099,1.291811881,-1.515207921
9,0.1-2,1.100000138235289,1.126693069,1.291811881,-1.515207921
9,0.1-2,1.252872406093822,1.233534653,1.291811881,-1.515207921
9,0.1-2,1.0362104202037834,0.90329703,1.291811881,-1.515207921
9,0.1-2,0.6872758546003759,0.641049505,1.291811881,-1.515207921
9,0.1-2,0.4819227624065907,0.37880198,1.291811881,-1.515207921
9,0.1-2,0.4816070173401276,0.45650495,1.291811881,-1.515207921
9,0.1-2,0.5251969895288806,0.437079208,1.291811881,-1.515207921
9,0.1-2,0.4314223315583099,0.446792079,1.291811881,-1.515207921
9,0.1-2,0.403594514775544,0.37880198,1.291811881,-1.515207921
9,0.1-2,0.295689028505708,0.291386139,1.291811881,-1.515207921
9,0.1-2,0.2037255156439746,0.135980198,1.291811881,-1.515207921
9,0.1-2,0.0168751925794676,-0.048564356,1.291811881,-1.515207921
9,0.1-2,-0.1006886566727781,-0.184544554,1.291811881,-1.515207921
9,0.1-2,-0.2827901076244744,-0.359376238,1.291811881,-1.515207921
9,0.1-2,-0.3554597742278637,-0.437079208,1.291811881,-1.515207921
9,0.1-2,-0.5421708549029406,-0.650762376,1.291811881,-1.515207921
9,0.1-2,-0.7005977078055486,-0.699326733,1.291811881,-1.515207921
9,0.1-2,-0.7270066008877416,-0.854732673,1.291811881,-1.515207921
9,0.1-2,-0.796142817437311,-0.835306931,1.291811881,-1.515207921
9,0.1-2,-0.829016118197179,-0.961574257,1.291811881,-1.515207921
9,0.1-2,-0.9533852575053609,-0.942148515,1.291811881,-1.515207921
9,0.1-2,-0.9084295960332254,-1.087841584,1.291811881,-1.515207921
9,0.1-2,-1.1304113463057202,-1.116980198,1.291811881,-1.515207921
9,0.1-2,-1.189267746460215,-1.311237624,1.291811881,-1.515207921
9,0.1-2,-0.972855667017782,-1.010138614,1.291811881,-1.515207921
9,0.1-2,-0.6315959477228623,-0.786742574,1.291811881,-1.515207921
9,0.1-2,-0.4691176254770081,-0.446792079,1.291811881,-1.515207921
9,0.1-2,-0.4606247948144649,-0.582772277,1.291811881,-1.515207921
9,0.1-2,-0.5651689891576978,-0.563346535,1.291811881,-1.515207921
9,0.1-2,-0.5199522390443059,-0.67990099,1.291811881,-1.515207921
9,0.1-2,-0.4700653610264336,-0.437079208,1.291811881,-1.515207921
9,0.1-2,-0.3380004568623259,-0.514782178,1.291811881,-1.515207921
9,0.1-2,-0.2494439011043333,-0.233108911,1.291811881,-1.515207921
9,0.1-2,-0.2083407496394306,-0.369089109,1.291811881,-1.515207921
9,0.1-2,-0.1476960995079933,-0.145693069,1.291811881,-1.515207921
9,0.1-2,0.0153608341736712,-0.145693069,1.291811881,-1.515207921
9,0.1-2,0.0621533571399758,0.07770297,1.291811881,-1.515207921
9,0.1-2,0.1821958372553911,0.07770297,1.291811881,-1.515207921
9,0.1-2,0.2213655991501027,0.252534653,1.291811881,-1.515207921
9,0.1-2,0.3374145054814743,0.233108911,1.291811881,-1.515207921
9,0.1-2,0.4366275125124743,0.45650495,1.291811881,-1.515207921
9,0.1-2,0.5107080301139453,0.437079208,1.291811881,-1.515207921
9,0.1-2,0.602176811535242,0.60219802,1.291811881,-1.515207921
9,0.1-2,0.6625992058540725,0.631336634,1.291811881,-1.515207921
9,0.1-2,0.6406797348850893,0.650762376,1.291811881,-1.515207921
9,0.1-2,0.6287709647199003,0.553633663,1.291811881,-1.515207921
9,0.1-2,0.6251519579044945,0.631336634,1.291811881,-1.515207921
9,0.1-2,0.6462115563151244,0.641049505,1.291811881,-1.515207921
9,0.1-2,0.6627277894045914,0.670188119,1.291811881,-1.515207921
9,0.1-2,0.7201971665558453,0.718752475,1.291811881,-1.515207921
9,0.1-2,0.6944156337350694,0.660475248,1.291811881,-1.515207921
9,0.1-2,0.6829907465857598,0.660475248,1.291811881,-1.515207921
9,0.1-2,0.4714705551097674,0.359376238,1.291811881,-1.515207921
9,0.1-2,0.2933544275111998,0.242821782,1.291811881,-1.515207921
9,0.1-2,0.2039809324822496,0.155405941,1.291811881,-1.515207921
9,0.1-2,0.2058426781221981,0.135980198,1.291811881,-1.515207921
9,0.1-2,0.1874557874165097,0.165118812,1.291811881,-1.515207921
9,0.1-2,0.155724899705931,0.145693069,1.291811881,-1.515207921
9,0.1-2,0.0331864064588941,-0.087415842,1.291811881,-1.515207921
9,0.1-2,0.0065037037181366,-0.067990099,1.291811881,-1.515207921
9,0.1-2,-0.045934626759624,-0.165118812,1.291811881,-1.515207921
9,0.1-2,-0.1193421351111925,-0.145693069,1.291811881,-1.515207921
9,0.1-2,-0.1911278680492857,-0.271960396,1.291811881,-1.515207921
9,0.1-2,-0.2366994336844551,-0.320524752,1.291811881,-1.515207921
9,0.1-2,-0.2632168558090704,-0.388514851,1.291811881,-1.515207921
9,0.1-2,-0.3520763577137654,-0.417653465,1.291811881,-1.515207921
9,0.1-2,-0.3658501231108568,-0.437079208,1.291811881,-1.515207921
9,0.1-2,-0.4653929319528905,-0.495356436,1.291811881,-1.515207921
9,0.1-2,-0.4511285942873987,-0.485643564,1.291811881,-1.515207921
9,0.1-2,-0.5209612159031202,-0.641049505,1.291811881,-1.515207921
9,0.1-2,-0.672704562430809,-0.747891089,1.291811881,-1.515207921
9,0.1-2,-0.615129602479548,-0.699326733,1.291811881,-1.515207921
9,0.1-2,-0.3652988945374907,-0.37880198,1.291811881,-1.515207921
9,0.1-2,-0.2312375759154332,-0.291386139,1.291811881,-1.515207921
9,0.1-2,-0.2897893646943921,-0.30109901,1.291811881,-1.515207921
9,0.1-2,-0.2550332104452441,-0.388514851,1.291811881,-1.515207921
9,0.1-2,-0.3127639105984798,-0.291386139,1.291811881,-1.515207921
9,0.1-2,-0.1737798209163761,-0.291386139,1.291811881,-1.515207921
9,0.1-2,-0.1188636163753293,-0.126267327,1.291811881,-1.515207921
9,0.1-2,-0.043453924486571,-0.184544554,1.291811881,-1.515207921
9,0.1-2,-0.0668510277973892,-0.087415842,1.291811881,-1.515207921
9,0.1-2,-0.0372241148476168,-0.145693069,1.291811881,-1.515207921
9,0.1-2,-0.0821396416113282,-0.058277228,1.291811881,-1.515207921
9,0.1-2,0.0228604285572879,-0.07770297,1.291811881,-1.515207921
9,0.1-2,0.0844019600057106,0.038851485,1.291811881,-1.515207921
9,0.1-2,0.1549177509295781,0.048564356,1.291811881,-1.515207921
9,0.1-2,0.1136687510981714,0.165118812,1.291811881,-1.515207921
9,0.1-2,0.1573839236103936,0.0,1.291811881,-1.515207921
9,0.1-2,0.1470785944732892,0.203970297,1.291811881,-1.515207921
9,0.1-2,0.245875123898854,0.116554455,1.291811881,-1.515207921
9,0.1-2,0.2105112295012254,0.310811881,1.291811881,-1.515207921
9,0.1-2,0.2690928031368332,0.184544554,1.291811881,-1.515207921
9,0.1-2,0.2235815585965044,0.30109901,1.291811881,-1.515207921
9,0.1-2,0.2416736553922804,0.106841584,1.291811881,-1.515207921
9,0.1-2,0.2357015064535952,0.291386139,1.291811881,-1.515207921
9,0.1-2,0.2700043768602106,0.155405941,1.291811881,-1.515207921
9,0.1-2,0.1563838139655065,0.203970297,1.291811881,-1.515207921
9,0.1-2,0.1739651562340738,0.135980198,1.291811881,-1.515207921
9,0.1-2,0.1575811783190468,0.184544554,1.291811881,-1.515207921
9,0.1-2,0.1559118324752322,0.038851485,1.291811881,-1.515207921
9,0.1-2,0.0736600603889123,0.0,1.291811881,-1.515207921
9,0.1-2,0.0233894689186035,-0.067990099,1.291811881,-1.515207921
9,0.1-2,0.0156783403447729,-0.048564356,1.291811881,-1.515207921
9,0.1-2,0.028642820658695,-0.07770297,1.291811881,-1.515207921
9,0.1-2,0.0045008897051593,-0.07770297,1.291811881,-1.515207921
9,0.1-2,-0.0306787419009803,-0.116554455,1.291811881,-1.515207921
9,0.1-2,-0.1223307723147906,-0.242821782,1.291811881,-1.515207921
9,0.1-2,-0.1246019878117341,-0.203970297,1.291811881,-1.515207921
9,0.1-2,-0.1334760234452361,-0.271960396,1.291811881,-1.515207921
9,0.1-2,-0.134780146499874,-0.233108911,1.291811881,-1.515207921
9,0.1-2,-0.1567803279389792,-0.22339604,1.291811881,-1.515207921
9,0.1-2,-0.0453437013046412,-0.097128713,1.291811881,-1.515207921
9,0.1-2,-0.049878458981469,-0.116554455,1.291811881,-1.515207921
9,0.1-2,0.0819601066875164,-0.019425743,1.291811881,-1.515207921
9,0.1-2,-0.0193379319101355,-0.058277228,1.291811881,-1.515207921
9,0.1-2,0.0430901711446225,-0.038851485,1.291811881,-1.515207921
9,0.1-2,-0.0442532935232007,-0.106841584,1.291811881,-1.515207921
9,0.1-2,0.0148176387412779,-0.048564356,1.291811881,-1.515207921
9,0.1-2,-0.0023819509912012,-0.087415842,1.291811881,-1.515207921
9,0.1-2,0.0474599608093719,0.0,1.291811881,-1.515207921
9,0.1-2,-0.0189421185458859,-0.048564356,1.291811881,-1.515207921
9,0.1-2,0.0481817194070912,-0.048564356,1.291811881,-1.515207921
9,0.1-2,-0.0204148512928126,-0.048564356,1.291811881,-1.515207921
9,0.1-2,0.0383731432579379,-0.067990099,1.291811881,-1.515207921
9,0.1-2,0.0276341582374414,-0.07770297,1.291811881,-1.515207921
9,0.1-2,0.0106481224320094,-0.087415842,1.291811881,-1.515207921
9,0.1-2,0.0240959811211753,-0.048564356,1.291811881,-1.515207921
9,0.1-2,0.0267125414202701,0.0,1.291811881,-1.515207921
9,0.1-2,0.0380992547041438,-0.029138614,1.291811881,-1.515207921
9,0.1-2,0.027909678413547,-0.067990099,1.291811881,-1.515207921
9,0.1-2,0.0303476963011839,0.0,1.291811881,-1.515207921
9,0.1-2,0.0348856023149513,-0.048564356,1.291811881,-1.515207921
9,0.1-2,0.0283875826875076,-0.029138614,1.291811881,-1.515207921
9,0.1-2,0.0229084292501063,-0.087415842,1.291811881,-1.515207921
9,0.1-2,-0.0009264898255973,-0.009712871,1.291811881,-1.515207921
9,0.1-2,0.0007025384745953,-0.116554455,1.291811881,-1.515207921
9,0.1-2,-0.0080785148044,0.0,1.291811881,-1.515207921
9,0.1-2,0.0453426117759023,-0.116554455,1.291811881,-1.515207921
9,0.1-2,-0.0234233586010058,-0.019425743,1.291811881,-1.515207921
9,0.1-2,0.050439963200068,-0.058277228,1.291811881,-1.515207921
9,0.1-2,0.0126539476906201,0.009712871,1.291811881,-1.515207921
9,0.1-2,0.0013528970615604,-0.067990099,1.291811881,-1.515207921
9,0.1-2,-0.0040499402306147,-0.009712871,1.291811881,-1.515207921
9,0.1-2,0.0079742165894023,-0.106841584,1.291811881,-1.515207921
9,0.1-2,0.0332441107798549,0.009712871,1.291811881,-1.515207921
9,0.1-2,0.0221482294754542,-0.087415842,1.291811881,-1.515207921
9,0.1-2,0.0147317055042371,-0.067990099,1.291811881,-1.515207921
9,0.1-2,0.0421169096164258,-0.048564356,1.291811881,-1.515207921
9,0.1-2,-0.0013076918009429,-0.038851485,1.291811881,-1.515207921
9,0.1-2,0.0476835342369295,-0.067990099,1.291811881,-1.515207921
9,0.1-2,0.0261605152846005,-0.029138614,1.291811881,-1.515207921
9,0.1-2,0.0516835813587268,-0.009712871,1.291811881,-1.515207921
9,0.1-2,-0.0242332217105064,-0.038851485,1.291811881,-1.515207921
9,0.1-2,0.0452326561840719,-0.029138614,1.291811881,-1.515207921
9,0.1-2,-0.018505591698949,-0.048564356,1.291811881,-1.515207921
9,0.1-2,0.0200794325367993,-0.087415842,1.291811881,-1.515207921
9,0.1-2,-0.0213306715644433,-0.058277228,1.291811881,-1.515207921
9,0.1-2,0.0386611590988537,-0.038851485,1.291811881,-1.515207921
9,0.1-2,0.0091308299712489,-0.07770297,1.291811881,-1.515207921
9,0.1-2,0.0058091146789619,-0.106841584,1.291811881,-1.515207921
9,0.1-2,-0.0043422986797918,-0.058277228,1.291811881,-1.515207921
9,0.1-2,0.0054598562107612,0.019425743,1.291811881,-1.515207921
9,0.1-2,-0.0150089517343828,-0.126267327,1.291811881,-1.515207921
9,0.1-2,-0.0041271953100448,-0.019425743,1.291811881,-1.515207921
10,0.1-2,-0.030048465057018,-0.029138614,1.291811881,-1.515207921
10,0.1-2,0.0031987344058465,-0.097128713,1.291811881,-1.515207921
10,0.1-2,0.0008383176621004,-0.067990099,1.291811881,-1.515207921
10,0.1-2,-0.0138489617133426,-0.135980198,1.291811881,-1.515207921
10,0.1-2,-0.004559130180108,0.0,1.291811881,-1.515207921
10,0.1-2,0.0021161968417648,-0.106841584,1.291811881,-1.515207921
10,0.1-2,-0.003285300450087,-0.058277228,1.291811881,-1.515207921
10,0.1-2,-0.0196329723841882,-0.07770297,1.291811881,-1.515207921
10,0.1-2,0.0084898977389657,-0.038851485,1.291811881,-1.515207921
10,0.1-2,-0.0170192620855704,-0.067990099,1.291811881,-1.515207921
10,0.1-2,0.0041970021288917,-0.087415842,1.291811881,-1.515207921
10,0.1-2,0.009981384933674,-0.07770297,1.291811881,-1.515207921
10,0.1-2,0.0095441965551613,-0.058277228,1.291811881,-1.515207921
10,0.1-2,0.0155070586341737,-0.07770297,1.291811881,-1.515207921
10,0.1-2,-0.0024621833764688,-0.019425743,1.291811881,-1.515207921
10,0.1-2,-0.0174673470088364,-0.106841584,1.291811881,-1.515207921
10,0.1-2,0.0014937828749028,-0.087415842,1.291811881,-1.515207921
10,0.1-2,-0.0162319360562184,-0.029138614,1.291811881,-1.515207921
10,0.1-2,-0.0047516847839688,-0.048564356,1.291811881,-1.515207921
10,0.1-2,-0.0184458349970251,-0.067990099,1.291811881,-1.515207921
10,0.1-2,0.0181468483947688,-0.07770297,1.291811881,-1.515207921
10,0.1-2,-0.0116630186461706,-0.067990099,1.291811881,-1.515207921
10,0.1-2,-0.0114325955335375,-0.106841584,1.291811881,-1.515207921
10,0.1-2,0.0078360246948874,-0.067990099,1.291811881,-1.515207921
10,0.1-2,-0.0052255564928397,-0.058277228,1.291811881,-1.515207921
10,0.1-2,-0.0076815159340114,0.0,1.291811881,-1.515207921
10,0.1-2,-0.0070637470753835,-0.067990099,1.291811881,-1.515207921
10,0.1-2,-0.0061120629859854,0.038851485,1.291811881,-1.515207921
10,0.1-2,0.0015143586793193,-0.067990099,1.291811881,-1.515207921
10,0.1-2,-0.0101209139460171,-0.038851485,1.291811881,-1.515207921
10,0.1-2,-0.0278304786111929,-0.07770297,1.291811881,-1.515207921
10,0.1-2,-0.0139209524592468,0.009712871,1.291811881,-1.515207921
10,0.1-2,0.0064605797011194,-0.07770297,1.291811881,-1.515207921
10,0.1-2,-0.0093939818259463,-0.087415842,1.291811881,-1.515207921
10,0.1-2,0.0029878062764316,-0.087415842,1.291811881,-1.515207921
10,0.1-2,0.0133874008079899,-0.029138614,1.291811881,-1.515207921
10,0.1-2,-0.0041362794104663,-0.07770297,1.291811881,-1.515207921
10,0.1-2,-0.0196246599813689,-0.038851485,1.291811881,-1.515207921
10,0.1-2,-0.0129191011377592,-0.038851485,1.291811881,-1.515207921
10,0.1-2,-0.0211112141248761,-0.067990099,1.291811881,-1.515207921
10,0.1-2,0.0012323164026785,0.038851485,1.291811881,-1.515207921
10,0.1-2,-0.0141987993484797,0.165118812,1.291811881,-1.515207921
10,0.1-2,-0.0187712799880776,0.262247525,1.291811881,-1.515207921
10,0.1-2,0.0093575182758123,0.194257426,1.291811881,-1.515207921
10,0.1-2,0.1103453008482313,0.058277228,1.291811881,-1.515207921
10,0.1-2,0.2146129939370906,-0.106841584,1.291811881,-1.515207921
10,0.1-2,0.3039777123229689,-0.106841584,1.291811881,-1.515207921
10,0.1-2,0.2213241337242583,-0.135980198,1.291811881,-1.515207921
10,0.1-2,0.1075313393146212,-0.009712871,1.291811881,-1.515207921
10,0.1-2,-0.0385572303765665,-0.126267327,1.291811881,-1.515207921
10,0.1-2,-0.076654449047545,-0.145693069,1.291811881,-1.515207921
10,0.1-2,-0.0648975308953038,-0.339950495,1.291811881,-1.515207921
10,0.1-2,-0.0199389298191958,-0.213683168,1.291811881,-1.515207921
10,0.1-2,-0.056092339824658,-0.349663366,1.291811881,-1.515207921
10,0.1-2,-0.1376258059869054,-0.262247525,1.291811881,-1.515207921
10,0.1-2,-0.2292224847564094,-0.310811881,1.291811881,-1.515207921
10,0.1-2,-0.2343466649744763,-0.271960396,1.291811881,-1.515207921
10,0.1-2,-0.2380987387737806,-0.45650495,1.291811881,-1.515207921
10,0.1-2,-0.1936033432598179,-0.369089109,1.291811881,-1.515207921
10,0.1-2,-0.2199269752466536,-0.398227723,1.291811881,-1.515207921
10,0.1-2,-0.2745114554741196,-0.271960396,1.291811881,-1.515207921
10,0.1-2,-0.3273107709827538,-0.203970297,1.291811881,-1.515207921
10,0.1-2,-0.2849496500284659,-0.106841584,1.291811881,-1.515207921
10,0.1-2,-0.2221124491108687,-0.203970297,1.291811881,-1.515207921
10,0.1-2,-0.1399383654546635,-0.203970297,1.291811881,-1.515207921
10,0.1-2,-0.0686485275449602,-0.203970297,1.291811881,-1.515207921
10,0.1-2,-0.037456246243527,-0.097128713,1.291811881,-1.515207921
10,0.1-2,-0.0593478494085353,-0.038851485,1.291811881,-1.515207921
10,0.1-2,-0.084912443216301,0.0,1.291811881,-1.515207921
10,0.1-2,-0.0801842243226185,0.009712871,1.291811881,-1.515207921
10,0.1-2,0.0320916693614841,0.019425743,1.291811881,-1.515207921
10,0.1-2,0.0790008931339687,0.087415842,1.291811881,-1.515207921
10,0.1-2,0.1147347395839257,0.174831683,1.291811881,-1.515207921
10,0.1-2,0.1064182759544871,0.291386139,1.291811881,-1.515207921
10,0.1-2,0.164220122926963,0.349663366,1.291811881,-1.515207921
10,0.1-2,0.2193296314615571,0.349663366,1.291811881,-1.515207921
10,0.1-2,0.3081470323589315,0.30109901,1.291811881,-1.515207921
10,0.1-2,0.3601072582822696,0.466217822,1.291811881,-1.515207921
10,0.1-2,0.4236020936903228,0.37880198,1.291811881,-1.515207921
10,0.1-2,0.4136640802293694,0.514782178,1.291811881,-1.515207921
10,0.1-2,0.485240933564771,0.446792079,1.291811881,-1.515207921
10,0.1-2,0.4424836101837031,0.553633663,1.291811881,-1.515207921
10,0.1-2,0.4336079572214588,0.45650495,1.291811881,-1.515207921
10,0.1-2,0.4430758379941469,0.310811881,1.291811881,-1.515207921
10,0.1-2,0.4540817650669974,0.087415842,1.291811881,-1.515207921
10,0.1-2,0.4850749289295457,0.106841584,1.291811881,-1.515207921
10,0.1-2,0.3811502390060552,0.106841584,1.291811881,-1.515207921
10,0.1-2,0.1522683464222935,0.22339604,1.291811881,-1.515207921
10,0.1-2,0.0046914455158919,0.145693069,1.291811881,-1.515207921
10,0.1-2,-0.0423195147082574,0.087415842,1.291811881,-1.515207921
10,0.1-2,0.0072135381829069,-0.106841584,1.291811881,-1.515207921
10,0.1-2,0.0663978363704218,-0.106841584,1.291811881,-1.515207921
10,0.1-2,0.0145258429691466,-0.145693069,1.291811881,-1.515207921
10,0.1-2,-0.1084759803458806,-0.22339604,1.291811881,-1.515207921
10,0.1-2,-0.2526557830495709,-0.339950495,1.291811881,-1.515207921
10,0.1-2,-0.2546759778756767,-0.45650495,1.291811881,-1.515207921
10,0.1-2,-0.2862739287640033,-0.495356436,1.291811881,-1.515207921
10,0.1-2,-0.3459718453026239,-0.611910891,1.291811881,-1.515207921
10,0.1-2,-0.4469171723288737,-0.611910891,1.291811881,-1.515207921
10,0.1-2,-0.5248064186297844,-0.67990099,1.291811881,-1.515207921
10,0.1-2,-0.5996311798908134,-0.893584158,1.291811881,-1.515207921
10,0.1-2,-0.6648927388318009,-1.000425743,1.291811881,-1.515207921
10,0.1-2,-0.6333261308426789,-0.592485149,1.291811881,-1.515207921
10,0.1-2,-0.6937940325303672,-0.689613861,1.291811881,-1.515207921
10,0.1-2,-0.9231447371873874,-0.505069307,1.291811881,-1.515207921
10,0.1-2,-0.7511176058843548,-0.592485149,1.291811881,-1.515207921
10,0.1-2,-0.4735229488767552,-0.534207921,1.291811881,-1.515207921
10,0.1-2,-0.418277610205207,-0.699326733,1.291811881,-1.515207921
10,0.1-2,-0.3012117351253619,-0.485643564,1.291811881,-1.515207921
10,0.1-2,-0.2873191141866742,-0.573059406,1.291811881,-1.515207921
10,0.1-2,-0.3299090247425605,-0.359376238,1.291811881,-1.515207921
10,0.1-2,-0.3310890930048965,-0.407940594,1.291811881,-1.515207921
10,0.1-2,-0.2420102593253277,-0.281673267,1.291811881,-1.515207921
10,0.1-2,-0.2058047313552321,-0.30109901,1.291811881,-1.515207921
10,0.1-2,-0.1016114718880183,-0.145693069,1.291811881,-1.515207921
10,0.1-2,-0.0148960625741515,-0.116554455,1.291811881,-1.515207921
10,0.1-2,0.0703487013710999,0.029138614,1.291811881,-1.515207921
10,0.1-2,0.1489231668097454,0.097128713,1.291811881,-1.515207921
10,0.1-2,0.1947120800350264,0.242821782,1.291811881,-1.515207921
10,0.1-2,0.2560757214986359,0.485643564,1.291811881,-1.515207921
10,0.1-2,0.3645070277469107,0.543920792,1.291811881,-1.515207921
10,0.1-2,0.4733889964849124,0.45650495,1.291811881,-1.515207921
10,0.1-2,0.6193643892123767,0.611910891,1.291811881,-1.515207921
10,0.1-2,0.8540739996583038,0.75760396,1.291811881,-1.515207921
10,0.1-2,0.799795185215776,0.747891089,1.291811881,-1.515207921
10,0.1-2,0.7045940563476988,0.835306931,1.291811881,-1.515207921
10,0.1-2,0.826998397558372,0.883871287,1.291811881,-1.515207921
10,0.1-2,0.8888183513674192,1.010138614,1.291811881,-1.515207921
10,0.1-2,0.8739438125708715,1.048990099,1.291811881,-1.515207921
10,0.1-2,0.9084001798511788,1.107267327,1.291811881,-1.515207921
10,0.1-2,0.9173074351697864,0.786742574,1.291811881,-1.515207921
10,0.1-2,0.9190681095333024,0.631336634,1.291811881,-1.515207921
10,0.1-2,1.0335346656015518,0.466217822,1.291811881,-1.515207921
10,0.1-2,0.8761031821406517,0.45650495,1.291811881,-1.515207921
10,0.1-2,0.49900035764424,0.45650495,1.291811881,-1.515207921
10,0.1-2,0.2931912238389852,0.45650495,1.291811881,-1.515207921
10,0.1-2,0.1505923184265303,0.417653465,1.291811881,-1.515207921
10,0.1-2,0.0763919673836864,0.291386139,1.291811881,-1.515207921
10,0.1-2,0.0842809091330831,0.038851485,1.291811881,-1.515207921
10,0.1-2,0.0571256753963541,-0.067990099,1.291811881,-1.515207921
10,0.1-2,0.0012454317095289,-0.271960396,1.291811881,-1.515207921
10,0.1-2,-0.2138578863124067,-0.30109901,1.291811881,-1.515207921
10,0.1-2,-0.3566948927646968,-0.534207921,1.291811881,-1.515207921
10,0.1-2,-0.5527911960435826,-0.641049505,1.291811881,-1.515207921
10,0.1-2,-0.6275053183205686,-0.718752475,1.291811881,-1.515207921
10,0.1-2,-0.7739293668724121,-0.777029703,1.291811881,-1.515207921
10,0.1-2,-0.8945492324429609,-0.883871287,1.291811881,-1.515207921
10,0.1-2,-0.9631904764170884,-1.019851485,1.291811881,-1.515207921
10,0.1-2,-0.9716612770935646,-1.068415842,1.291811881,-1.515207921
10,0.1-2,-1.0118844279933985,-1.20439604,1.291811881,-1.515207921
10,0.1-2,-1.09553430496719,-1.388940594,1.291811881,-1.515207921
10,0.1-2,-1.132186147132939,-1.340376238,1.291811881,-1.515207921
10,0.1-2,-1.1574166313524157,-0.864445545,1.291811881,-1.515207921
10,0.1-2,-1.1430706729429938,-0.718752475,1.291811881,-1.515207921
10,0.1-2,-1.2624461823773574,-0.621623762,1.291811881,-1.515207921
10,0.1-2,-1.0092453040915157,-0.893584158,1.291811881,-1.515207921
10,0.1-2,-0.5757712800251454,-0.689613861,1.291811881,-1.515207921
10,0.1-2,-0.3532560450887169,-0.806168317,1.291811881,-1.515207921
10,0.1-2,-0.3732964405518303,-0.563346535,1.291811881,-1.515207921
10,0.1-2,-0.4127102860404059,-0.631336634,1.291811881,-1.515207921
10,0.1-2,-0.3246600683382747,-0.398227723,1.291811881,-1.515207921
10,0.1-2,-0.240450269635895,-0.437079208,1.291811881,-1.515207921
10,0.1-2,-0.0946053372978025,-0.155405941,1.291811881,-1.515207921
10,0.1-2,-0.0453734066217136,-0.165118812,1.291811881,-1.515207921
10,0.1-2,0.0527393109013541,0.07770297,1.291811881,-1.515207921
10,0.1-2,0.17453484906191,0.048564356,1.291811881,-1.515207921
10,0.1-2,0.3590249112583372,0.242821782,1.291811881,-1.515207921
10,0.1-2,0.4665439268591083,0.349663366,1.291811881,-1.515207921
10,0.1-2,0.5924994527649569,0.592485149,1.291811881,-1.515207921
10,0.1-2,0.6431431162247282,0.670188119,1.291811881,-1.515207921
10,0.1-2,0.7224195403020104,0.650762376,1.291811881,-1.515207921
10,0.1-2,0.8415964871537215,0.796455446,1.291811881,-1.515207921
10,0.1-2,1.0470536212799122,0.932435644,1.291811881,-1.515207921
10,0.1-2,0.9775939856139836,0.90329703,1.291811881,-1.515207921
10,0.1-2,0.9713394838476572,0.971287129,1.291811881,-1.515207921
10,0.1-2,1.1222050270137796,1.019851485,1.291811881,-1.515207921
10,0.1-2,1.0871554852739822,1.068415842,1.291811881,-1.515207921
10,0.1-2,1.0423216265008532,1.126693069,1.291811881,-1.515207921
10,0.1-2,1.0401556046764582,1.214108911,1.291811881,-1.515207921
10,0.1-2,1.0490204195973147,0.981,1.291811881,-1.515207921
10,0.1-2,0.9478827811089864,0.650762376,1.291811881,-1.515207921
10,0.1-2,0.991686448725262,0.514782178,1.291811881,-1.515207921
10,0.1-2,0.9955172805483248,0.475930693,1.291811881,-1.515207921
10,0.1-2,0.625215901607044,0.495356436,1.291811881,-1.515207921
10,0.1-2,0.3023240798720815,0.398227723,1.291811881,-1.515207921
10,0.1-2,0.090992665829682,0.37880198,1.291811881,-1.515207921
10,0.1-2,0.0918100127809814,0.30109901,1.291811881,-1.515207921
10,0.1-2,0.0193269156791953,0.145693069,1.291811881,-1.515207921
10,0.1-2,-0.0518792070456975,-0.067990099,1.291811881,-1.515207921
10,0.1-2,-0.0978826416151066,-0.126267327,1.291811881,-1.515207921
10,0.1-2,-0.1519855663159905,-0.252534653,1.291811881,-1.515207921
10,0.1-2,-0.3568827705896556,-0.281673267,1.291811881,-1.515207921
10,0.1-2,-0.5437390557908534,-0.553633663,1.291811881,-1.515207921
10,0.1-2,-0.6213677407300895,-0.60219802,1.291811881,-1.515207921
10,0.1-2,-0.6446318639403747,-0.777029703,1.291811881,-1.515207921
10,0.1-2,-0.7447442794089774,-0.777029703,1.291811881,-1.515207921
10,0.1-2,-0.9075847503502428,-0.951861386,1.291811881,-1.515207921
10,0.1-2,-0.9820475248873848,-0.922722772,1.291811881,-1.515207921
10,0.1-2,-1.0119245705486029,-1.116980198,1.291811881,-1.515207921
10,0.1-2,-1.040524810389707,-1.126693069,1.291811881,-1.515207921
10,0.1-2,-1.0843420395387748,-1.35980198,1.291811881,-1.515207921
10,0.1-2,-1.1035666134881563,-1.369514851,1.291811881,-1.515207921
10,0.1-2,-1.1039166642822098,-0.893584158,1.291811881,-1.515207921
10,0.1-2,-1.1169378418735765,-0.709039604,1.291811881,-1.515207921
10,0.1-2,-1.243406368815283,-0.689613861,1.291811881,-1.515207921
10,0.1-2,-1.0467561399688303,-0.825594059,1.291811881,-1.515207921
10,0.1-2,-0.6110672201382197,-0.767316832,1.291811881,-1.515207921
10,0.1-2,-0.347884784545778,-0.75760396,1.291811881,-1.515207921
10,0.1-2,-0.3861164492846721,-0.563346535,1.291811881,-1.515207921
10,0.1-2,-0.4042283196946375,-0.621623762,1.291811881,-1.515207921
10,0.1-2,-0.3169693695499996,-0.437079208,1.291811881,-1.515207921
10,0.1-2,-0.2018953184579248,-0.446792079,1.291811881,-1.515207921
10,0.1-2,-0.0869851281274285,-0.194257426,1.291811881,-1.515207921
10,0.1-2,-0.0330016946354616,-0.155405941,1.291811881,-1.515207921
10,0.1-2,0.0671048924145371,0.067990099,1.291811881,-1.515207921
10,0.1-2,0.1568957876889065,0.029138614,1.291811881,-1.515207921
10,0.1-2,0.3293195860047541,0.242821782,1.291811881,-1.515207921
10,0.1-2,0.4576373178641703,0.339950495,1.291811881,-1.515207921
10,0.1-2,0.5693967441609487,0.660475248,1.291811881,-1.515207921
10,0.1-2,0.6197213345923982,0.621623762,1.291811881,-1.515207921
10,0.1-2,0.7307223577971772,0.641049505,1.291811881,-1.515207921
10,0.1-2,0.8890868626529672,0.767316832,1.291811881,-1.515207921
10,0.1-2,1.0768584409677753,0.835306931,1.291811881,-1.515207921
10,0.1-2,0.972777273910211,0.864445545,1.291811881,-1.515207921
10,0.1-2,0.9494123977594016,0.981,1.291811881,-1.515207921
10,0.1-2,1.0863434565423986,1.097554455,1.291811881,-1.515207921
10,0.1-2,1.0581794869442185,1.05870297,1.291811881,-1.515207921
10,0.1-2,1.0046036283070443,1.116980198,1.291811881,-1.515207921
10,0.1-2,1.0818705350788258,1.175257426,1.291811881,-1.515207921
10,0.1-2,1.117750145512101,0.942148515,1.291811881,-1.515207921
10,0.1-2,1.0018348944945157,0.582772277,1.291811881,-1.515207921
10,0.1-2,1.0508023269023672,0.485643564,1.291811881,-1.515207921
10,0.1-2,0.971104486058391,0.553633663,1.291811881,-1.515207921
10,0.1-2,0.5984398091921703,0.495356436,1.291811881,-1.515207921
10,0.1-2,0.2681873252658802,0.407940594,1.291811881,-1.515207921
10,0.1-2,0.1616454658334235,0.339950495,1.291811881,-1.515207921
10,0.1-2,0.1773900221325156,0.22339604,1.291811881,-1.515207921
10,0.1-2,0.1028183559985522,0.135980198,1.291811881,-1.515207921
10,0.1-2,-0.0254203844791077,0.009712871,1.291811881,-1.515207921
10,0.1-2,-0.0770189860796266,-0.116554455,1.291811881,-1.515207921
10,0.1-2,-0.1622835451089197,-0.30109901,1.291811881,-1.515207921
10,0.1-2,-0.3425845154948435,-0.291386139,1.291811881,-1.515207921
10,0.1-2,-0.4384218867359385,-0.573059406,1.291811881,-1.515207921
10,0.1-2,-0.5747337191408753,-0.60219802,1.291811881,-1.515207921
10,0.1-2,-0.6713573675358963,-0.747891089,1.291811881,-1.515207921
10,0.1-2,-0.7480181913809789,-0.75760396,1.291811881,-1.515207921
10,0.1-2,-0.8960766374995403,-0.913009901,1.291811881,-1.515207921
10,0.1-2,-0.95216509310052,-0.942148515,1.291811881,-1.515207921
10,0.1-2,-1.00031783045958,-1.107267327,1.291811881,-1.515207921
10,0.1-2,-1.0505248522471402,-1.126693069,1.291811881,-1.515207921
10,0.1-2,-1.073975154648029,-1.340376238,1.291811881,-1.515207921
10,0.1-2,-1.0951149421331812,-1.320950495,1.291811881,-1.515207921
10,0.1-2,-1.1243955570261774,-0.981,1.291811881,-1.515207921
10,0.1-2,-1.104570018886439,-0.660475248,1.291811881,-1.515207921
10,0.1-2,-1.2618321938370516,-0.699326733,1.291811881,-1.515207921
10,0.1-2,-1.0732800020358784,-0.825594059,1.291811881,-1.515207921
10,0.1-2,-0.6440773271498148,-0.75760396,1.291811881,-1.515207921
10,0.1-2,-0.327461074512091,-0.747891089,1.291811881,-1.515207921
10,0.1-2,-0.3896376958281842,-0.650762376,1.291811881,-1.515207921
10,0.1-2,-0.4015088301849405,-0.582772277,1.291811881,-1.515207921
10,0.1-2,-0.348565153938747,-0.495356436,1.291811881,-1.515207921
10,0.1-2,-0.2416435753754659,-0.446792079,1.291811881,-1.515207921
10,0.1-2,-0.1063468269512764,-0.242821782,1.291811881,-1.515207921
10,0.1-2,-0.0160999419761369,-0.184544554,1.291811881,-1.515207921
10,0.1-2,0.0692484439937871,0.019425743,1.291811881,-1.515207921
10,0.1-2,0.1426664561244439,0.009712871,1.291811881,-1.515207921
10,0.1-2,0.3098106428178507,0.22339604,1.291811881,-1.515207921
10,0.1-2,0.4529270407989638,0.310811881,1.291811881,-1.515207921
10,0.1-2,0.5640863328684972,0.611910891,1.291811881,-1.515207921
10,0.1-2,0.6231082733659384,0.660475248,1.291811881,-1.515207921
10,0.1-2,0.7061272454232981,0.621623762,1.291811881,-1.515207921
10,0.1-2,0.8860007647190443,0.728465347,1.291811881,-1.515207921
10,0.1-2,1.0672193677927304,0.883871287,1.291811881,-1.515207921
10,0.1-2,1.0127159324782955,0.806168317,1.291811881,-1.515207921
10,0.1-2,0.9468468770560552,0.932435644,1.291811881,-1.515207921
10,0.1-2,1.0675239172414452,1.039277228,1.291811881,-1.515207921
10,0.1-2,1.0527476390658113,1.019851485,1.291811881,-1.515207921
10,0.1-2,1.0196199717404733,1.126693069,1.291811881,-1.515207921
10,0.1-2,0.9953306560655688,1.291811881,1.291811881,-1.515207921
10,0.1-2,1.0686185595563331,1.000425743,1.291811881,-1.515207921
10,0.1-2,0.9929241309365922,0.60219802,1.291811881,-1.515207921
10,0.1-2,1.0319658168348782,0.427366337,1.291811881,-1.515207921
10,0.1-2,1.0460215816424858,0.485643564,1.291811881,-1.515207921
10,0.1-2,0.6281304640755352,0.475930693,1.291811881,-1.515207921
10,0.1-2,0.2439396294483632,0.407940594,1.291811881,-1.515207921
10,0.1-2,0.0985611810956655,0.359376238,1.291811881,-1.515207921
10,0.1-2,0.1280306765760935,0.262247525,1.291811881,-1.515207921
10,0.1-2,0.0653185722126179,0.203970297,1.291811881,-1.515207921
10,0.1-2,-0.0568874353882224,-0.048564356,1.291811881,-1.515207921
10,0.1-2,-0.0885837118439255,-0.087415842,1.291811881,-1.515207921
10,0.1-2,-0.1329823963900936,-0.252534653,1.291811881,-1.515207921
10,0.1-2,-0.3055394665603358,-0.281673267,1.291811881,-1.515207921
10,0.1-2,-0.4930886432700663,-0.582772277,1.291811881,-1.515207921
10,0.1-2,-0.5935599200323333,-0.611910891,1.291811881,-1.515207921
10,0.1-2,-0.6671644150633292,-0.75760396,1.291811881,-1.515207921
10,0.1-2,-0.7697773191372872,-0.728465347,1.291811881,-1.515207921
10,0.1-2,-0.9087535023451876,-0.990712871,1.291811881,-1.515207921
10,0.1-2,-0.95435170009336,-0.922722772,1.291811881,-1.515207921
10,0.1-2,-0.9618863711661398,-1.155831683,1.291811881,-1.515207921
10,0.1-2,-1.0126403264915345,-1.029564356,1.291811881,-1.515207921
10,0.1-2,-1.114614875236438,-1.301524752,1.291811881,-1.515207921
10,0.1-2,-1.100210167474564,-1.311237624,1.291811881,-1.515207921
10,0.1-2,-1.123825181720811,-1.029564356,1.291811881,-1.515207921
10,0.1-2,-1.0680179978341322,-0.689613861,1.291811881,-1.515207921
10,0.1-2,-1.200471005156644,-0.75760396,1.291811881,-1.515207921
10,0.1-2,-1.0772648975367924,-0.796455446,1.291811881,-1.515207921
10,0.1-2,-0.642018502228845,-0.747891089,1.291811881,-1.515207921
10,0.1-2,-0.3853316259854067,-0.777029703,1.291811881,-1.515207921
10,0.1-2,-0.3895199432070823,-0.592485149,1.291811881,-1.515207921
10,0.1-2,-0.3837508448204023,-0.582772277,1.291811881,-1.515207921
10,0.1-2,-0.3037471786386926,-0.45650495,1.291811881,-1.515207921
10,0.1-2,-0.2492442791982714,-0.417653465,1.291811881,-1.515207921
10,0.1-2,-0.1124550561495257,-0.213683168,1.291811881,-1.515207921
10,0.1-2,-0.0110172168840292,-0.194257426,1.291811881,-1.515207921
10,0.1-2,0.0568443410694653,0.038851485,1.291811881,-1.515207921
10,0.1-2,0.1351235408842633,0.029138614,1.291811881,-1.515207921
10,0.1-2,0.3116945400918393,0.203970297,1.291811881,-1.515207921
10,0.1-2,0.4561678238866828,0.349663366,1.291811881,-1.515207921
10,0.1-2,0.5717992791147827,0.631336634,1.291811881,-1.515207921
10,0.1-2,0.6049797613399864,0.699326733,1.291811881,-1.515207921
10,0.1-2,0.6966609270847298,0.611910891,1.291811881,-1.515207921
10,0.1-2,0.8925289614406736,0.718752475,1.291811881,-1.515207921
10,0.1-2,1.073246300231794,0.883871287,1.291811881,-1.515207921
10,0.1-2,1.0381072073200452,0.806168317,1.291811881,-1.515207921
10,0.1-2,0.931531256760494,0.981,1.291811881,-1.515207921
10,0.1-2,1.0402785600274953,0.932435644,1.291811881,-1.515207921
10,0.1-2,1.06026078599727,1.068415842,1.291811881,-1.515207921
10,0.1-2,1.0293044975341297,1.097554455,1.291811881,-1.515207921
10,0.1-2,1.0120567378399996,1.272386139,1.291811881,-1.515207921
10,0.1-2,1.027801995589525,1.078128713,1.291811881,-1.515207921
10,0.1-2,0.9737159624725144,0.631336634,1.291811881,-1.515207921
10,0.1-2,1.0422579733218484,0.446792079,1.291811881,-1.515207921
10,0.1-2,1.0274511734859155,0.514782178,1.291811881,-1.515207921
10,0.1-2,0.6693205369763948,0.398227723,1.291811881,-1.515207921
10,0.1-2,0.2247417121994913,0.388514851,1.291811881,-1.515207921
10,0.1-2,0.0890379234230972,0.407940594,1.291811881,-1.515207921
10,0.1-2,0.1171062610795752,0.369089109,1.291811881,-1.515207921
10,0.1-2,0.0053131436220767,0.155405941,1.291811881,-1.515207921
10,0.1-2,-0.0419966105036481,-0.067990099,1.291811881,-1.515207921
10,0.1-2,-0.0664116476441724,-0.058277228,1.291811881,-1.515207921
10,0.1-2,-0.1138147820068797,-0.330237624,1.291811881,-1.515207921
10,0.1-2,-0.3395567973868135,-0.281673267,1.291811881,-1.515207921
10,0.1-2,-0.4904374252950528,-0.592485149,1.291811881,-1.515207921
10,0.1-2,-0.5942283717253443,-0.631336634,1.291811881,-1.515207921
10,0.1-2,-0.6880604182175245,-0.728465347,1.291811881,-1.515207921
10,0.1-2,-0.7636256395774409,-0.75760396,1.291811881,-1.515207921
10,0.1-2,-0.921429090882352,-0.913009901,1.291811881,-1.515207921
10,0.1-2,-0.9649723520966396,-0.961574257,1.291811881,-1.515207921
10,0.1-2,-0.9620012203220198,-1.165544554,1.291811881,-1.515207921
10,0.1-2,-1.0365697330748995,-1.097554455,1.291811881,-1.515207921
10,0.1-2,-1.0765075778379738,-1.35980198,1.291811881,-1.515207921
10,0.1-2,-1.128199606952257,-1.252960396,1.291811881,-1.515207921
10,0.1-2,-1.1292893097799888,-1.010138614,1.291811881,-1.515207921
10,0.1-2,-1.1298048029935277,-0.709039604,1.291811881,-1.515207921
10,0.1-2,-1.2332476482637569,-0.75760396,1.291811881,-1.515207921
10,0.1-2,-1.057599390437343,-0.767316832,1.291811881,-1.515207921
10,0.1-2,-0.663419724254591,-0.767316832,1.291811881,-1.515207921
10,0.1-2,-0.3785530970086295,-0.777029703,1.291811881,-1.515207921
10,0.1-2,-0.4020944289575282,-0.611910891,1.291811881,-1.515207921
10,0.1-2,-0.376887799009712,-0.553633663,1.291811881,-1.515207921
10,0.1-2,-0.3107090235421109,-0.466217822,1.291811881,-1.515207921
10,0.1-2,-0.2282455280404425,-0.359376238,1.291811881,-1.515207921
10,0.1-2,-0.1087685096390907,-0.233108911,1.291811881,-1.515207921
10,0.1-2,-0.0045297062931321,-0.184544554,1.291811881,-1.515207921
10,0.1-2,0.0950240848172076,0.029138614,1.291811881,-1.515207921
10,0.1-2,0.1969208524063494,0.038851485,1.291811881,-1.515207921
10,0.1-2,0.2823079666857723,0.271960396,1.291811881,-1.515207921
10,0.1-2,0.4284320610069466,0.369089109,1.291811881,-1.515207921
10,0.1-2,0.5485780601975144,0.660475248,1.291811881,-1.515207921
10,0.1-2,0.6119238913801444,0.582772277,1.291811881,-1.515207921
10,0.1-2,0.7439398421021625,0.611910891,1.291811881,-1.515207921
10,0.1-2,0.8837242979579963,0.767316832,1.291811881,-1.515207921
10,0.1-2,1.09498965542623,0.90329703,1.291811881,-1.515207921
10,0.1-2,0.9739674987109768,0.864445545,1.291811881,-1.515207921
10,0.1-2,0.9531589194671652,0.971287129,1.291811881,-1.515207921
10,0.1-2,1.0922255978638662,1.05870297,1.291811881,-1.515207921
10,0.1-2,1.0683037674445253,1.05870297,1.291811881,-1.515207921
10,0.1-2,1.0238748852190662,1.078128713,1.291811881,-1.515207921
10,0.1-2,1.00610917108572,1.252960396,1.291811881,-1.515207921
10,0.1-2,1.0575240284814034,1.048990099,1.291811881,-1.515207921
10,0.1-2,1.0017230322981765,0.641049505,1.291811881,-1.515207921
10,0.1-2,0.999947157221282,0.407940594,1.291811881,-1.515207921
10,0.1-2,1.0459244045294755,0.475930693,1.291811881,-1.515207921
10,0.1-2,0.6680164106722362,0.427366337,1.291811881,-1.515207921
10,0.1-2,0.2457504400150956,0.446792079,1.291811881,-1.515207921
10,0.1-2,0.0737123373151752,0.369089109,1.291811881,-1.515207921
10,0.1-2,0.0986744655870617,0.291386139,1.291811881,-1.515207921
10,0.1-2,0.0333840667818667,0.106841584,1.291811881,-1.515207921
10,0.1-2,-0.0314331038153709,-0.07770297,1.291811881,-1.515207921
10,0.1-2,-0.0612520742193835,-0.07770297,1.291811881,-1.515207921
10,0.1-2,-0.1631573740646849,-0.271960396,1.291811881,-1.515207921
10,0.1-2,-0.3712903216481909,-0.242821782,1.291811881,-1.515207921
10,0.1-2,-0.4838051292083116,-0.582772277,1.291811881,-1.515207921
10,0.1-2,-0.5894357192224666,-0.592485149,1.291811881,-1.515207921
10,0.1-2,-0.680558125953542,-0.777029703,1.291811881,-1.515207921
10,0.1-2,-0.7561918447764128,-0.777029703,1.291811881,-1.515207921
10,0.1-2,-0.9077432702091058,-0.922722772,1.291811881,-1.515207921
10,0.1-2,-0.96561039684646,-1.010138614,1.291811881,-1.515207921
10,0.1-2,-0.9934905165035124,-1.175257426,1.291811881,-1.515207921
10,0.1-2,-1.0600720955086196,-1.039277228,1.291811881,-1.515207921
10,0.1-2,-1.0713458314241775,-1.408366337,1.291811881,-1.515207921
10,0.1-2,-1.162133372987478,-1.194683168,1.291811881,-1.515207921
10,0.1-2,-1.1559104328790348,-0.961574257,1.291811881,-1.515207921
10,0.1-2,-1.121814028049525,-0.689613861,1.291811881,-1.515207921
10,0.1-2,-1.2793978519496036,-0.75760396,1.291811881,-1.515207921
10,0.1-2,-1.0389434666974775,-0.75760396,1.291811881,-1.515207921
10,0.1-2,-0.6123949699768791,-0.796455446,1.291811881,-1.515207921
10,0.1-2,-0.3775302796255275,-0.75760396,1.291811881,-1.515207921
10,0.1-2,-0.394575630575104,-0.60219802,1.291811881,-1.515207921
10,0.1-2,-0.357656653296897,-0.573059406,1.291811881,-1.515207921
10,0.1-2,-0.3276564498965703,-0.427366337,1.291811881,-1.515207921
10,0.1-2,-0.2196418721365111,-0.417653465,1.291811881,-1.515207921
10,0.1-2,-0.096272404418331,-0.242821782,1.291811881,-1.515207921
10,0.1-2,-0.0274789950710866,-0.135980198,1.291811881,-1.515207921
10,0.1-2,0.0752756007110158,-0.019425743,1.291811881,-1.515207921
10,0.1-2,0.1657477853393144,0.106841584,1.291811881,-1.515207921
10,0.1-2,0.3322462708298271,0.271960396,1.291811881,-1.515207921
10,0.1-2,0.4885337950010752,0.369089109,1.291811881,-1.515207921
10,0.1-2,0.5473045953347168,0.67990099,1.291811881,-1.515207921
10,0.1-2,0.6455179576375255,0.582772277,1.291811881,-1.515207921
10,0.1-2,0.7584118769289164,0.641049505,1.291811881,-1.515207921
10,0.1-2,0.9148787528998784,0.777029703,1.291811881,-1.515207921
10,0.1-2,1.129871360765011,0.883871287,1.291811881,-1.515207921
10,0.1-2,0.9994739038273112,0.815881188,1.291811881,-1.515207921
10,0.1-2,1.0046956581837396,0.971287129,1.291811881,-1.515207921
10,0.1-2,1.0797360129828122,1.05870297,1.291811881,-1.515207921
10,0.1-2,1.0637521102015726,1.087841584,1.291811881,-1.515207921
10,0.1-2,1.0499080129498992,1.087841584,1.291811881,-1.515207921
10,0.1-2,1.032062473948259,1.223821782,1.291811881,-1.515207921
10,0.1-2,1.0478732271167892,1.029564356,1.291811881,-1.515207921
10,0.1-2,0.9584316905665036,0.641049505,1.291811881,-1.515207921
10,0.1-2,1.0390375759459036,0.417653465,1.291811881,-1.515207921
10,0.1-2,1.0232867150363951,0.45650495,1.291811881,-1.515207921
10,0.1-2,0.6752196148664704,0.388514851,1.291811881,-1.515207921
10,0.1-2,0.2340660643278643,0.417653465,1.291811881,-1.515207921
10,0.1-2,0.0442932223666545,0.369089109,1.291811881,-1.515207921
10,0.1-2,0.0738173758594221,0.310811881,1.291811881,-1.515207921
10,0.1-2,0.0113780369802853,0.203970297,1.291811881,-1.515207921
10,0.1-2,-0.0661556364675381,-0.019425743,1.291811881,-1.515207921
10,0.1-2,-0.0880354788496452,-0.174831683,1.291811881,-1.515207921
10,0.1-2,-0.1285415851800545,-0.330237624,1.291811881,-1.515207921
10,0.1-2,-0.3381225756428312,-0.291386139,1.291811881,-1.515207921
10,0.1-2,-0.4865556796162265,-0.582772277,1.291811881,-1.515207921
10,0.1-2,-0.6288658961196457,-0.611910891,1.291811881,-1.515207921
10,0.1-2,-0.6805461043823484,-0.747891089,1.291811881,-1.515207921
10,0.1-2,-0.7937074562799952,-0.75760396,1.291811881,-1.515207921
10,0.1-2,-0.9134640527874164,-0.990712871,1.291811881,-1.515207921
10,0.1-2,-0.9810990908933038,-0.90329703,1.291811881,-1.515207921
10,0.1-2,-0.9834653511212766,-1.184970297,1.291811881,-1.515207921
10,0.1-2,-1.0300034197152204,-1.165544554,1.291811881,-1.515207921
10,0.1-2,-1.0828793569964097,-1.43750495,1.291811881,-1.515207921
10,0.1-2,-1.1424254776234186,-1.20439604,1.291811881,-1.515207921
10,0.1-2,-1.1427508552044068,-1.000425743,1.291811881,-1.515207921
10,0.1-2,-1.1224466015999055,-0.718752475,1.291811881,-1.515207921
10,0.1-2,-1.2231775981085369,-0.709039604,1.291811881,-1.515207921
10,0.1-2,-1.007661434247936,-0.767316832,1.291811881,-1.515207921
10,0.1-2,-0.6551309989338716,-0.825594059,1.291811881,-1.515207921
10,0.1-2,-0.3649404966727802,-0.815881188,1.291811881,-1.515207921
10,0.1-2,-0.3519995644000669,-0.728465347,1.291811881,-1.515207921
10,0.1-2,-0.3447213476340306,-0.660475248,1.291811881,-1.515207921
10,0.1-2,-0.3389877570987016,-0.446792079,1.291811881,-1.515207921
10,0.1-2,-0.2790747713198955,-0.359376238,1.291811881,-1.515207921
10,0.1-2,-0.1226742021510614,-0.194257426,1.291811881,-1.515207921
10,0.1-2,-0.0246174375488312,-0.135980198,1.291811881,-1.515207921
10,0.1-2,0.0993949804565843,0.087415842,1.291811881,-1.515207921
10,0.1-2,0.1786282240574336,-0.009712871,1.291811881,-1.515207921
10,0.1-2,0.342163867852383,0.30109901,1.291811881,-1.515207921
10,0.1-2,0.501942595109003,0.310811881,1.291811881,-1.515207921
10,0.1-2,0.568287102264992,0.67990099,1.291811881,-1.515207921
10,0.1-2,0.6287404582385326,0.582772277,1.291811881,-1.515207921
10,0.1-2,0.7694072944888184,0.670188119,1.291811881,-1.515207921
10,0.1-2,0.915066502466302,0.738178218,1.291811881,-1.515207921
10,0.1-2,1.0720715935191332,0.942148515,1.291811881,-1.515207921
10,0.1-2,0.9671486199919104,0.913009901,1.291811881,-1.515207921
10,0.1-2,0.996557386519648,1.039277228,1.291811881,-1.515207921
10,0.1-2,1.0880775042459572,1.029564356,1.291811881,-1.515207921
10,0.1-2,1.0658227671954104,1.05870297,1.291811881,-1.515207921
10,0.1-2,1.0617830227128349,1.107267327,1.291811881,-1.515207921
10,0.1-2,1.0557295966365132,1.252960396,1.291811881,-1.515207921
10,0.1-2,1.0855687610112366,1.019851485,1.291811881,-1.515207921
10,0.1-2,0.950149682029565,0.611910891,1.291811881,-1.515207921
10,0.1-2,1.0551930682143824,0.446792079,1.291811881,-1.515207921
10,0.1-2,1.0305012227881467,0.466217822,1.291811881,-1.515207921
10,0.1-2,0.6610981761448703,0.45650495,1.291811881,-1.515207921
10,0.1-2,0.2794049893321967,0.437079208,1.291811881,-1.515207921
10,0.1-2,0.0737033142725038,0.388514851,1.291811881,-1.515207921
10,0.1-2,0.0327131923898943,0.359376238,1.291811881,-1.515207921
10,0.1-2,0.0225781194788563,0.145693069,1.291811881,-1.515207921
10,0.1-2,-0.0083847984304685,-0.087415842,1.291811881,-1.515207921
10,0.1-2,-0.0357074284033837,-0.174831683,1.291811881,-1.515207921
10,0.1-2,-0.139917916061459,-0.252534653,1.291811881,-1.515207921
10,0.1-2,-0.3360269186748451,-0.30109901,1.291811881,-1.515207921
10,0.1-2,-0.5022673276782063,-0.582772277,1.291811881,-1.515207921
10,0.1-2,-0.6543240570515503,-0.563346535,1.291811881,-1.515207921
10,0.1-2,-0.6764674775098002,-0.786742574,1.291811881,-1.515207921
10,0.1-2,-0.7862413672661505,-0.786742574,1.291811881,-1.515207921
10,0.1-2,-0.8792491971467151,-0.981,1.291811881,-1.515207921
10,0.1-2,-0.9605243835208964,-0.961574257,1.291811881,-1.515207921
10,0.1-2,-0.9924264726879196,-1.146118812,1.291811881,-1.515207921
10,0.1-2,-1.0722097390639178,-1.165544554,1.291811881,-1.515207921
10,0.1-2,-1.0600460856325802,-1.476356436,1.291811881,-1.515207921
10,0.1-2,-1.1217394018779343,-1.223821782,1.291811881,-1.515207921
10,0.1-2,-1.1002996961064604,-0.951861386,1.291811881,-1.515207921
10,0.1-2,-1.1658130018684412,-0.631336634,1.291811881,-1.515207921
10,0.1-2,-1.2980361425203002,-0.641049505,1.291811881,-1.515207921
10,0.1-2,-0.95479836452378,-0.806168317,1.291811881,-1.515207921
10,0.1-2,-0.5612973198143838,-0.777029703,1.291811881,-1.515207921
10,0.1-2,-0.3423459322365109,-0.815881188,1.291811881,-1.515207921
10,0.1-2,-0.3607596321372405,-0.553633663,1.291811881,-1.515207921
10,0.1-2,-0.3600267946780902,-0.553633663,1.291811881,-1.515207921
10,0.1-2,-0.3264655728506148,-0.398227723,1.291811881,-1.515207921
10,0.1-2,-0.2301319455520215,-0.388514851,1.291811881,-1.515207921
10,0.1-2,-0.0940333414887219,-0.233108911,1.291811881,-1.515207921
10,0.1-2,0.0259166162780428,-0.145693069,1.291811881,-1.515207921
10,0.1-2,0.0818702587610785,0.029138614,1.291811881,-1.515207921
10,0.1-2,0.1871934699465218,0.048564356,1.291811881,-1.515207921
10,0.1-2,0.3591893521827071,0.291386139,1.291811881,-1.515207921
10,0.1-2,0.4835378181493835,0.37880198,1.291811881,-1.515207921
10,0.1-2,0.5465205786219759,0.718752475,1.291811881,-1.515207921
10,0.1-2,0.6246588515758658,0.543920792,1.291811881,-1.515207921
10,0.1-2,0.7991101850722517,0.670188119,1.291811881,-1.515207921
10,0.1-2,0.960637919898701,0.738178218,1.291811881,-1.515207921
10,0.1-2,1.124132099764243,0.864445545,1.291811881,-1.515207921
10,0.1-2,0.9724574613351464,0.961574257,1.291811881,-1.515207921
10,0.1-2,0.9908616219555092,1.029564356,1.291811881,-1.515207921
10,0.1-2,1.0551963757958998,0.990712871,1.291811881,-1.515207921
10,0.1-2,1.0458406137215692,1.097554455,1.291811881,-1.515207921
10,0.1-2,1.0896389091736611,1.087841584,1.291811881,-1.515207921
10,0.1-2,1.106863462402708,1.252960396,1.291811881,-1.515207921
10,0.1-2,1.0319750978215176,0.932435644,1.291811881,-1.515207921
10,0.1-2,0.993513624039588,0.631336634,1.291811881,-1.515207921
10,0.1-2,1.041432440225374,0.369089109,1.291811881,-1.515207921
10,0.1-2,0.9648812919053096,0.475930693,1.291811881,-1.515207921
10,0.1-2,0.5832211020092931,0.407940594,1.291811881,-1.515207921
10,0.1-2,0.2029334904479636,0.359376238,1.291811881,-1.515207921
10,0.1-2,0.0458238709237804,0.388514851,1.291811881,-1.515207921
10,0.1-2,0.0612816479649811,0.281673267,1.291811881,-1.515207921
10,0.1-2,-0.0228839822435047,0.155405941,1.291811881,-1.515207921
10,0.1-2,-0.027688991618772,0.009712871,1.291811881,-1.515207921
10,0.1-2,-0.0796637511006936,-0.165118812,1.291811881,-1.515207921
10,0.1-2,-0.1998458092562806,-0.271960396,1.291811881,-1.515207921
10,0.1-2,-0.3430999542191597,-0.320524752,1.291811881,-1.515207921
10,0.1-2,-0.4791261803701706,-0.563346535,1.291811881,-1.515207921
10,0.1-2,-0.6209628298054899,-0.650762376,1.291811881,-1.515207921
10,0.1-2,-0.6863899527665103,-0.747891089,1.291811881,-1.515207921
10,0.1-2,-0.8245303540042603,-0.786742574,1.291811881,-1.515207921
10,0.1-2,-0.9240687520353,-0.961574257,1.291811881,-1.515207921
10,0.1-2,-0.996803330513444,-0.971287129,1.291811881,-1.515207921
10,0.1-2,-1.0197353556497424,-1.155831683,1.291811881,-1.515207921
10,0.1-2,-1.0675003310561977,-1.194683168,1.291811881,-1.515207921
10,0.1-2,-1.0955768528782257,-1.418079208,1.291811881,-1.515207921
10,0.1-2,-1.1519419249219045,-1.184970297,1.291811881,-1.515207921
10,0.1-2,-1.1223916193933663,-0.922722772,1.291811881,-1.515207921
10,0.1-2,-1.211104107719064,-0.641049505,1.291811881,-1.515207921
10,0.1-2,-1.2786538688539182,-0.689613861,1.291811881,-1.515207921
10,0.1-2,-0.9415990782959428,-0.806168317,1.291811881,-1.515207921
10,0.1-2,-0.5600487308570228,-0.777029703,1.291811881,-1.515207921
10,0.1-2,-0.3415913300257757,-0.75760396,1.291811881,-1.515207921
10,0.1-2,-0.3403457075854485,-0.592485149,1.291811881,-1.515207921
10,0.1-2,-0.3358577216806595,-0.582772277,1.291811881,-1.515207921
10,0.1-2,-0.3341481773795663,-0.359376238,1.291811881,-1.515207921
10,0.1-2,-0.2583746456155088,-0.407940594,1.291811881,-1.515207921
10,0.1-2,-0.1270579878985397,-0.145693069,1.291811881,-1.515207921
10,0.1-2,0.0116574617675669,-0.097128713,1.291811881,-1.515207921
10,0.1-2,0.1116432037146447,0.087415842,1.291811881,-1.515207921
10,0.1-2,0.1995931483216062,-0.009712871,1.291811881,-1.515207921
10,0.1-2,0.3729109106626007,0.320524752,1.291811881,-1.515207921
10,0.1-2,0.472833695712066,0.359376238,1.291811881,-1.515207921
10,0.1-2,0.5485049979801376,0.718752475,1.291811881,-1.515207921
10,0.1-2,0.6500178122096806,0.592485149,1.291811881,-1.515207921
10,0.1-2,0.7813636116429797,0.67990099,1.291811881,-1.515207921
10,0.1-2,0.9581239452574644,0.728465347,1.291811881,-1.515207921
10,0.1-2,1.0908587053829293,0.874158416,1.291811881,-1.515207921
10,0.1-2,0.9961747238520532,0.864445545,1.291811881,-1.515207921
10,0.1-2,0.989746296080978,1.048990099,1.291811881,-1.515207921
10,0.1-2,1.0635408714618495,1.116980198,1.291811881,-1.515207921
10,0.1-2,1.060685093785555,1.136405941,1.291811881,-1.515207921
10,0.1-2,1.0600125649687742,1.136405941,1.291811881,-1.515207921
10,0.1-2,1.0575090298281775,1.28209901,1.291811881,-1.515207921
10,0.1-2,1.0816091006883886,0.922722772,1.291811881,-1.515207921
10,0.1-2,1.0170565444858335,0.573059406,1.291811881,-1.515207921
10,0.1-2,1.0544261115052644,0.417653465,1.291811881,-1.515207921
10,0.1-2,0.9653603393971396,0.45650495,1.291811881,-1.515207921
10,0.1-2,0.5572238610114492,0.446792079,1.291811881,-1.515207921
10,0.1-2,0.1880054309464498,0.359376238,1.291811881,-1.515207921
10,0.1-2,0.05495963233102,0.369089109,1.291811881,-1.515207921
10,0.1-2,0.0291738777684492,0.281673267,1.291811881,-1.515207921
10,0.1-2,-0.0285934279385579,0.203970297,1.291811881,-1.515207921
10,0.1-2,-0.0401258306742739,-0.097128713,1.291811881,-1.515207921
10,0.1-2,-0.077206101118457,-0.184544554,1.291811881,-1.515207921
10,0.1-2,-0.1634043135945255,-0.320524752,1.291811881,-1.515207921
10,0.1-2,-0.3878464128070025,-0.30109901,1.291811881,-1.515207921
10,0.1-2,-0.5280038964537104,-0.592485149,1.291811881,-1.515207921
10,0.1-2,-0.665854704435362,-0.611910891,1.291811881,-1.515207921
10,0.1-2,-0.7160398279393968,-0.699326733,1.291811881,-1.515207921
10,0.1-2,-0.8093768521465611,-0.835306931,1.291811881,-1.515207921
10,0.1-2,-0.910877673047764,-1.010138614,1.291811881,-1.515207921
10,0.1-2,-0.9945318415257568,-1.048990099,1.291811881,-1.515207921
10,0.1-2,-1.0182700667644569,-1.155831683,1.291811881,-1.515207921
10,0.1-2,-1.0795364263834788,-1.214108911,1.291811881,-1.515207921
10,0.1-2,-1.1025744767968897,-1.515207921,1.291811881,-1.515207921
10,0.1-2,-1.1629393746500518,-1.233534653,1.291811881,-1.515207921
10,0.1-2,-1.1243200928728108,-0.825594059,1.291811881,-1.515207921
10,0.1-2,-1.222905796636331,-0.67990099,1.291811881,-1.515207921
10,0.1-2,-1.2960068344334568,-0.670188119,1.291811881,-1.515207921
10,0.1-2,-0.8856359403816503,-0.786742574,1.291811881,-1.515207921
10,0.1-2,-0.5550790771786642,-0.75760396,1.291811881,-1.515207921
10,0.1-2,-0.3206034300241932,-0.796455446,1.291811881,-1.515207921
10,0.1-2,-0.3207332669140552,-0.534207921,1.291811881,-1.515207921
10,0.1-2,-0.3036300092649375,-0.553633663,1.291811881,-1.515207921
10,0.1-2,-0.347429358046045,-0.417653465,1.291811881,-1.515207921
10,0.1-2,-0.23968423008642,-0.437079208,1.291811881,-1.515207921
10,0.1-2,-0.0736775938407419,-0.126267327,1.291811881,-1.515207921
10,0.1-2,-0.0074940051975771,-0.184544554,1.291811881,-1.515207921
10,0.1-2,0.0951406912738673,0.087415842,1.291811881,-1.515207921
10,0.1-2,0.2164287386033458,0.029138614,1.291811881,-1.515207921
10,0.1-2,0.3540903610782803,0.339950495,1.291811881,-1.515207921
10,0.1-2,0.4777285298431536,0.369089109,1.291811881,-1.515207921
10,0.1-2,0.5790617300377955,0.747891089,1.291811881,-1.515207921
10,0.1-2,0.6747780632673331,0.60219802,1.291811881,-1.515207921
10,0.1-2,0.802278304512865,0.709039604,1.291811881,-1.515207921
10,0.1-2,0.9341754187841692,0.796455446,1.291811881,-1.515207921
10,0.1-2,1.089753564790541,0.883871287,1.291811881,-1.515207921
10,0.1-2,0.9781057655863824,0.893584158,1.291811881,-1.515207921
10,0.1-2,1.024658632669493,1.039277228,1.291811881,-1.515207921
10,0.1-2,1.0669455151348015,1.097554455,1.291811881,-1.515207921
10,0.1-2,1.052533894540694,1.039277228,1.291811881,-1.515207921
10,0.1-2,1.0577017576234846,1.087841584,1.291811881,-1.515207921
10,0.1-2,1.0872140100909813,1.243247525,1.291811881,-1.515207921
10,0.1-2,1.0639771453235678,0.90329703,1.291811881,-1.515207921
10,0.1-2,0.9762217102822566,0.60219802,1.291811881,-1.515207921
10,0.1-2,1.08500899872345,0.407940594,1.291811881,-1.515207921
10,0.1-2,0.9592588610463753,0.45650495,1.291811881,-1.515207921
10,0.1-2,0.5801664964816088,0.398227723,1.291811881,-1.515207921
10,0.1-2,0.2749140714021937,0.437079208,1.291811881,-1.515207921
10,0.1-2,0.0785350498080792,0.398227723,1.291811881,-1.515207921
10,0.1-2,0.0739460950225988,0.22339604,1.291811881,-1.515207921
10,0.1-2,-0.0253426597255097,0.126267327,1.291811881,-1.515207921
10,0.1-2,-0.0216657365354668,-0.019425743,1.291811881,-1.515207921
10,0.1-2,-0.0828816390438084,-0.184544554,1.291811881,-1.515207921
10,0.1-2,-0.2025229034081824,-0.310811881,1.291811881,-1.515207921
10,0.1-2,-0.3444655045346174,-0.339950495,1.291811881,-1.515207921
10,0.1-2,-0.4964553373582802,-0.631336634,1.291811881,-1.515207921
10,0.1-2,-0.6587643458954688,-0.670188119,1.291811881,-1.515207921
10,0.1-2,-0.6507660554384388,-0.738178218,1.291811881,-1.515207921
10,0.1-2,-0.8119013662830056,-0.777029703,1.291811881,-1.515207921
10,0.1-2,-0.9474289989333604,-0.981,1.291811881,-1.515207921
10,0.1-2,-0.9702413321559992,-1.039277228,1.291811881,-1.515207921
10,0.1-2,-0.9619013883395386,-1.184970297,1.291811881,-1.515207921
10,0.1-2,-1.0496650672630388,-1.146118812,1.291811881,-1.515207921
10,0.1-2,-1.0835543123403844,-1.447217822,1.291811881,-1.515207921
10,0.1-2,-1.1630209683561188,-1.194683168,1.291811881,-1.515207921
10,0.1-2,-1.1361855936597889,-0.825594059,1.291811881,-1.515207921
10,0.1-2,-1.230729083373015,-0.650762376,1.291811881,-1.515207921
10,0.1-2,-1.2825991432578991,-0.670188119,1.291811881,-1.515207921
10,0.1-2,-0.926777216931016,-0.738178218,1.291811881,-1.515207921
10,0.1-2,-0.5513389484683711,-0.767316832,1.291811881,-1.515207921
10,0.1-2,-0.3600773619975119,-0.796455446,1.291811881,-1.515207921
10,0.1-2,-0.3465288513968571,-0.573059406,1.291811881,-1.515207921
10,0.1-2,-0.3214559694717824,-0.650762376,1.291811881,-1.515207921
10,0.1-2,-0.2999421898680015,-0.45650495,1.291811881,-1.515207921
10,0.1-2,-0.2279674127148887,-0.427366337,1.291811881,-1.515207921
10,0.1-2,-0.1020584916470693,-0.155405941,1.291811881,-1.515207921
10,0.1-2,-0.0228960797037158,-0.087415842,1.291811881,-1.515207921
10,0.1-2,0.1159434159307477,0.097128713,1.291811881,-1.515207921
10,0.1-2,0.2019213848861633,0.038851485,1.291811881,-1.515207921
10,0.1-2,0.3949698096320553,0.291386139,1.291811881,-1.515207921
10,0.1-2,0.4809350068603755,0.398227723,1.291811881,-1.515207921
10,0.1-2,0.556327660594794,0.670188119,1.291811881,-1.515207921
10,0.1-2,0.6672632771046971,0.582772277,1.291811881,-1.515207921
10,0.1-2,0.7589683789699595,0.718752475,1.291811881,-1.515207921
10,0.1-2,0.9471611549833028,0.709039604,1.291811881,-1.515207921
10,0.1-2,1.100322246117973,0.90329703,1.291811881,-1.515207921
10,0.1-2,0.990709157469006,0.893584158,1.291811881,-1.515207921
10,0.1-2,1.0255137453239722,1.048990099,1.291811881,-1.515207921
10,0.1-2,1.042012824569696,1.000425743,1.291811881,-1.515207921
10,0.1-2,1.061514996894423,1.097554455,1.291811881,-1.515207921
10,0.1-2,1.0509375218309829,1.068415842,1.291811881,-1.515207921
10,0.1-2,1.079741619251781,1.243247525,1.291811881,-1.515207921
10,0.1-2,1.060027959774487,0.874158416,1.291811881,-1.515207921
10,0.1-2,0.9728716163071388,0.631336634,1.291811881,-1.515207921
10,0.1-2,1.0201734051513138,0.359376238,1.291811881,-1.515207921
10,0.1-2,0.9388462602416476,0.485643564,1.291811881,-1.515207921
10,0.1-2,0.5891902740726346,0.369089109,1.291811881,-1.515207921
10,0.1-2,0.2147902839611715,0.417653465,1.291811881,-1.515207921
10,0.1-2,0.0358271806093787,0.37880198,1.291811881,-1.515207921
10,0.1-2,0.0336899648485276,0.30109901,1.291811881,-1.515207921
10,0.1-2,-0.0320509200217612,0.106841584,1.291811881,-1.515207921
10,0.1-2,-0.0200682917885452,-0.07770297,1.291811881,-1.515207921
10,0.1-2,-0.0613620727544139,-0.233108911,1.291811881,-1.515207921
10,0.1-2,-0.1521299287402919,-0.339950495,1.291811881,-1.515207921
10,0.1-2,-0.3738094048830481,-0.330237624,1.291811881,-1.515207921
10,0.1-2,-0.4864100960844558,-0.514782178,1.291811881,-1.515207921
10,0.1-2,-0.6447903595911387,-0.631336634,1.291811881,-1.515207921
10,0.1-2,-0.682415124331668,-0.738178218,1.291811881,-1.515207921
10,0.1-2,-0.7840553105866345,-0.777029703,1.291811881,-1.515207921
10,0.1-2,-0.9093589345486784,-0.942148515,1.291811881,-1.515207921
10,0.1-2,-0.9753379451853988,-1.05870297,1.291811881,-1.515207921
10,0.1-2,-0.9839525658328638,-1.194683168,1.291811881,-1.515207921
10,0.1-2,-1.0289755098619056,-1.116980198,1.291811881,-1.515207921
10,0.1-2,-1.0957826801261263,-1.476356436,1.291811881,-1.515207921
10,0.1-2,-1.1945251948238418,-1.146118812,1.291811881,-1.515207921
10,0.1-2,-1.1633746409041443,-0.961574257,1.291811881,-1.515207921
10,0.1-2,-1.1858730233790642,-0.641049505,1.291811881,-1.515207921
10,0.1-2,-1.249066146649841,-0.660475248,1.291811881,-1.515207921
10,0.1-2,-0.9749647525175952,-0.709039604,1.291811881,-1.515207921
10,0.1-2,-0.5880929871432277,-0.864445545,1.291811881,-1.515207921
10,0.1-2,-0.3414941136911663,-0.777029703,1.291811881,-1.515207921
10,0.1-2,-0.3329192353472418,-0.60219802,1.291811881,-1.515207921
10,0.1-2,-0.3281671150966691,-0.543920792,1.291811881,-1.515207921
10,0.1-2,-0.3547873223495277,-0.437079208,1.291811881,-1.515207921
10,0.1-2,-0.2600675311088323,-0.398227723,1.291811881,-1.515207921
10,0.1-2,-0.1173520114027272,-0.22339604,1.291811881,-1.515207921
10,0.1-2,0.0045893964060395,-0.174831683,1.291811881,-1.515207921
10,0.1-2,0.0848232916985276,0.038851485,1.291811881,-1.515207921
10,0.1-2,0.1724204791021295,0.126267327,1.291811881,-1.515207921
10,0.1-2,0.2960273695959529,0.271960396,1.291811881,-1.515207921
10,0.1-2,0.4426127186991722,0.45650495,1.291811881,-1.515207921
10,0.1-2,0.555934893497916,0.660475248,1.291811881,-1.515207921
10,0.1-2,0.6684480351280634,0.631336634,1.291811881,-1.515207921
10,0.1-2,0.7598267302836663,0.689613861,1.291811881,-1.515207921
10,0.1-2,0.9560769256782984,0.747891089,1.291811881,-1.515207921
10,0.1-2,1.060873726677334,0.747891089,1.291811881,-1.515207921
10,0.1-2,0.952559596202422,1.019851485,1.291811881,-1.515207921
10,0.1-2,1.0017723711168267,1.078128713,1.291811881,-1.515207921
10,0.1-2,1.048967300127957,0.942148515,1.291811881,-1.515207921
10,0.1-2,0.9546081858929868,1.029564356,1.291811881,-1.515207921
10,0.1-2,1.1923282097671932,1.116980198,1.291811881,-1.515207921
10,0.1-2,1.1101039658236764,1.252960396,1.291811881,-1.515207921
10,0.1-2,1.020462652399297,0.883871287,1.291811881,-1.515207921
10,0.1-2,0.965396517223736,0.631336634,1.291811881,-1.515207921
10,0.1-2,1.0163249648409076,0.388514851,1.291811881,-1.515207921
10,0.1-2,0.9714446102586184,0.485643564,1.291811881,-1.515207921
10,0.1-2,0.6087254157631419,0.359376238,1.291811881,-1.515207921
10,0.1-2,0.2465703734029761,0.446792079,1.291811881,-1.515207921
10,0.1-2,0.0616631219861,0.388514851,1.291811881,-1.515207921
10,0.1-2,0.0394808105480149,0.398227723,1.291811881,-1.515207921
10,0.1-2,-0.0255032272076265,0.067990099,1.291811881,-1.515207921
10,0.1-2,-0.013497720715104,-0.038851485,1.291811881,-1.515207921
10,0.1-2,-0.0415743994566989,-0.22339604,1.291811881,-1.515207921
10,0.1-2,-0.1636593817074635,-0.233108911,1.291811881,-1.515207921
10,0.1-2,-0.3334735018542433,-0.369089109,1.291811881,-1.515207921
10,0.1-2,-0.5020629628355132,-0.52449505,1.291811881,-1.515207921
10,0.1-2,-0.6594678823795309,-0.67990099,1.291811881,-1.515207921
10,0.1-2,-0.664429722170017,-0.75760396,1.291811881,-1.515207921
10,0.1-2,-0.7826105864573246,-0.806168317,1.291811881,-1.515207921
10,0.1-2,-0.883789821450019,-0.932435644,1.291811881,-1.515207921
10,0.1-2,-0.9767397571636522,-1.010138614,1.291811881,-1.515207921
10,0.1-2,-0.9616735233060232,-1.155831683,1.291811881,-1.515207921
10,0.1-2,-0.998645178002066,-1.146118812,1.291811881,-1.515207921
10,0.1-2,-1.1209761035603285,-1.43750495,1.291811881,-1.515207921
10,0.1-2,-1.155695465953004,-1.184970297,1.291811881,-1.515207921
10,0.1-2,-1.1405499080891628,-1.000425743,1.291811881,-1.515207921
10,0.1-2,-1.1805327810552282,-0.621623762,1.291811881,-1.515207921
10,0.1-2,-1.2889559157104156,-0.718752475,1.291811881,-1.515207921
10,0.1-2,-0.9466186909350316,-0.738178218,1.291811881,-1.515207921
10,0.1-2,-0.6100825464864755,-0.815881188,1.291811881,-1.515207921
10,0.1-2,-0.3836400831360902,-0.75760396,1.291811881,-1.515207921
10,0.1-2,-0.33407266232885,-0.718752475,1.291811881,-1.515207921
10,0.1-2,-0.3308820887168704,-0.514782178,1.291811881,-1.515207921
10,0.1-2,-0.3540712745633709,-0.495356436,1.291811881,-1.515207921
10,0.1-2,-0.239095780182669,-0.320524752,1.291811881,-1.515207921
10,0.1-2,-0.1147403668808788,-0.330237624,1.291811881,-1.515207921
10,0.1-2,0.0182240015963662,-0.048564356,1.291811881,-1.515207921
10,0.1-2,0.1007120222815333,-0.07770297,1.291811881,-1.515207921
10,0.1-2,0.1699937981560117,0.155405941,1.291811881,-1.515207921
10,0.1-2,0.3008898031724475,0.174831683,1.291811881,-1.515207921
10,0.1-2,0.4235667835640099,0.407940594,1.291811881,-1.515207921
10,0.1-2,0.5529705245709788,0.611910891,1.291811881,-1.515207921
10,0.1-2,0.6343966382986677,0.611910891,1.291811881,-1.515207921
10,0.1-2,0.7506850132772809,0.592485149,1.291811881,-1.515207921
10,0.1-2,0.8953007776469708,0.777029703,1.291811881,-1.515207921
10,0.1-2,1.0562243136901872,0.806168317,1.291811881,-1.515207921
10,0.1-2,0.971435863236384,0.922722772,1.291811881,-1.515207921
10,0.1-2,0.9852634101173172,0.951861386,1.291811881,-1.515207921
10,0.1-2,1.0555049749576992,1.05870297,1.291811881,-1.515207921
10,0.1-2,1.068212409017962,1.097554455,1.291811881,-1.515207921
10,0.1-2,1.065549862873561,1.107267327,1.291811881,-1.515207921
10,0.1-2,1.04004294646465,1.243247525,1.291811881,-1.515207921
10,0.1-2,1.0704076120950432,0.942148515,1.291811881,-1.515207921
10,0.1-2,1.002683696282442,0.563346535,1.291811881,-1.515207921
10,0.1-2,1.0014076954175246,0.398227723,1.291811881,-1.515207921
10,0.1-2,0.99360081046985,0.475930693,1.291811881,-1.515207921
10,0.1-2,0.6394428171927986,0.45650495,1.291811881,-1.515207921
10,0.1-2,0.2611589326166784,0.466217822,1.291811881,-1.515207921
10,0.1-2,0.0519969374623046,0.320524752,1.291811881,-1.515207921
10,0.1-2,0.0531852556403764,0.369089109,1.291811881,-1.515207921
10,0.1-2,0.0209272143148027,0.106841584,1.291811881,-1.515207921
10,0.1-2,-0.0148034511308841,-0.019425743,1.291811881,-1.515207921
10,0.1-2,-0.0760936948608252,-0.203970297,1.291811881,-1.515207921
10,0.1-2,-0.184183911969102,-0.233108911,1.291811881,-1.515207921
10,0.1-2,-0.359482710790805,-0.407940594,1.291811881,-1.515207921
10,0.1-2,-0.4815068453815564,-0.495356436,1.291811881,-1.515207921
10,0.1-2,-0.6201053439390305,-0.650762376,1.291811881,-1.515207921
10,0.1-2,-0.6822144699358899,-0.67990099,1.291811881,-1.515207921
10,0.1-2,-0.7949148169468871,-0.825594059,1.291811881,-1.515207921
10,0.1-2,-0.902084189146706,-0.874158416,1.291811881,-1.515207921
10,0.1-2,-0.9810616778190214,-1.039277228,1.291811881,-1.515207921
10,0.1-2,-0.9664719174329482,-1.097554455,1.291811881,-1.515207921
10,0.1-2,-1.022838377283089,-1.184970297,1.291811881,-1.515207921
10,0.1-2,-1.0682760994981293,-1.388940594,1.291811881,-1.515207921
10,0.1-2,-1.1210450811230648,-1.223821782,1.291811881,-1.515207921
10,0.1-2,-1.1649775132828566,-0.932435644,1.291811881,-1.515207921
10,0.1-2,-1.1706940932067358,-0.67990099,1.291811881,-1.515207921
10,0.1-2,-1.258606701167749,-0.670188119,1.291811881,-1.515207921
10,0.1-2,-1.0443637143359046,-0.718752475,1.291811881,-1.515207921
10,0.1-2,-0.6413573588285512,-0.796455446,1.291811881,-1.515207921
10,0.1-2,-0.3612948188907605,-0.777029703,1.291811881,-1.515207921
10,0.1-2,-0.2882775753910391,-0.728465347,1.291811881,-1.515207921
10,0.1-2,-0.3211326854985978,-0.563346535,1.291811881,-1.515207921
10,0.1-2,-0.3543783007046496,-0.437079208,1.291811881,-1.515207921
10,0.1-2,-0.3069962578106061,-0.349663366,1.291811881,-1.515207921
10,0.1-2,-0.1509316608469759,-0.320524752,1.291811881,-1.515207921
10,0.1-2,0.0030429814575434,-0.116554455,1.291811881,-1.515207921
10,0.1-2,0.1141632552000961,-0.038851485,1.291811881,-1.515207921
10,0.1-2,0.1766893060126941,0.165118812,1.291811881,-1.515207921
10,0.1-2,0.3047342184943764,0.203970297,1.291811881,-1.515207921
10,0.1-2,0.4154084300586909,0.437079208,1.291811881,-1.515207921
10,0.1-2,0.5037847038887492,0.60219802,1.291811881,-1.515207921
10,0.1-2,0.6466775578342279,0.592485149,1.291811881,-1.515207921
10,0.1-2,0.7541532813916383,0.592485149,1.291811881,-1.515207921
10,0.1-2,0.8892759525330572,0.815881188,1.291811881,-1.515207921
10,0.1-2,1.067346544624473,0.767316832,1.291811881,-1.515207921
10,0.1-2,0.9886818841057612,0.961574257,1.291811881,-1.515207921
10,0.1-2,0.9797263477911964,0.922722772,1.291811881,-1.515207921
10,0.1-2,1.056597168632025,1.048990099,1.291811881,-1.515207921
10,0.1-2,1.050339490508392,1.019851485,1.291811881,-1.515207921
10,0.1-2,1.0956397746793185,1.175257426,1.291811881,-1.515207921
10,0.1-2,1.0241453810191223,1.146118812,1.291811881,-1.515207921
10,0.1-2,1.029098009989638,0.961574257,1.291811881,-1.515207921
10,0.1-2,1.037349845903154,0.563346535,1.291811881,-1.515207921
10,0.1-2,1.0238581812428351,0.446792079,1.291811881,-1.515207921
10,0.1-2,0.987677914040452,0.398227723,1.291811881,-1.515207921
10,0.1-2,0.7083128860873671,0.427366337,1.291811881,-1.515207921
10,0.1-2,0.3195170890113086,0.398227723,1.291811881,-1.515207921
10,0.1-2,0.0879624919236636,0.475930693,1.291811881,-1.515207921
10,0.1-2,0.0657701374175561,0.281673267,1.291811881,-1.515207921
10,0.1-2,0.0217931874297186,0.106841584,1.291811881,-1.515207921
10,0.1-2,0.0064643489797858,-0.048564356,1.291811881,-1.515207921
10,0.1-2,-0.0225267483562261,-0.145693069,1.291811881,-1.515207921
10,0.1-2,-0.1559710297353329,-0.262247525,1.291811881,-1.515207921
10,0.1-2,-0.3210004207445282,-0.359376238,1.291811881,-1.515207921
10,0.1-2,-0.455147983234266,-0.505069307,1.291811881,-1.515207921
10,0.1-2,-0.5987355904226868,-0.631336634,1.291811881,-1.515207921
10,0.1-2,-0.6706591378791221,-0.660475248,1.291811881,-1.515207921
10,0.1-2,-0.7594458598756559,-0.815881188,1.291811881,-1.515207921
10,0.1-2,-0.8826143433383885,-0.864445545,1.291811881,-1.515207921
10,0.1-2,-0.938098735984638,-0.990712871,1.291811881,-1.515207921
10,0.1-2,-0.9850042357141996,-1.05870297,1.291811881,-1.515207921
10,0.1-2,-1.0157043200905072,-1.165544554,1.291811881,-1.515207921
10,0.1-2,-1.0732627452440977,-1.320950495,1.291811881,-1.515207921
10,0.1-2,-1.102310772787768,-1.28209901,1.291811881,-1.515207921
10,0.1-2,-1.1487351496556963,-0.990712871,1.291811881,-1.515207921
10,0.1-2,-1.135563753475627,-0.660475248,1.291811881,-1.515207921
10,0.1-2,-1.201863900505039,-0.670188119,1.291811881,-1.515207921
10,0.1-2,-1.0644787117215349,-0.75760396,1.291811881,-1.515207921
10,0.1-2,-0.7284031816746341,-0.796455446,1.291811881,-1.515207921
10,0.1-2,-0.3698771637819484,-0.883871287,1.291811881,-1.515207921
10,0.1-2,-0.3063215964000535,-0.641049505,1.291811881,-1.515207921
10,0.1-2,-0.3358319974251072,-0.534207921,1.291811881,-1.515207921
10,0.1-2,-0.3599354326210155,-0.398227723,1.291811881,-1.515207921
10,0.1-2,-0.3250146960012534,-0.417653465,1.291811881,-1.515207921
10,0.1-2,-0.1087569876996842,-0.271960396,1.291811881,-1.515207921
10,0.1-2,0.0016232544789826,-0.174831683,1.291811881,-1.515207921
10,0.1-2,0.0835147275566446,-0.058277228,1.291811881,-1.515207921
10,0.1-2,0.1668144336744726,0.106841584,1.291811881,-1.515207921
10,0.1-2,0.289992509233704,0.203970297,1.291811881,-1.515207921
10,0.1-2,0.390471110964262,0.398227723,1.291811881,-1.515207921
10,0.1-2,0.5607090091934309,0.563346535,1.291811881,-1.515207921
10,0.1-2,0.6368686891535351,0.631336634,1.291811881,-1.515207921
10,0.1-2,0.741584912309355,0.611910891,1.291811881,-1.515207921
10,0.1-2,0.9164424028692713,0.767316832,1.291811881,-1.515207921
10,0.1-2,1.0537703536541048,0.815881188,1.291811881,-1.515207921
10,0.1-2,1.019220490961211,0.951861386,1.291811881,-1.515207921
10,0.1-2,0.9822546029953176,0.90329703,1.291811881,-1.515207921
10,0.1-2,1.035390937985068,1.029564356,1.291811881,-1.515207921
10,0.1-2,1.0662819361733784,1.019851485,1.291811881,-1.515207921
10,0.1-2,1.0459788045465173,1.136405941,1.291811881,-1.515207921
10,0.1-2,1.0427094229918512,1.155831683,1.291811881,-1.515207921
10,0.1-2,1.0799408626886025,1.039277228,1.291811881,-1.515207921
10,0.1-2,1.02310809888672,0.621623762,1.291811881,-1.515207921
10,0.1-2,0.971436750417676,0.485643564,1.291811881,-1.515207921
10,0.1-2,0.9760346002272186,0.437079208,1.291811881,-1.515207921
10,0.1-2,0.6878586109400153,0.45650495,1.291811881,-1.515207921
10,0.1-2,0.3305291373200327,0.417653465,1.291811881,-1.515207921
10,0.1-2,0.0968939700748972,0.427366337,1.291811881,-1.515207921
10,0.1-2,0.051386443051897,0.262247525,1.291811881,-1.515207921
10,0.1-2,0.0187714007688718,0.174831683,1.291811881,-1.515207921
10,0.1-2,-0.0109965083387091,-0.029138614,1.291811881,-1.515207921
10,0.1-2,-0.0582493637778812,-0.116554455,1.291811881,-1.515207921
10,0.1-2,-0.1450092568017269,-0.330237624,1.291811881,-1.515207921
10,0.1-2,-0.3034883140602613,-0.330237624,1.291811881,-1.515207921
10,0.1-2,-0.4830789338175889,-0.52449505,1.291811881,-1.515207921
10,0.1-2,-0.6094652301380624,-0.592485149,1.291811881,-1.515207921
10,0.1-2,-0.7233703583410334,-0.689613861,1.291811881,-1.515207921
10,0.1-2,-0.7589526804276067,-0.718752475,1.291811881,-1.515207921
10,0.1-2,-0.8397709080892193,-0.942148515,1.291811881,-1.515207921
10,0.1-2,-0.9449206063070896,-0.951861386,1.291811881,-1.515207921
10,0.1-2,-0.9901756295447444,-1.039277228,1.291811881,-1.515207921
10,0.1-2,-1.0137925730279842,-1.155831683,1.291811881,-1.515207921
10,0.1-2,-1.0817540729371184,-1.330663366,1.291811881,-1.515207921
10,0.1-2,-1.1333866947577735,-1.252960396,1.291811881,-1.515207921
10,0.1-2,-1.1600092389825292,-0.981,1.291811881,-1.515207921
10,0.1-2,-1.0898973555790508,-0.738178218,1.291811881,-1.515207921
10,0.1-2,-1.2240131634422096,-0.67990099,1.291811881,-1.515207921
10,0.1-2,-1.0838264246617162,-0.777029703,1.291811881,-1.515207921
10,0.1-2,-0.7619283368602747,-0.767316832,1.291811881,-1.515207921
10,0.1-2,-0.4013202900875357,-0.825594059,1.291811881,-1.515207921
10,0.1-2,-0.3323197875732665,-0.611910891,1.291811881,-1.515207921
10,0.1-2,-0.3682987624356202,-0.60219802,1.291811881,-1.515207921
10,0.1-2,-0.3352102994746006,-0.417653465,1.291811881,-1.515207921
10,0.1-2,-0.314227271501155,-0.427366337,1.291811881,-1.515207921
10,0.1-2,-0.1400926742054496,-0.233108911,1.291811881,-1.515207921
10,0.1-2,-0.0372762006642977,-0.194257426,1.291811881,-1.515207921
10,0.1-2,0.0782108092151927,0.0,1.291811881,-1.515207921
10,0.1-2,0.170796033335491,0.07770297,1.291811881,-1.515207921
10,0.1-2,0.2489852171906316,0.271960396,1.291811881,-1.515207921
10,0.1-2,0.3965798924464677,0.407940594,1.291811881,-1.515207921
10,0.1-2,0.5083289338831557,0.592485149,1.291811881,-1.515207921
10,0.1-2,0.6336204977551898,0.650762376,1.291811881,-1.515207921
10,0.1-2,0.7524367157973395,0.699326733,1.291811881,-1.515207921
10,0.1-2,0.8846547665767055,0.777029703,1.291811881,-1.515207921
10,0.1-2,1.0211071283973434,0.845019802,1.291811881,-1.515207921
10,0.1-2,1.003558108137478,0.90329703,1.291811881,-1.515207921
10,0.1-2,0.9738725250639668,0.951861386,1.291811881,-1.515207921
10,0.1-2,1.0602719404313563,0.961574257,1.291811881,-1.515207921
10,0.1-2,1.0649875090131131,1.068415842,1.291811881,-1.515207921
10,0.1-2,1.0759344986653636,1.05870297,1.291811881,-1.515207921
10,0.1-2,1.0007026625610576,1.175257426,1.291811881,-1.515207921
10,0.1-2,1.0395030859624446,1.010138614,1.291811881,-1.515207921
10,0.1-2,1.043215021291465,0.650762376,1.291811881,-1.515207921
10,0.1-2,0.959447111969355,0.505069307,1.291811881,-1.515207921
10,0.1-2,0.9860611636149508,0.437079208,1.291811881,-1.515207921
10,0.1-2,0.7186179222181944,0.534207921,1.291811881,-1.515207921
10,0.1-2,0.3236574057783701,0.466217822,1.291811881,-1.515207921
10,0.1-2,0.1060769329502417,0.398227723,1.291811881,-1.515207921
10,0.1-2,0.0618923300846701,0.262247525,1.291811881,-1.515207921
10,0.1-2,0.0582214461911209,0.252534653,1.291811881,-1.515207921
10,0.1-2,0.0017216180302589,-0.019425743,1.291811881,-1.515207921
10,0.1-2,-0.0619811897841619,-0.087415842,1.291811881,-1.515207921
10,0.1-2,-0.1548490251144955,-0.291386139,1.291811881,-1.515207921
10,0.1-2,-0.2926031278739564,-0.233108911,1.291811881,-1.515207921
10,0.1-2,-0.4630468178939974,-0.543920792,1.291811881,-1.515207921
10,0.1-2,-0.6048778321032745,-0.543920792,1.291811881,-1.515207921
10,0.1-2,-0.6433460315479753,-0.796455446,1.291811881,-1.515207921
10,0.1-2,-0.7389037080442505,-0.699326733,1.291811881,-1.515207921
10,0.1-2,-0.8651747725946892,-0.951861386,1.291811881,-1.515207921
10,0.1-2,-0.9514982793388728,-0.942148515,1.291811881,-1.515207921
10,0.1-2,-1.0121450092499238,-1.136405941,1.291811881,-1.515207921
10,0.1-2,-1.015210591827241,-1.078128713,1.291811881,-1.515207921
10,0.1-2,-1.0836127079037368,-1.427792079,1.291811881,-1.515207921
10,0.1-2,-1.1218543036762707,-1.233534653,1.291811881,-1.515207921
10,0.1-2,-1.1473352623790731,-1.068415842,1.291811881,-1.515207921
10,0.1-2,-1.0861275729266409,-0.650762376,1.291811881,-1.515207921
10,0.1-2,-1.2317127497587754,-0.699326733,1.291811881,-1.515207921
10,0.1-2,-1.1291430673761862,-0.718752475,1.291811881,-1.515207921
10,0.1-2,-0.740094424718424,-0.854732673,1.291811881,-1.515207921
10,0.1-2,-0.4030620823967072,-0.864445545,1.291811881,-1.515207921
10,0.1-2,-0.306483271018363,-0.670188119,1.291811881,-1.515207921
10,0.1-2,-0.3816821573012102,-0.543920792,1.291811881,-1.515207921
10,0.1-2,-0.3647623806183998,-0.437079208,1.291811881,-1.515207921
10,0.1-2,-0.3384414182836101,-0.407940594,1.291811881,-1.515207921
10,0.1-2,-0.1483036012166979,-0.291386139,1.291811881,-1.515207921
10,0.1-2,0.0012629425807567,-0.194257426,1.291811881,-1.515207921
10,0.1-2,0.1128617684990095,-0.009712871,1.291811881,-1.515207921
10,0.1-2,0.1445940140692787,0.106841584,1.291811881,-1.515207921
10,0.1-2,0.2674555223344199,0.291386139,1.291811881,-1.515207921
10,0.1-2,0.3846703208140762,0.291386139,1.291811881,-1.515207921
10,0.1-2,0.5325505952950983,0.592485149,1.291811881,-1.515207921
10,0.1-2,0.654412022372895,0.60219802,1.291811881,-1.515207921
10,0.1-2,0.7345559709512334,0.670188119,1.291811881,-1.515207921
10,0.1-2,0.8583262193098282,0.747891089,1.291811881,-1.515207921
10,0.1-2,1.0226680850631171,0.883871287,1.291811881,-1.515207921
10,0.1-2,1.0047055468946344,0.913009901,1.291811881,-1.515207921
10,0.1-2,0.9660569611204024,0.971287129,1.291811881,-1.515207921
10,0.1-2,1.0349880840890475,1.000425743,1.291811881,-1.515207921
10,0.1-2,1.0324977178778263,1.029564356,1.291811881,-1.515207921
10,0.1-2,1.0665430563493987,1.048990099,1.291811881,-1.515207921
10,0.1-2,1.047009834733325,1.20439604,1.291811881,-1.515207921
10,0.1-2,1.0276716782096655,1.010138614,1.291811881,-1.515207921
10,0.1-2,0.9807212348068908,0.660475248,1.291811881,-1.515207921
10,0.1-2,0.97644748519857,0.407940594,1.291811881,-1.515207921
10,0.1-2,1.0143648005783037,0.466217822,1.291811881,-1.515207921
10,0.1-2,0.7507764924685262,0.466217822,1.291811881,-1.515207921
10,0.1-2,0.3178245639876038,0.475930693,1.291811881,-1.515207921
10,0.1-2,0.1053618759079437,0.388514851,1.291811881,-1.515207921
10,0.1-2,0.0934773295604627,0.262247525,1.291811881,-1.515207921
10,0.1-2,0.0639557319676192,0.203970297,1.291811881,-1.515207921
10,0.1-2,-0.0104615700277266,0.0,1.291811881,-1.515207921
10,0.1-2,-0.0605399945941317,-0.097128713,1.291811881,-1.515207921
10,0.1-2,-0.1456546095658668,-0.281673267,1.291811881,-1.515207921
10,0.1-2,-0.3121053354025846,-0.271960396,1.291811881,-1.515207921
10,0.1-2,-0.4308385962878887,-0.475930693,1.291811881,-1.515207921
10,0.1-2,-0.5741380994953283,-0.563346535,1.291811881,-1.515207921
10,0.1-2,-0.6882297839340694,-0.767316832,1.291811881,-1.515207921
10,0.1-2,-0.7479647003342919,-0.728465347,1.291811881,-1.515207921
10,0.1-2,-0.8910742362254171,-0.932435644,1.291811881,-1.515207921
10,0.1-2,-0.9660090606165392,-0.951861386,1.291811881,-1.515207921
10,0.1-2,-0.9859438443908264,-1.126693069,1.291811881,-1.515207921
10,0.1-2,-0.9939991255822288,-1.078128713,1.291811881,-1.515207921
10,0.1-2,-1.0790988717747438,-1.456930693,1.291811881,-1.515207921
10,0.1-2,-1.1199570971717214,-1.20439604,1.291811881,-1.515207921
10,0.1-2,-1.1398007187081698,-1.068415842,1.291811881,-1.515207921
10,0.1-2,-1.1143734889009358,-0.621623762,1.291811881,-1.515207921
10,0.1-2,-1.259250805416204,-0.75760396,1.291811881,-1.515207921
10,0.1-2,-1.1086630311384962,-0.660475248,1.291811881,-1.515207921
10,0.1-2,-0.7457353582962405,-0.835306931,1.291811881,-1.515207921
10,0.1-2,-0.3693464316081688,-0.815881188,1.291811881,-1.515207921
10,0.1-2,-0.3084632945148621,-0.689613861,1.291811881,-1.515207921
10,0.1-2,-0.3485970449369607,-0.485643564,1.291811881,-1.515207921
10,0.1-2,-0.3826484796028858,-0.437079208,1.291811881,-1.515207921
10,0.1-2,-0.3244664486651422,-0.37880198,1.291811881,-1.515207921
10,0.1-2,-0.1384468490246214,-0.30109901,1.291811881,-1.515207921
10,0.1-2,-0.0085512159012755,-0.126267327,1.291811881,-1.515207921
10,0.1-2,0.0863202375469741,0.019425743,1.291811881,-1.515207921
10,0.1-2,0.191635786479677,0.07770297,1.291811881,-1.515207921
10,0.1-2,0.2316093571320619,0.22339604,1.291811881,-1.515207921
10,0.1-2,0.4181562631151189,0.310811881,1.291811881,-1.515207921
10,0.1-2,0.537208872738434,0.592485149,1.291811881,-1.515207921
10,0.1-2,0.6055109202087168,0.621623762,1.291811881,-1.515207921
10,0.1-2,0.7521183879133364,0.641049505,1.291811881,-1.515207921
10,0.1-2,0.8386827157551816,0.777029703,1.291811881,-1.515207921
10,0.1-2,1.0413349628147257,0.825594059,1.291811881,-1.515207921
10,0.1-2,1.0280411982060416,0.922722772,1.291811881,-1.515207921
10,0.1-2,0.9602579455388324,0.990712871,1.291811881,-1.515207921
10,0.1-2,1.0467533183801698,1.048990099,1.291811881,-1.515207921
10,0.1-2,1.0409734156168624,1.048990099,1.291811881,-1.515207921
10,0.1-2,1.0632394435820804,1.126693069,1.291811881,-1.515207921
10,0.1-2,1.0693671365515094,1.233534653,1.291811881,-1.515207921
10,0.1-2,1.058803085516184,0.90329703,1.291811881,-1.515207921
10,0.1-2,1.0043399003438889,0.641049505,1.291811881,-1.515207921
10,0.1-2,0.9994021182181252,0.37880198,1.291811881,-1.515207921
10,0.1-2,1.0090551973353037,0.45650495,1.291811881,-1.515207921
10,0.1-2,0.7298169887967624,0.437079208,1.291811881,-1.515207921
10,0.1-2,0.33961259410766,0.446792079,1.291811881,-1.515207921
10,0.1-2,0.1098970287398767,0.37880198,1.291811881,-1.515207921
10,0.1-2,0.0966533927060106,0.291386139,1.291811881,-1.515207921
10,0.1-2,0.0862702939376161,0.135980198,1.291811881,-1.515207921
10,0.1-2,-0.0174405865281912,-0.048564356,1.291811881,-1.515207921
10,0.1-2,-0.0452117504321389,-0.184544554,1.291811881,-1.515207921
10,0.1-2,-0.1577942086750143,-0.359376238,1.291811881,-1.515207921
10,0.1-2,-0.3345630161907369,-0.437079208,1.291811881,-1.515207921
10,0.1-2,-0.493797700815865,-0.650762376,1.291811881,-1.515207921
10,0.1-2,-0.6529814294811673,-0.699326733,1.291811881,-1.515207921
10,0.1-2,-0.7632613159356266,-0.854732673,1.291811881,-1.515207921
10,0.1-2,-0.8491018156271132,-0.835306931,1.291811881,-1.515207921
10,0.1-2,-1.008148338957835,-0.961574257,1.291811881,-1.515207921
10,0.1-2,-1.0340806408523102,-0.942148515,1.291811881,-1.515207921
10,0.1-2,-1.0735722438523312,-1.087841584,1.291811881,-1.515207921
10,0.1-2,-1.0534753528681111,-1.116980198,1.291811881,-1.515207921
10,0.1-2,-1.0506980624151367,-1.311237624,1.291811881,-1.515207921
10,0.1-2,-1.0845140203241257,-1.010138614,1.291811881,-1.515207921
10,0.1-2,-1.0274768231951388,-0.786742574,1.291811881,-1.515207921
10,0.1-2,-1.1659906220235663,-0.446792079,1.291811881,-1.515207921
10,0.1-2,-1.1127544844022883,-0.582772277,1.291811881,-1.515207921
10,0.1-2,-0.767811477587606,-0.563346535,1.291811881,-1.515207921
10,0.1-2,-0.4008141024642491,-0.67990099,1.291811881,-1.515207921
10,0.1-2,-0.1877692798800886,-0.437079208,1.291811881,-1.515207921
10,0.1-2,-0.2298213111898984,-0.514782178,1.291811881,-1.515207921
10,0.1-2,-0.2236113882964017,-0.233108911,1.291811881,-1.515207921
10,0.1-2,-0.1936470836774015,-0.369089109,1.291811881,-1.515207921
10,0.1-2,-0.0853315953091141,-0.145693069,1.291811881,-1.515207921
10,0.1-2,0.0376862762546201,-0.145693069,1.291811881,-1.515207921
10,0.1-2,0.1626503484461599,0.07770297,1.291811881,-1.515207921
10,0.1-2,0.1876356279862308,0.07770297,1.291811881,-1.515207921
10,0.1-2,0.272597419528185,0.252534653,1.291811881,-1.515207921
10,0.1-2,0.3733802143739977,0.233108911,1.291811881,-1.515207921
10,0.1-2,0.4914745373129138,0.45650495,1.291811881,-1.515207921
10,0.1-2,0.5675001263309152,0.437079208,1.291811881,-1.515207921
10,0.1-2,0.6576835952218298,0.60219802,1.291811881,-1.515207921
10,0.1-2,0.7139671650089937,0.631336634,1.291811881,-1.515207921
10,0.1-2,0.8059536700441184,0.650762376,1.291811881,-1.515207921
10,0.1-2,0.7821370769376582,0.553633663,1.291811881,-1.515207921
10,0.1-2,0.8662620653141825,0.631336634,1.291811881,-1.515207921
10,0.1-2,0.8510755187159242,0.641049505,1.291811881,-1.515207921
10,0.1-2,0.7645493517444544,0.670188119,1.291811881,-1.515207921
10,0.1-2,0.7186250307865428,0.718752475,1.291811881,-1.515207921
10,0.1-2,0.7020144083381473,0.660475248,1.291811881,-1.515207921
10,0.1-2,0.6896998048458555,0.660475248,1.291811881,-1.515207921
10,0.1-2,0.6565749221473778,0.359376238,1.291811881,-1.515207921
10,0.1-2,0.6233343281776736,0.242821782,1.291811881,-1.515207921
10,0.1-2,0.5967523713381716,0.155405941,1.291811881,-1.515207921
10,0.1-2,0.4506590810574963,0.135980198,1.291811881,-1.515207921
10,0.1-2,0.2084306819484479,0.165118812,1.291811881,-1.515207921
10,0.1-2,0.0175878576604385,0.145693069,1.291811881,-1.515207921
10,0.1-2,-0.0579848215745465,-0.087415842,1.291811881,-1.515207921
10,0.1-2,-0.1073670589325273,-0.067990099,1.291811881,-1.515207921
10,0.1-2,-0.0898228621504356,-0.165118812,1.291811881,-1.515207921
10,0.1-2,-0.1725813331840495,-0.145693069,1.291811881,-1.515207921
10,0.1-2,-0.2683168489865602,-0.271960396,1.291811881,-1.515207921
10,0.1-2,-0.345542175032732,-0.320524752,1.291811881,-1.515207921
10,0.1-2,-0.3725639255869527,-0.388514851,1.291811881,-1.515207921
10,0.1-2,-0.4624466712155377,-0.417653465,1.291811881,-1.515207921
10,0.1-2,-0.4880718138990121,-0.437079208,1.291811881,-1.515207921
10,0.1-2,-0.5258996402204675,-0.495356436,1.291811881,-1.515207921
10,0.1-2,-0.5467868431706129,-0.485643564,1.291811881,-1.515207921
10,0.1-2,-0.5448169023720387,-0.641049505,1.291811881,-1.515207921
10,0.1-2,-0.572188867158175,-0.747891089,1.291811881,-1.515207921
10,0.1-2,-0.603730028872865,-0.699326733,1.291811881,-1.515207921
10,0.1-2,-0.5626939939254599,-0.37880198,1.291811881,-1.515207921
10,0.1-2,-0.616381121301719,-0.291386139,1.291811881,-1.515207921
10,0.1-2,-0.724318474619037,-0.30109901,1.291811881,-1.515207921
10,0.1-2,-0.5582683035343694,-0.388514851,1.291811881,-1.515207921
10,0.1-2,-0.2898849898444486,-0.291386139,1.291811881,-1.515207921
10,0.1-2,-0.1801761781672729,-0.291386139,1.291811881,-1.515207921
10,0.1-2,-0.1768955796713487,-0.126267327,1.291811881,-1.515207921
10,0.1-2,-0.1865741711450499,-0.184544554,1.291811881,-1.515207921
10,0.1-2,-0.1385130371289916,-0.087415842,1.291811881,-1.515207921
10,0.1-2,-0.0663858399246672,-0.145693069,1.291811881,-1.515207921
10,0.1-2,0.0309620065169139,-0.058277228,1.291811881,-1.515207921
10,0.1-2,0.0605600469264708,-0.07770297,1.291811881,-1.515207921
10,0.1-2,0.0541128948796873,0.038851485,1.291811881,-1.515207921
10,0.1-2,0.0473495579899642,0.048564356,1.291811881,-1.515207921
10,0.1-2,0.072295424629602,0.165118812,1.291811881,-1.515207921
10,0.1-2,0.1536273897743105,0.0,1.291811881,-1.515207921
10,0.1-2,0.228611377717505,0.203970297,1.291811881,-1.515207921
10,0.1-2,0.2732069612381829,0.116554455,1.291811881,-1.515207921
10,0.1-2,0.2803255140937133,0.310811881,1.291811881,-1.515207921
10,0.1-2,0.2449297354363627,0.184544554,1.291811881,-1.515207921
10,0.1-2,0.3007838103484598,0.30109901,1.291811881,-1.515207921
10,0.1-2,0.3610484789683674,0.106841584,1.291811881,-1.515207921
10,0.1-2,0.397017520419295,0.291386139,1.291811881,-1.515207921
10,0.1-2,0.3793859682798489,0.155405941,1.291811881,-1.515207921
10,0.1-2,0.3097216972025253,0.203970297,1.291811881,-1.515207921
10,0.1-2,0.3093750178042329,0.135980198,1.291811881,-1.515207921
10,0.1-2,0.3311035097257793,0.184544554,1.291811881,-1.515207921
10,0.1-2,0.2672973276515327,0.038851485,1.291811881,-1.515207921
10,0.1-2,0.2075923282303468,0.0,1.291811881,-1.515207921
10,0.1-2,0.1873950943017936,-0.067990099,1.291811881,-1.515207921
10,0.1-2,0.1817480469284473,-0.048564356,1.291811881,-1.515207921
10,0.1-2,0.0937491830560276,-0.07770297,1.291811881,-1.515207921
10,0.1-2,0.0490742645388701,-0.07770297,1.291811881,-1.515207921
10,0.1-2,-0.0224230354559874,-0.116554455,1.291811881,-1.515207921
10,0.1-2,-0.063240649508259,-0.242821782,1.291811881,-1.515207921
10,0.1-2,-0.0354349289712188,-0.203970297,1.291811881,-1.515207921
10,0.1-2,-0.0638187392645126,-0.271960396,1.291811881,-1.515207921
10,0.1-2,-0.1095112036707302,-0.233108911,1.291811881,-1.515207921
10,0.1-2,-0.173902503868466,-0.22339604,1.291811881,-1.515207921
10,0.1-2,-0.2074362926768106,-0.097128713,1.291811881,-1.515207921
10,0.1-2,-0.1797445850932787,-0.116554455,1.291811881,-1.515207921
10,0.1-2,-0.1631860238708303,-0.019425743,1.291811881,-1.515207921
10,0.1-2,-0.165647664711553,-0.058277228,1.291811881,-1.515207921
10,0.1-2,-0.0951048584143612,-0.038851485,1.291811881,-1.515207921
10,0.1-2,-0.0215314646893871,-0.106841584,1.291811881,-1.515207921
10,0.1-2,-0.0080000972779382,-0.048564356,1.291811881,-1.515207921
10,0.1-2,-0.0155622929250974,-0.087415842,1.291811881,-1.515207921
10,0.1-2,-0.0256233956572454,0.0,1.291811881,-1.515207921
10,0.1-2,-0.0076614713918933,-0.048564356,1.291811881,-1.515207921
10,0.1-2,-0.0165372464623432,-0.048564356,1.291811881,-1.515207921
10,0.1-2,-0.012527417170872,-0.048564356,1.291811881,-1.515207921
10,0.1-2,-0.0157666477433589,-0.067990099,1.291811881,-1.515207921
10,0.1-2,-0.0063132919597642,-0.07770297,1.291811881,-1.515207921
10,0.1-2,-0.0335214518247174,-0.087415842,1.291811881,-1.515207921
10,0.1-2,-0.0209115061209878,-0.048564356,1.291811881,-1.515207921
10,0.1-2,-0.0153210416805633,0.0,1.291811881,-1.515207921
10,0.1-2,-0.0169992036792225,-0.029138614,1.291811881,-1.515207921
10,0.1-2,-0.0326541537198367,-0.067990099,1.291811881,-1.515207921
10,0.1-2,-0.0045783029191515,0.0,1.291811881,-1.515207921
10,0.1-2,-0.0086883257305053,-0.048564356,1.291811881,-1.515207921
10,0.1-2,0.0034582731392961,-0.029138614,1.291811881,-1.515207921
10,0.1-2,-0.0028757393321396,-0.087415842,1.291811881,-1.515207921
10,0.1-2,-0.021968409200443,-0.009712871,1.291811881,-1.515207921
10,0.1-2,-0.0177749299557184,-0.116554455,1.291811881,-1.515207921
10,0.1-2,-0.0032307453466255,0.0,1.291811881,-1.515207921
10,0.1-2,0.0063858425231753,-0.116554455,1.291811881,-1.515207921
10,0.1-2,-0.0180640970984224,-0.019425743,1.291811881,-1.515207921
10,0.1-2,-0.0275581379958625,-0.058277228,1.291811881,-1.515207921
10,0.1-2,-0.0056135043724539,0.009712871,1.291811881,-1.515207921
10,0.1-2,-0.0284780246371154,-0.067990099,1.291811881,-1.515207921
10,0.1-2,-0.0057813419208404,-0.009712871,1.291811881,-1.515207921
10,0.1-2,-0.0256415915244892,-0.106841584,1.291811881,-1.515207921
10,0.1-2,-0.019847606525008,0.009712871,1.291811881,-1.515207921
10,0.1-2,-0.0220152889391904,-0.087415842,1.291811881,-1.515207921
10,0.1-2,-0.0168998782222789,-0.067990099,1.291811881,-1.515207921
10,0.1-2,-0.0236980435008756,-0.048564356,1.291811881,-1.515207921
10,0.1-2,-0.0164836358540818,-0.038851485,1.291811881,-1.515207921
10,0.1-2,0.0015844347602379,-0.067990099,1.291811881,-1.515207921
10,0.1-2,-0.009764217593542,-0.029138614,1.291811881,-1.515207921
10,0.1-2,-0.0220081851017727,-0.009712871,1.291811881,-1.515207921
10,0.1-2,-0.0143589281278,-0.038851485,1.291811881,-1.515207921
10,0.1-2,-0.0068722703925389,-0.029138614,1.291811881,-1.515207921
10,0.1-2,-0.0144201158554024,-0.048564356,1.291811881,-1.515207921
10,0.1-2,-0.0165130614625117,-0.087415842,1.291811881,-1.515207921
10,0.1-2,-0.018233763702582,-0.058277228,1.291811881,-1.515207921
10,0.1-2,-0.0277825148330765,-0.038851485,1.291811881,-1.515207921
10,0.1-2,-0.0072245530328245,-0.07770297,1.291811881,-1.515207921
10,0.1-2,-0.0273919325724276,-0.106841584,1.291811881,-1.515207921
10,0.1-2,-0.01006588733744,-0.058277228,1.291811881,-1.515207921
10,0.1-2,-0.0149886995870389,0.019425743,1.291811881,-1.515207921
10,0.1-2,-0.0129513386535731,-0.126267327,1.291811881,-1.515207921
10,0.1-2,-0.0099628641953152,-0.019425743,1.291811881,-1.515207921
8,0.1-6.4,-0.0034679381569628,-0.038851485,0.913009901,-1.350089109
8,0.1-6.4,-0.014675172945942,0.019425743,0.913009901,-1.350089109
8,0.1-6.4,-0.0154264741777689,-0.019425743,0.913009901,-1.350089109
8,0.1-6.4,-0.0050720051779525,-0.048564356,0.913009901,-1.350089109
8,0.1-6.4,0.0124774359199927,-0.067990099,0.913009901,-1.350089109
8,0.1-6.4,-0.0014362197205461,-0.067990099,0.913009901,-1.350089109
8,0.1-6.4,0.0024290468799028,-0.038851485,0.913009901,-1.350089109
8,0.1-6.4,0.0461295187695981,0.0,0.913009901,-1.350089109
8,0.1-6.4,0.0398855034382086,0.019425743,0.913009901,-1.350089109
8,0.1-6.4,-0.0321842441376379,-0.067990099,0.913009901,-1.350089109
8,0.1-6.4,-0.1029843235236374,-0.087415842,0.913009901,-1.350089109
8,0.1-6.4,-0.1754433882521041,-0.213683168,0.913009901,-1.350089109
8,0.1-6.4,-0.2326227896243305,-0.271960396,0.913009901,-1.350089109
8,0.1-6.4,-0.1812662923566492,-0.252534653,0.913009901,-1.350089109
8,0.1-6.4,-0.0251126302145575,-0.07770297,0.913009901,-1.350089109
8,0.1-6.4,0.180876253072377,0.07770297,0.913009901,-1.350089109
8,0.1-6.4,0.330555455990177,0.242821782,0.913009901,-1.350089109
8,0.1-6.4,0.3963484797596868,0.320524752,0.913009901,-1.350089109
8,0.1-6.4,0.4396706390493363,0.398227723,0.913009901,-1.350089109
8,0.1-6.4,0.3556893739610173,0.339950495,0.913009901,-1.350089109
8,0.1-6.4,0.1315153049103676,0.213683168,0.913009901,-1.350089109
8,0.1-6.4,-0.1499721878788573,-0.07770297,0.913009901,-1.350089109
8,0.1-6.4,-0.4321491598528254,-0.37880198,0.913009901,-1.350089109
8,0.1-6.4,-0.5988679852167992,-0.611910891,0.913009901,-1.350089109
8,0.1-6.4,-0.6412113240800625,-0.75760396,0.913009901,-1.350089109
8,0.1-6.4,-0.5491466579575648,-0.611910891,0.913009901,-1.350089109
8,0.1-6.4,-0.4726064764256066,-0.573059406,0.913009901,-1.350089109
8,0.1-6.4,-0.2467900410332771,-0.369089109,0.913009901,-1.350089109
8,0.1-6.4,0.0106299558517191,-0.135980198,0.913009901,-1.350089109
8,0.1-6.4,0.2716006928569767,0.184544554,0.913009901,-1.350089109
8,0.1-6.4,0.53266873958142,0.388514851,0.913009901,-1.350089109
8,0.1-6.4,0.7591635974560798,0.728465347,0.913009901,-1.350089109
8,0.1-6.4,0.8074523333489751,0.689613861,0.913009901,-1.350089109
8,0.1-6.4,0.777313191561027,0.738178218,0.913009901,-1.350089109
8,0.1-6.4,0.7057577022133688,0.592485149,0.913009901,-1.350089109
8,0.1-6.4,0.3900223031977802,0.495356436,0.913009901,-1.350089109
8,0.1-6.4,-0.1020205448103012,-0.106841584,0.913009901,-1.350089109
8,0.1-6.4,-0.5197687853955132,-0.466217822,0.913009901,-1.350089109
8,0.1-6.4,-0.9876215911492708,-1.116980198,0.913009901,-1.350089109
8,0.1-6.4,-1.2416551738207535,-1.223821782,0.913009901,-1.350089109
8,0.1-6.4,-0.9435537627260536,-1.126693069,0.913009901,-1.350089109
8,0.1-6.4,-0.5971873047432467,-0.611910891,0.913009901,-1.350089109
8,0.1-6.4,-0.3002306720311027,-0.330237624,0.913009901,-1.350089109
8,0.1-6.4,-0.0265275349714468,0.019425743,0.913009901,-1.350089109
8,0.1-6.4,0.1820086602872355,0.067990099,0.913009901,-1.350089109
8,0.1-6.4,0.3594317294572646,0.339950495,0.913009901,-1.350089109
8,0.1-6.4,0.6320953216324611,0.505069307,0.913009901,-1.350089109
8,0.1-6.4,0.8866917728823336,0.883871287,0.913009901,-1.350089109
8,0.1-6.4,0.92394098974419,0.825594059,0.913009901,-1.350089109
8,0.1-6.4,0.7837124929244872,0.806168317,0.913009901,-1.350089109
8,0.1-6.4,0.5627956933280021,0.563346535,0.913009901,-1.350089109
8,0.1-6.4,0.140538435580386,0.174831683,0.913009901,-1.350089109
8,0.1-6.4,-0.3409608516931727,-0.369089109,0.913009901,-1.350089109
8,0.1-6.4,-0.7494005607944458,-0.747891089,0.913009901,-1.350089109
8,0.1-6.4,-1.1433938090464906,-1.175257426,0.913009901,-1.350089109
8,0.1-6.4,-1.0802122384375243,-1.184970297,0.913009901,-1.350089109
8,0.1-6.4,-0.7029920401039779,-0.806168317,0.913009901,-1.350089109
8,0.1-6.4,-0.4437734553140028,-0.505069307,0.913009901,-1.350089109
8,0.1-6.4,-0.1865906123059778,-0.233108911,0.913009901,-1.350089109
8,0.1-6.4,0.0766567479821908,0.038851485,0.913009901,-1.350089109
8,0.1-6.4,0.2941591361120734,0.291386139,0.913009901,-1.350089109
8,0.1-6.4,0.4597012585517558,0.37880198,0.913009901,-1.350089109
8,0.1-6.4,0.7274041063614631,0.670188119,0.913009901,-1.350089109
8,0.1-6.4,0.9234512217760816,0.913009901,0.913009901,-1.350089109
8,0.1-6.4,0.8559274964672545,0.835306931,0.913009901,-1.350089109
8,0.1-6.4,0.7506792653527857,0.67990099,0.913009901,-1.350089109
8,0.1-6.4,0.4485373459077584,0.437079208,0.913009901,-1.350089109
8,0.1-6.4,0.0016754401015617,-0.038851485,0.913009901,-1.350089109
8,0.1-6.4,-0.397288542325194,-0.45650495,0.913009901,-1.350089109
8,0.1-6.4,-0.7912884026322309,-0.806168317,0.913009901,-1.350089109
8,0.1-6.4,-1.175927028250538,-1.233534653,0.913009901,-1.350089109
8,0.1-6.4,-1.1123976336486296,-1.078128713,0.913009901,-1.350089109
8,0.1-6.4,-0.6789253612976779,-0.709039604,0.913009901,-1.350089109
8,0.1-6.4,-0.3175064040996898,-0.398227723,0.913009901,-1.350089109
8,0.1-6.4,-0.1033374853417539,-0.097128713,0.913009901,-1.350089109
8,0.1-6.4,0.1526572687435063,0.135980198,0.913009901,-1.350089109
8,0.1-6.4,0.3429665100668038,0.30109901,0.913009901,-1.350089109
8,0.1-6.4,0.54516213557172,0.534207921,0.913009901,-1.350089109
8,0.1-6.4,0.8233667381842311,0.75760396,0.913009901,-1.350089109
8,0.1-6.4,0.9170240565783268,0.854732673,0.913009901,-1.350089109
8,0.1-6.4,0.8151576713999824,0.718752475,0.913009901,-1.350089109
8,0.1-6.4,0.6504644660902522,0.573059406,0.913009901,-1.350089109
8,0.1-6.4,0.4173603013405633,0.271960396,0.913009901,-1.350089109
8,0.1-6.4,-0.0162304755669256,-0.126267327,0.913009901,-1.350089109
8,0.1-6.4,-0.4415795348746755,-0.611910891,0.913009901,-1.350089109
8,0.1-6.4,-0.8884996188479332,-0.990712871,0.913009901,-1.350089109
8,0.1-6.4,-1.2040773751088762,-1.350089109,0.913009901,-1.350089109
8,0.1-6.4,-0.9962342314996752,-0.854732673,0.913009901,-1.350089109
8,0.1-6.4,-0.630124457077784,-0.621623762,0.913009901,-1.350089109
8,0.1-6.4,-0.3554706342717193,-0.203970297,0.913009901,-1.350089109
8,0.1-6.4,-0.0824570423297953,-0.135980198,0.913009901,-1.350089109
8,0.1-6.4,0.15825137520308,0.22339604,0.913009901,-1.350089109
8,0.1-6.4,0.3472361169412413,0.271960396,0.913009901,-1.350089109
8,0.1-6.4,0.5380509897620643,0.660475248,0.913009901,-1.350089109
8,0.1-6.4,0.8677389493914232,0.815881188,0.913009901,-1.350089109
8,0.1-6.4,0.9326308173597349,0.845019802,0.913009901,-1.350089109
8,0.1-6.4,0.7756667739563692,0.650762376,0.913009901,-1.350089109
8,0.1-6.4,0.6104927804007565,0.563346535,0.913009901,-1.350089109
8,0.1-6.4,0.294073171198256,0.126267327,0.913009901,-1.350089109
8,0.1-6.4,-0.1555773519512573,-0.271960396,0.913009901,-1.350089109
8,0.1-6.4,-0.5841429346050582,-0.718752475,0.913009901,-1.350089109
8,0.1-6.4,-1.0572942615201484,-1.155831683,0.913009901,-1.350089109
8,0.1-6.4,-1.1709881716861246,-1.194683168,0.913009901,-1.350089109
8,0.1-6.4,-0.8339959902834536,-0.815881188,0.913009901,-1.350089109
8,0.1-6.4,-0.4511680698259998,-0.52449505,0.913009901,-1.350089109
8,0.1-6.4,-0.1750919096535721,-0.155405941,0.913009901,-1.350089109
8,0.1-6.4,0.0504094345140892,0.087415842,0.913009901,-1.350089109
8,0.1-6.4,0.2789821449878125,0.242821782,0.913009901,-1.350089109
8,0.1-6.4,0.5138510096553219,0.466217822,0.913009901,-1.350089109
8,0.1-6.4,0.787968398419099,0.709039604,0.913009901,-1.350089109
8,0.1-6.4,0.9225743241527338,0.874158416,0.913009901,-1.350089109
8,0.1-6.4,0.8248057674317988,0.728465347,0.913009901,-1.350089109
8,0.1-6.4,0.7097420745084247,0.650762376,0.913009901,-1.350089109
8,0.1-6.4,0.4717463545183126,0.398227723,0.913009901,-1.350089109
8,0.1-6.4,0.0296605920068786,-0.07770297,0.913009901,-1.350089109
8,0.1-6.4,-0.3855396338180276,-0.52449505,0.913009901,-1.350089109
8,0.1-6.4,-0.8405519776729173,-0.893584158,0.913009901,-1.350089109
8,0.1-6.4,-1.195290795220486,-1.291811881,0.913009901,-1.350089109
8,0.1-6.4,-1.0067508632054925,-1.048990099,0.913009901,-1.350089109
8,0.1-6.4,-0.597622331763306,-0.709039604,0.913009901,-1.350089109
8,0.1-6.4,-0.3023562330940396,-0.339950495,0.913009901,-1.350089109
8,0.1-6.4,-0.069708142182193,-0.135980198,0.913009901,-1.350089109
8,0.1-6.4,0.2068397271923567,0.165118812,0.913009901,-1.350089109
8,0.1-6.4,0.3981378995843991,0.30109901,0.913009901,-1.350089109
8,0.1-6.4,0.6436203065601441,0.534207921,0.913009901,-1.350089109
8,0.1-6.4,0.8867814749242517,0.777029703,0.913009901,-1.350089109
8,0.1-6.4,0.8664723773146554,0.835306931,0.913009901,-1.350089109
8,0.1-6.4,0.7589354241212152,0.738178218,0.913009901,-1.350089109
8,0.1-6.4,0.5655001056829734,0.611910891,0.913009901,-1.350089109
8,0.1-6.4,0.164785264279564,0.184544554,0.913009901,-1.350089109
8,0.1-6.4,-0.2802300482446227,-0.252534653,0.913009901,-1.350089109
8,0.1-6.4,-0.6501391981693692,-0.60219802,0.913009901,-1.350089109
8,0.1-6.4,-1.138175960341395,-1.097554455,0.913009901,-1.350089109
8,0.1-6.4,-1.176054379805239,-1.262673267,0.913009901,-1.350089109
8,0.1-6.4,-0.8018763790646637,-0.990712871,0.913009901,-1.350089109
8,0.1-6.4,-0.4470364129782105,-0.505069307,0.913009901,-1.350089109
8,0.1-6.4,-0.1496741752102099,-0.291386139,0.913009901,-1.350089109
8,0.1-6.4,0.1194054229812471,0.019425743,0.913009901,-1.350089109
8,0.1-6.4,0.2834249939990824,0.126267327,0.913009901,-1.350089109
8,0.1-6.4,0.4899090753802445,0.407940594,0.913009901,-1.350089109
8,0.1-6.4,0.7569090470812747,0.641049505,0.913009901,-1.350089109
8,0.1-6.4,0.9437404376668496,0.913009901,0.913009901,-1.350089109
8,0.1-6.4,0.8396247293612467,0.777029703,0.913009901,-1.350089109
8,0.1-6.4,0.6926468402536021,0.709039604,0.913009901,-1.350089109
8,0.1-6.4,0.4164750984199064,0.37880198,0.913009901,-1.350089109
8,0.1-6.4,-0.0060623869357994,0.048564356,0.913009901,-1.350089109
8,0.1-6.4,-0.3966834703390222,-0.437079208,0.913009901,-1.350089109
8,0.1-6.4,-0.8005688467530042,-0.689613861,0.913009901,-1.350089109
8,0.1-6.4,-1.204343794657188,-1.272386139,0.913009901,-1.350089109
8,0.1-6.4,-1.079438044744772,-1.087841584,0.913009901,-1.350089109
8,0.1-6.4,-0.6854296451317716,-0.825594059,0.913009901,-1.350089109
8,0.1-6.4,-0.3833583858835704,-0.417653465,0.913009901,-1.350089109
8,0.1-6.4,-0.0785609564453343,-0.184544554,0.913009901,-1.350089109
8,0.1-6.4,0.1632248816155294,0.116554455,0.913009901,-1.350089109
8,0.1-6.4,0.3548913680672492,0.233108911,0.913009901,-1.350089109
8,0.1-6.4,0.5749809256499653,0.553633663,0.913009901,-1.350089109
8,0.1-6.4,0.8363440001259979,0.689613861,0.913009901,-1.350089109
8,0.1-6.4,0.909935042669716,0.864445545,0.913009901,-1.350089109
8,0.1-6.4,0.8003590345299376,0.747891089,0.913009901,-1.350089109
8,0.1-6.4,0.6548077198604165,0.592485149,0.913009901,-1.350089109
8,0.1-6.4,0.3704635435067431,0.330237624,0.913009901,-1.350089109
8,0.1-6.4,-0.0519892617960524,-0.126267327,0.913009901,-1.350089109
8,0.1-6.4,-0.4759541164811101,-0.534207921,0.913009901,-1.350089109
8,0.1-6.4,-0.9600666557940029,-0.971287129,0.913009901,-1.350089109
8,0.1-6.4,-1.2089371704661134,-1.272386139,0.913009901,-1.350089109
8,0.1-6.4,-0.8860268399800729,-1.048990099,0.913009901,-1.350089109
8,0.1-6.4,-0.55911916179182,-0.60219802,0.913009901,-1.350089109
8,0.1-6.4,-0.2814358655817306,-0.349663366,0.913009901,-1.350089109
8,0.1-6.4,-0.026336045816355,-0.038851485,0.913009901,-1.350089109
8,0.1-6.4,0.2087217368681939,0.067990099,0.913009901,-1.350089109
8,0.1-6.4,0.4055226423417408,0.359376238,0.913009901,-1.350089109
8,0.1-6.4,0.634117049249311,0.563346535,0.913009901,-1.350089109
8,0.1-6.4,0.8886267855967227,0.913009901,0.913009901,-1.350089109
8,0.1-6.4,0.8782102445654618,0.806168317,0.913009901,-1.350089109
8,0.1-6.4,0.7929949974264776,0.728465347,0.913009901,-1.350089109
8,0.1-6.4,0.5835860417197074,0.446792079,0.913009901,-1.350089109
8,0.1-6.4,0.2463780993479312,0.213683168,0.913009901,-1.350089109
8,0.1-6.4,-0.2065648436405546,-0.281673267,0.913009901,-1.350089109
8,0.1-6.4,-0.6268843878800088,-0.660475248,0.913009901,-1.350089109
8,0.1-6.4,-1.044860473613807,-1.136405941,0.913009901,-1.350089109
8,0.1-6.4,-1.1653022537243805,-1.252960396,0.913009901,-1.350089109
8,0.1-6.4,-0.8325589037874075,-0.835306931,0.913009901,-1.350089109
8,0.1-6.4,-0.5070717270321874,-0.563346535,0.913009901,-1.350089109
8,0.1-6.4,-0.2003749040880908,-0.213683168,0.913009901,-1.350089109
8,0.1-6.4,0.0479875812901669,-0.029138614,0.913009901,-1.350089109
8,0.1-6.4,0.2765104001956382,0.184544554,0.913009901,-1.350089109
8,0.1-6.4,0.4824261132388676,0.398227723,0.913009901,-1.350089109
8,0.1-6.4,0.7717685852186664,0.767316832,0.913009901,-1.350089109
8,0.1-6.4,0.9136766582669122,0.90329703,0.913009901,-1.350089109
8,0.1-6.4,0.8346268738692069,0.815881188,0.913009901,-1.350089109
8,0.1-6.4,0.7536724152371067,0.611910891,0.913009901,-1.350089109
8,0.1-6.4,0.4999277133278849,0.466217822,0.913009901,-1.350089109
8,0.1-6.4,-0.0174144820500443,-0.087415842,0.913009901,-1.350089109
8,0.1-6.4,-0.4643504645693991,-0.359376238,0.913009901,-1.350089109
8,0.1-6.4,-0.9110969525466248,-0.883871287,0.913009901,-1.350089109
8,0.1-6.4,-1.2224830348889075,-1.214108911,0.913009901,-1.350089109
8,0.1-6.4,-1.01186189703696,-1.194683168,0.913009901,-1.350089109
8,0.1-6.4,-0.6017230528648811,-0.641049505,0.913009901,-1.350089109
8,0.1-6.4,-0.2742618692838113,-0.407940594,0.913009901,-1.350089109
8,0.1-6.4,-0.0079670513395858,-0.067990099,0.913009901,-1.350089109
8,0.1-6.4,0.2049141746035918,0.048564356,0.913009901,-1.350089109
8,0.1-6.4,0.3913240791434127,0.330237624,0.913009901,-1.350089109
8,0.1-6.4,0.6189538408180943,0.466217822,0.913009901,-1.350089109
8,0.1-6.4,0.8751299447651364,0.815881188,0.913009901,-1.350089109
8,0.1-6.4,0.8896752100771523,0.806168317,0.913009901,-1.350089109
8,0.1-6.4,0.780181360135495,0.767316832,0.913009901,-1.350089109
8,0.1-6.4,0.6122958204831014,0.563346535,0.913009901,-1.350089109
8,0.1-6.4,0.2872665035539073,0.291386139,0.913009901,-1.350089109
8,0.1-6.4,-0.2202875915652883,-0.203970297,0.913009901,-1.350089109
8,0.1-6.4,-0.6037947371713904,-0.573059406,0.913009901,-1.350089109
8,0.1-6.4,-1.0330107310907837,-1.019851485,0.913009901,-1.350089109
8,0.1-6.4,-1.1920577399912384,-1.233534653,0.913009901,-1.350089109
8,0.1-6.4,-0.8161006870629263,-0.971287129,0.913009901,-1.350089109
8,0.1-6.4,-0.488086167398141,-0.611910891,0.913009901,-1.350089109
8,0.1-6.4,-0.212488675296274,-0.271960396,0.913009901,-1.350089109
8,0.1-6.4,0.0463183079094451,-0.058277228,0.913009901,-1.350089109
8,0.1-6.4,0.2660027354930597,0.203970297,0.913009901,-1.350089109
8,0.1-6.4,0.4332458246361007,0.369089109,0.913009901,-1.350089109
8,0.1-6.4,0.7169763737615698,0.670188119,0.913009901,-1.350089109
8,0.1-6.4,0.9062181443707686,0.786742574,0.913009901,-1.350089109
8,0.1-6.4,0.895809518401089,0.815881188,0.913009901,-1.350089109
8,0.1-6.4,0.7784909261478246,0.67990099,0.913009901,-1.350089109
8,0.1-6.4,0.5306451313057268,0.52449505,0.913009901,-1.350089109
8,0.1-6.4,0.1523283072504603,0.058277228,0.913009901,-1.350089109
8,0.1-6.4,-0.2890880168846939,-0.320524752,0.913009901,-1.350089109
8,0.1-6.4,-0.6884071587131347,-0.777029703,0.913009901,-1.350089109
8,0.1-6.4,-1.119695124347447,-1.146118812,0.913009901,-1.350089109
8,0.1-6.4,-1.1272416769079006,-1.214108911,0.913009901,-1.350089109
8,0.1-6.4,-0.7531163882567067,-0.806168317,0.913009901,-1.350089109
8,0.1-6.4,-0.443076332337536,-0.485643564,0.913009901,-1.350089109
8,0.1-6.4,-0.1481321510487864,-0.145693069,0.913009901,-1.350089109
8,0.1-6.4,0.0975251206767004,0.009712871,0.913009901,-1.350089109
8,0.1-6.4,0.3328758097465756,0.262247525,0.913009901,-1.350089109
8,0.1-6.4,0.5290537278348336,0.417653465,0.913009901,-1.350089109
8,0.1-6.4,0.8174590649599198,0.75760396,0.913009901,-1.350089109
8,0.1-6.4,0.8236994396390755,0.854732673,0.913009901,-1.350089109
8,0.1-6.4,0.7996499078134636,0.728465347,0.913009901,-1.350089109
8,0.1-6.4,0.7685574538439752,0.718752475,0.913009901,-1.350089109
8,0.1-6.4,0.3611530159383,0.446792079,0.913009901,-1.350089109
8,0.1-6.4,-0.1753925679643206,-0.165118812,0.913009901,-1.350089109
8,0.1-6.4,-0.5652401601011212,-0.650762376,0.913009901,-1.350089109
8,0.1-6.4,-1.000855020002081,-0.951861386,0.913009901,-1.350089109
8,0.1-6.4,-1.1270861935098069,-1.28209901,0.913009901,-1.350089109
8,0.1-6.4,-0.7520445987097808,-0.75760396,0.913009901,-1.350089109
8,0.1-6.4,-0.3870987517231358,-0.45650495,0.913009901,-1.350089109
8,0.1-6.4,-0.1896044819840092,-0.203970297,0.913009901,-1.350089109
8,0.1-6.4,0.0353798886196658,-0.067990099,0.913009901,-1.350089109
8,0.1-6.4,0.227372667188537,0.22339604,0.913009901,-1.350089109
8,0.1-6.4,0.3237908966234765,0.203970297,0.913009901,-1.350089109
8,0.1-6.4,0.5164111365619541,0.45650495,0.913009901,-1.350089109
8,0.1-6.4,0.6147315192983343,0.543920792,0.913009901,-1.350089109
8,0.1-6.4,0.5312605217515494,0.563346535,0.913009901,-1.350089109
8,0.1-6.4,0.4207502131362706,0.339950495,0.913009901,-1.350089109
8,0.1-6.4,0.2323463685784403,0.203970297,0.913009901,-1.350089109
8,0.1-6.4,-0.0313404096104198,-0.135980198,0.913009901,-1.350089109
8,0.1-6.4,-0.2516177571816006,-0.291386139,0.913009901,-1.350089109
8,0.1-6.4,-0.3556664153112419,-0.45650495,0.913009901,-1.350089109
8,0.1-6.4,-0.4217691042546361,-0.427366337,0.913009901,-1.350089109
8,0.1-6.4,-0.3583732756767174,-0.388514851,0.913009901,-1.350089109
8,0.1-6.4,-0.2209077127225426,-0.281673267,0.913009901,-1.350089109
8,0.1-6.4,-0.1471033430088983,-0.252534653,0.913009901,-1.350089109
8,0.1-6.4,-0.0208880684600581,-0.038851485,0.913009901,-1.350089109
8,0.1-6.4,0.088347777104633,0.009712871,0.913009901,-1.350089109
8,0.1-6.4,0.1889272615598521,0.155405941,0.913009901,-1.350089109
8,0.1-6.4,0.2309647287308359,0.126267327,0.913009901,-1.350089109
8,0.1-6.4,0.182697323927448,0.165118812,0.913009901,-1.350089109
8,0.1-6.4,0.052400222747626,0.009712871,0.913009901,-1.350089109
8,0.1-6.4,0.0120896417299538,-0.058277228,0.913009901,-1.350089109
8,0.1-6.4,-0.0447985175097006,-0.029138614,0.913009901,-1.350089109
8,0.1-6.4,-0.0644375149186756,-0.126267327,0.913009901,-1.350089109
8,0.1-6.4,-0.0476686836477515,-0.07770297,0.913009901,-1.350089109
8,0.1-6.4,-0.0181294166989721,-0.07770297,0.913009901,-1.350089109
8,0.1-6.4,-0.0174151853515708,-0.048564356,0.913009901,-1.350089109
8,0.1-6.4,-0.0109493365752441,-0.116554455,0.913009901,-1.350089109
8,0.1-6.4,-0.0361507704615323,-0.019425743,0.913009901,-1.350089109
8,0.1-6.4,-0.0026803481603303,-0.106841584,0.913009901,-1.350089109
9,0.1-6.4,-0.0037555422776124,-0.038851485,0.913009901,-1.350089109
9,0.1-6.4,0.0180254627435405,0.019425743,0.913009901,-1.350089109
9,0.1-6.4,0.0144317984139113,-0.019425743,0.913009901,-1.350089109
9,0.1-6.4,0.040277937183023,-0.048564356,0.913009901,-1.350089109
9,0.1-6.4,0.0131538233894182,-0.067990099,0.913009901,-1.350089109
9,0.1-6.4,0.0427578356670487,-0.067990099,0.913009901,-1.350089109
9,0.1-6.4,0.0218592023214711,-0.038851485,0.913009901,-1.350089109
9,0.1-6.4,0.0902155702984733,0.0,0.913009901,-1.350089109
9,0.1-6.4,0.0517553863323354,0.019425743,0.913009901,-1.350089109
9,0.1-6.4,0.0514883218811545,-0.067990099,0.913009901,-1.350089109
9,0.1-6.4,-0.0344662517050619,-0.087415842,0.913009901,-1.350089109
9,0.1-6.4,-0.0791902869366251,-0.213683168,0.913009901,-1.350089109
9,0.1-6.4,-0.1916555725472387,-0.271960396,0.913009901,-1.350089109
9,0.1-6.4,-0.2030060988665543,-0.252534653,0.913009901,-1.350089109
9,0.1-6.4,-0.1492773627793016,-0.07770297,0.913009901,-1.350089109
9,0.1-6.4,0.0828282161329227,0.07770297,0.913009901,-1.350089109
9,0.1-6.4,0.1902440088084954,0.242821782,0.913009901,-1.350089109
9,0.1-6.4,0.3687115927806257,0.320524752,0.913009901,-1.350089109
9,0.1-6.4,0.3705806886900296,0.398227723,0.913009901,-1.350089109
9,0.1-6.4,0.4280060216122676,0.339950495,0.913009901,-1.350089109
9,0.1-6.4,0.277267466150545,0.213683168,0.913009901,-1.350089109
9,0.1-6.4,0.1129669371461123,-0.07770297,0.913009901,-1.350089109
9,0.1-6.4,-0.2398523900447667,-0.37880198,0.913009901,-1.350089109
9,0.1-6.4,-0.4565819113422599,-0.611910891,0.913009901,-1.350089109
9,0.1-6.4,-0.6625646048782906,-0.75760396,0.913009901,-1.350089109
9,0.1-6.4,-0.5588522187129173,-0.611910891,0.913009901,-1.350089109
9,0.1-6.4,-0.5306375760497855,-0.573059406,0.913009901,-1.350089109
9,0.1-6.4,-0.3658350211544313,-0.369089109,0.913009901,-1.350089109
9,0.1-6.4,-0.1189337551369099,-0.135980198,0.913009901,-1.350089109
9,0.1-6.4,0.1491758876554453,0.184544554,0.913009901,-1.350089109
9,0.1-6.4,0.3410565377312187,0.388514851,0.913009901,-1.350089109
9,0.1-6.4,0.6381964050255927,0.728465347,0.913009901,-1.350089109
9,0.1-6.4,0.7524269375866691,0.689613861,0.913009901,-1.350089109
9,0.1-6.4,0.7504925567392056,0.738178218,0.913009901,-1.350089109
9,0.1-6.4,0.7054248817452999,0.592485149,0.913009901,-1.350089109
9,0.1-6.4,0.530500450910954,0.495356436,0.913009901,-1.350089109
9,0.1-6.4,0.146172318696779,-0.106841584,0.913009901,-1.350089109
9,0.1-6.4,-0.3532815507313683,-0.466217822,0.913009901,-1.350089109
9,0.1-6.4,-0.8268491753256633,-1.116980198,0.913009901,-1.350089109
9,0.1-6.4,-1.208592907615657,-1.223821782,0.913009901,-1.350089109
9,0.1-6.4,-1.060334776126725,-1.126693069,0.913009901,-1.350089109
9,0.1-6.4,-0.5951570554568075,-0.611910891,0.913009901,-1.350089109
9,0.1-6.4,-0.3766770636792978,-0.330237624,0.913009901,-1.350089109
9,0.1-6.4,-0.0325800824615296,0.019425743,0.913009901,-1.350089109
9,0.1-6.4,0.141348498333327,0.067990099,0.913009901,-1.350089109
9,0.1-6.4,0.3062055832748382,0.339950495,0.913009901,-1.350089109
9,0.1-6.4,0.4765787246737141,0.505069307,0.913009901,-1.350089109
9,0.1-6.4,0.8098481623896006,0.883871287,0.913009901,-1.350089109
9,0.1-6.4,0.8860089247478702,0.825594059,0.913009901,-1.350089109
9,0.1-6.4,0.8253382514190363,0.806168317,0.913009901,-1.350089109
9,0.1-6.4,0.6239075712974304,0.563346535,0.913009901,-1.350089109
9,0.1-6.4,0.3698690482252211,0.174831683,0.913009901,-1.350089109
9,0.1-6.4,-0.1572007431752538,-0.369089109,0.913009901,-1.350089109
9,0.1-6.4,-0.5791465029821246,-0.747891089,0.913009901,-1.350089109
9,0.1-6.4,-0.969206682401016,-1.175257426,0.913009901,-1.350089109
9,0.1-6.4,-1.1730581460910503,-1.184970297,0.913009901,-1.350089109
9,0.1-6.4,-0.8589867662771822,-0.806168317,0.913009901,-1.350089109
9,0.1-6.4,-0.5139063969945374,-0.505069307,0.913009901,-1.350089109
9,0.1-6.4,-0.2477013503882968,-0.233108911,0.913009901,-1.350089109
9,0.1-6.4,0.0429582979162423,0.038851485,0.913009901,-1.350089109
9,0.1-6.4,0.2011325055226498,0.291386139,0.913009901,-1.350089109
9,0.1-6.4,0.3556698188146971,0.37880198,0.913009901,-1.350089109
9,0.1-6.4,0.6315954269348782,0.670188119,0.913009901,-1.350089109
9,0.1-6.4,0.8691479880541889,0.913009901,0.913009901,-1.350089109
9,0.1-6.4,0.8818593435548782,0.835306931,0.913009901,-1.350089109
9,0.1-6.4,0.7673803427326054,0.67990099,0.913009901,-1.350089109
9,0.1-6.4,0.532134941005882,0.437079208,0.913009901,-1.350089109
9,0.1-6.4,0.1553745376908748,-0.038851485,0.913009901,-1.350089109
9,0.1-6.4,-0.303566621353025,-0.45650495,0.913009901,-1.350089109
9,0.1-6.4,-0.6436155382891214,-0.806168317,0.913009901,-1.350089109
9,0.1-6.4,-1.113566773258554,-1.233534653,0.913009901,-1.350089109
9,0.1-6.4,-1.180186984432501,-1.078128713,0.913009901,-1.350089109
9,0.1-6.4,-0.7636680781390585,-0.709039604,0.913009901,-1.350089109
9,0.1-6.4,-0.4011802599794713,-0.398227723,0.913009901,-1.350089109
9,0.1-6.4,-0.1258661436526258,-0.097128713,0.913009901,-1.350089109
9,0.1-6.4,0.1176293455525285,0.135980198,0.913009901,-1.350089109
9,0.1-6.4,0.2546804912304043,0.30109901,0.913009901,-1.350089109
9,0.1-6.4,0.4929530361745459,0.534207921,0.913009901,-1.350089109
9,0.1-6.4,0.7277360531037034,0.75760396,0.913009901,-1.350089109
9,0.1-6.4,0.9102654067093428,0.854732673,0.913009901,-1.350089109
9,0.1-6.4,0.7827513987181361,0.718752475,0.913009901,-1.350089109
9,0.1-6.4,0.6560541134535971,0.573059406,0.913009901,-1.350089109
9,0.1-6.4,0.4252001854154861,0.271960396,0.913009901,-1.350089109
9,0.1-6.4,0.0412310903606558,-0.126267327,0.913009901,-1.350089109
9,0.1-6.4,-0.4322038203390251,-0.611910891,0.913009901,-1.350089109
9,0.1-6.4,-0.8306983489730976,-0.990712871,0.913009901,-1.350089109
9,0.1-6.4,-1.1976633651439834,-1.350089109,0.913009901,-1.350089109
9,0.1-6.4,-1.040726868823459,-0.854732673,0.913009901,-1.350089109
9,0.1-6.4,-0.6274424506304582,-0.621623762,0.913009901,-1.350089109
9,0.1-6.4,-0.3191984934360739,-0.203970297,0.913009901,-1.350089109
9,0.1-6.4,-0.0020167030967342,-0.135980198,0.913009901,-1.350089109
9,0.1-6.4,0.1600003210547517,0.22339604,0.913009901,-1.350089109
9,0.1-6.4,0.3002853286159805,0.271960396,0.913009901,-1.350089109
9,0.1-6.4,0.5364138865862549,0.660475248,0.913009901,-1.350089109
9,0.1-6.4,0.8412673777559017,0.815881188,0.913009901,-1.350089109
9,0.1-6.4,0.9146011759168156,0.845019802,0.913009901,-1.350089109
9,0.1-6.4,0.7262362834584253,0.650762376,0.913009901,-1.350089109
9,0.1-6.4,0.5874171403032866,0.563346535,0.913009901,-1.350089109
9,0.1-6.4,0.2737026172421298,0.126267327,0.913009901,-1.350089109
9,0.1-6.4,-0.156338172905555,-0.271960396,0.913009901,-1.350089109
9,0.1-6.4,-0.568677522654524,-0.718752475,0.913009901,-1.350089109
9,0.1-6.4,-1.0166899589849296,-1.155831683,0.913009901,-1.350089109
9,0.1-6.4,-1.2302586382501055,-1.194683168,0.913009901,-1.350089109
9,0.1-6.4,-0.8543834132952097,-0.815881188,0.913009901,-1.350089109
9,0.1-6.4,-0.4750698548097493,-0.52449505,0.913009901,-1.350089109
9,0.1-6.4,-0.1949343815658072,-0.155405941,0.913009901,-1.350089109
9,0.1-6.4,0.0568580152722694,0.087415842,0.913009901,-1.350089109
9,0.1-6.4,0.2162245978313386,0.242821782,0.913009901,-1.350089109
9,0.1-6.4,0.4034933530452327,0.466217822,0.913009901,-1.350089109
9,0.1-6.4,0.7164108174886981,0.709039604,0.913009901,-1.350089109
9,0.1-6.4,0.8532712255265642,0.874158416,0.913009901,-1.350089109
9,0.1-6.4,0.8145630165834998,0.728465347,0.913009901,-1.350089109
9,0.1-6.4,0.6858587651755219,0.650762376,0.913009901,-1.350089109
9,0.1-6.4,0.4956172307097352,0.398227723,0.913009901,-1.350089109
9,0.1-6.4,0.0566400917205837,-0.07770297,0.913009901,-1.350089109
9,0.1-6.4,-0.2869114061892436,-0.52449505,0.913009901,-1.350089109
9,0.1-6.4,-0.7504790115962414,-0.893584158,0.913009901,-1.350089109
9,0.1-6.4,-1.1142415550152822,-1.291811881,0.913009901,-1.350089109
9,0.1-6.4,-1.0941075998373857,-1.048990099,0.913009901,-1.350089109
9,0.1-6.4,-0.6745066923458426,-0.709039604,0.913009901,-1.350089109
9,0.1-6.4,-0.3357543359987207,-0.339950495,0.913009901,-1.350089109
9,0.1-6.4,-0.0917701083661582,-0.135980198,0.913009901,-1.350089109
9,0.1-6.4,0.1305711845922007,0.165118812,0.913009901,-1.350089109
9,0.1-6.4,0.3141728287467268,0.30109901,0.913009901,-1.350089109
9,0.1-6.4,0.50976507770286,0.534207921,0.913009901,-1.350089109
9,0.1-6.4,0.7852481171257614,0.777029703,0.913009901,-1.350089109
9,0.1-6.4,0.8466259280498775,0.835306931,0.913009901,-1.350089109
9,0.1-6.4,0.7589255706927006,0.738178218,0.913009901,-1.350089109
9,0.1-6.4,0.6305392127210497,0.611910891,0.913009901,-1.350089109
9,0.1-6.4,0.3443903992324146,0.184544554,0.913009901,-1.350089109
9,0.1-6.4,-0.1153218034929485,-0.252534653,0.913009901,-1.350089109
9,0.1-6.4,-0.4062135190738538,-0.60219802,0.913009901,-1.350089109
9,0.1-6.4,-0.9024758897447136,-1.097554455,0.913009901,-1.350089109
9,0.1-6.4,-1.1965985053360613,-1.262673267,0.913009901,-1.350089109
9,0.1-6.4,-0.9757668465353782,-0.990712871,0.913009901,-1.350089109
9,0.1-6.4,-0.544898514392204,-0.505069307,0.913009901,-1.350089109
9,0.1-6.4,-0.2255588747406323,-0.291386139,0.913009901,-1.350089109
9,0.1-6.4,0.0276183987889699,0.019425743,0.913009901,-1.350089109
9,0.1-6.4,0.2156946256205807,0.126267327,0.913009901,-1.350089109
9,0.1-6.4,0.3651721538453359,0.407940594,0.913009901,-1.350089109
9,0.1-6.4,0.5719687012812034,0.641049505,0.913009901,-1.350089109
9,0.1-6.4,0.8833712767597907,0.913009901,0.913009901,-1.350089109
9,0.1-6.4,0.8777422442576279,0.777029703,0.913009901,-1.350089109
9,0.1-6.4,0.7298497480614756,0.709039604,0.913009901,-1.350089109
9,0.1-6.4,0.5536052491144051,0.37880198,0.913009901,-1.350089109
9,0.1-6.4,0.1569403610181458,0.048564356,0.913009901,-1.350089109
9,0.1-6.4,-0.2688292184257689,-0.437079208,0.913009901,-1.350089109
9,0.1-6.4,-0.6072022736560696,-0.689613861,0.913009901,-1.350089109
9,0.1-6.4,-1.0763053096427695,-1.272386139,0.913009901,-1.350089109
9,0.1-6.4,-1.1379114016372531,-1.087841584,0.913009901,-1.350089109
9,0.1-6.4,-0.7476598369871957,-0.825594059,0.913009901,-1.350089109
9,0.1-6.4,-0.4153835107902242,-0.417653465,0.913009901,-1.350089109
9,0.1-6.4,-0.1226053458881481,-0.184544554,0.913009901,-1.350089109
9,0.1-6.4,0.0979514694448717,0.116554455,0.913009901,-1.350089109
9,0.1-6.4,0.2658768298815085,0.233108911,0.913009901,-1.350089109
9,0.1-6.4,0.461664544118447,0.553633663,0.913009901,-1.350089109
9,0.1-6.4,0.7366746301736563,0.689613861,0.913009901,-1.350089109
9,0.1-6.4,0.907707166491562,0.864445545,0.913009901,-1.350089109
9,0.1-6.4,0.8168103648826893,0.747891089,0.913009901,-1.350089109
9,0.1-6.4,0.6266033262611224,0.592485149,0.913009901,-1.350089109
9,0.1-6.4,0.4328310853885656,0.330237624,0.913009901,-1.350089109
9,0.1-6.4,0.0483384006546981,-0.126267327,0.913009901,-1.350089109
9,0.1-6.4,-0.3828292310509638,-0.534207921,0.913009901,-1.350089109
9,0.1-6.4,-0.7707319242432891,-0.971287129,0.913009901,-1.350089109
9,0.1-6.4,-1.2275050305706112,-1.272386139,0.913009901,-1.350089109
9,0.1-6.4,-0.9902826906599432,-1.048990099,0.913009901,-1.350089109
9,0.1-6.4,-0.6180833783904569,-0.60219802,0.913009901,-1.350089109
9,0.1-6.4,-0.3315999699631569,-0.349663366,0.913009901,-1.350089109
9,0.1-6.4,-0.0335641551049967,-0.038851485,0.913009901,-1.350089109
9,0.1-6.4,0.1244202679503706,0.067990099,0.913009901,-1.350089109
9,0.1-6.4,0.29591636861243,0.359376238,0.913009901,-1.350089109
9,0.1-6.4,0.5434523723414154,0.563346535,0.913009901,-1.350089109
9,0.1-6.4,0.8317567242220076,0.913009901,0.913009901,-1.350089109
9,0.1-6.4,0.8528688920179681,0.806168317,0.913009901,-1.350089109
9,0.1-6.4,0.7620154244102102,0.728465347,0.913009901,-1.350089109
9,0.1-6.4,0.5765163199836256,0.446792079,0.913009901,-1.350089109
9,0.1-6.4,0.3168794556384038,0.213683168,0.913009901,-1.350089109
9,0.1-6.4,-0.1445676059836639,-0.281673267,0.913009901,-1.350089109
9,0.1-6.4,-0.5185809404434295,-0.660475248,0.913009901,-1.350089109
9,0.1-6.4,-0.93875941527076,-1.136405941,0.913009901,-1.350089109
9,0.1-6.4,-1.1575241693745453,-1.252960396,0.913009901,-1.350089109
9,0.1-6.4,-0.8590132635592224,-0.835306931,0.913009901,-1.350089109
9,0.1-6.4,-0.5439351004889763,-0.563346535,0.913009901,-1.350089109
9,0.1-6.4,-0.2126013775709783,-0.213683168,0.913009901,-1.350089109
9,0.1-6.4,0.0013103459643556,-0.029138614,0.913009901,-1.350089109
9,0.1-6.4,0.246118749045097,0.184544554,0.913009901,-1.350089109
9,0.1-6.4,0.3629745220414467,0.398227723,0.913009901,-1.350089109
9,0.1-6.4,0.7173784437126686,0.767316832,0.913009901,-1.350089109
9,0.1-6.4,0.8745968139874826,0.90329703,0.913009901,-1.350089109
9,0.1-6.4,0.8556176750776253,0.815881188,0.913009901,-1.350089109
9,0.1-6.4,0.7177905698316667,0.611910891,0.913009901,-1.350089109
9,0.1-6.4,0.5701947759166133,0.466217822,0.913009901,-1.350089109
9,0.1-6.4,0.0988776967994173,-0.087415842,0.913009901,-1.350089109
9,0.1-6.4,-0.3351537266059646,-0.359376238,0.913009901,-1.350089109
9,0.1-6.4,-0.6692879549698042,-0.883871287,0.913009901,-1.350089109
9,0.1-6.4,-1.0781302179575842,-1.214108911,0.913009901,-1.350089109
9,0.1-6.4,-1.1248280479154882,-1.194683168,0.913009901,-1.350089109
9,0.1-6.4,-0.7240628617447485,-0.641049505,0.913009901,-1.350089109
9,0.1-6.4,-0.3380012949706695,-0.407940594,0.913009901,-1.350089109
9,0.1-6.4,-0.1195678159708735,-0.067990099,0.913009901,-1.350089109
9,0.1-6.4,0.1372795403131323,0.048564356,0.913009901,-1.350089109
9,0.1-6.4,0.2700999650560445,0.330237624,0.913009901,-1.350089109
9,0.1-6.4,0.4910824499041377,0.466217822,0.913009901,-1.350089109
9,0.1-6.4,0.7754933973690793,0.815881188,0.913009901,-1.350089109
9,0.1-6.4,0.898384571655042,0.806168317,0.913009901,-1.350089109
9,0.1-6.4,0.8215782380614953,0.767316832,0.913009901,-1.350089109
9,0.1-6.4,0.6354536086272584,0.563346535,0.913009901,-1.350089109
9,0.1-6.4,0.3936388716421644,0.291386139,0.913009901,-1.350089109
9,0.1-6.4,-0.0755294962903542,-0.203970297,0.913009901,-1.350089109
9,0.1-6.4,-0.4335586058987079,-0.573059406,0.913009901,-1.350089109
9,0.1-6.4,-0.847951518443182,-1.019851485,0.913009901,-1.350089109
9,0.1-6.4,-1.170466410207044,-1.233534653,0.913009901,-1.350089109
9,0.1-6.4,-0.9920273049638004,-0.971287129,0.913009901,-1.350089109
9,0.1-6.4,-0.587945881551542,-0.611910891,0.913009901,-1.350089109
9,0.1-6.4,-0.289609260124006,-0.271960396,0.913009901,-1.350089109
9,0.1-6.4,-0.0009375625965781,-0.058277228,0.913009901,-1.350089109
9,0.1-6.4,0.2013633477902932,0.203970297,0.913009901,-1.350089109
9,0.1-6.4,0.3268868575380765,0.369089109,0.913009901,-1.350089109
9,0.1-6.4,0.5978971747718929,0.670188119,0.913009901,-1.350089109
9,0.1-6.4,0.8574921662587381,0.786742574,0.913009901,-1.350089109
9,0.1-6.4,0.8939781499263516,0.815881188,0.913009901,-1.350089109
9,0.1-6.4,0.7855332613506868,0.67990099,0.913009901,-1.350089109
9,0.1-6.4,0.5646601036267385,0.52449505,0.913009901,-1.350089109
9,0.1-6.4,0.2142369625113289,0.058277228,0.913009901,-1.350089109
9,0.1-6.4,-0.2438291742104434,-0.320524752,0.913009901,-1.350089109
9,0.1-6.4,-0.5644137143492518,-0.777029703,0.913009901,-1.350089109
9,0.1-6.4,-1.012369330996716,-1.146118812,0.913009901,-1.350089109
9,0.1-6.4,-1.1852904328674687,-1.214108911,0.913009901,-1.350089109
9,0.1-6.4,-0.8004792376593272,-0.806168317,0.913009901,-1.350089109
9,0.1-6.4,-0.4854292676090219,-0.485643564,0.913009901,-1.350089109
9,0.1-6.4,-0.137905045120095,-0.145693069,0.913009901,-1.350089109
9,0.1-6.4,0.0236572062675159,0.009712871,0.913009901,-1.350089109
9,0.1-6.4,0.2685277183535807,0.262247525,0.913009901,-1.350089109
9,0.1-6.4,0.438963455991798,0.417653465,0.913009901,-1.350089109
9,0.1-6.4,0.7239750422237241,0.75760396,0.913009901,-1.350089109
9,0.1-6.4,0.8378056576588162,0.854732673,0.913009901,-1.350089109
9,0.1-6.4,0.7264530553459957,0.728465347,0.913009901,-1.350089109
9,0.1-6.4,0.8530302923059132,0.718752475,0.913009901,-1.350089109
9,0.1-6.4,0.556459237945398,0.446792079,0.913009901,-1.350089109
9,0.1-6.4,0.0130040010535459,-0.165118812,0.913009901,-1.350089109
9,0.1-6.4,-0.4869224102882527,-0.650762376,0.913009901,-1.350089109
9,0.1-6.4,-0.882760998634598,-0.951861386,0.913009901,-1.350089109
9,0.1-6.4,-1.1701443038720791,-1.28209901,0.913009901,-1.350089109
9,0.1-6.4,-0.8196342313891315,-0.75760396,0.913009901,-1.350089109
9,0.1-6.4,-0.4474214470108459,-0.45650495,0.913009901,-1.350089109
9,0.1-6.4,-0.1934366990197409,-0.203970297,0.913009901,-1.350089109
9,0.1-6.4,0.0233626628637181,-0.067990099,0.913009901,-1.350089109
9,0.1-6.4,0.1884661613161104,0.22339604,0.913009901,-1.350089109
9,0.1-6.4,0.2872684477407269,0.203970297,0.913009901,-1.350089109
9,0.1-6.4,0.4432982015100269,0.45650495,0.913009901,-1.350089109
9,0.1-6.4,0.6280557606910998,0.543920792,0.913009901,-1.350089109
9,0.1-6.4,0.5315671943047896,0.563346535,0.913009901,-1.350089109
9,0.1-6.4,0.4356534324646798,0.339950495,0.913009901,-1.350089109
9,0.1-6.4,0.2513322521518562,0.203970297,0.913009901,-1.350089109
9,0.1-6.4,0.0088324376397821,-0.135980198,0.913009901,-1.350089109
9,0.1-6.4,-0.2397272041600805,-0.291386139,0.913009901,-1.350089109
9,0.1-6.4,-0.3431128410277707,-0.45650495,0.913009901,-1.350089109
9,0.1-6.4,-0.4164125253387373,-0.427366337,0.913009901,-1.350089109
9,0.1-6.4,-0.3736667395354542,-0.388514851,0.913009901,-1.350089109
9,0.1-6.4,-0.2293939474747417,-0.281673267,0.913009901,-1.350089109
9,0.1-6.4,-0.1079246593272576,-0.252534653,0.913009901,-1.350089109
9,0.1-6.4,-0.0186271747394859,-0.038851485,0.913009901,-1.350089109
9,0.1-6.4,0.081731671379703,0.009712871,0.913009901,-1.350089109
9,0.1-6.4,0.1539866518804487,0.155405941,0.913009901,-1.350089109
9,0.1-6.4,0.1928605486417746,0.126267327,0.913009901,-1.350089109
9,0.1-6.4,0.1690404395727196,0.165118812,0.913009901,-1.350089109
9,0.1-6.4,0.0937830758890669,0.009712871,0.913009901,-1.350089109
9,0.1-6.4,0.0315483732218476,-0.058277228,0.913009901,-1.350089109
9,0.1-6.4,0.0105038363323645,-0.029138614,0.913009901,-1.350089109
9,0.1-6.4,-0.0559987350554146,-0.126267327,0.913009901,-1.350089109
9,0.1-6.4,-0.0315577170385098,-0.07770297,0.913009901,-1.350089109
9,0.1-6.4,0.01065036574372,-0.07770297,0.913009901,-1.350089109
9,0.1-6.4,0.0152755871029333,-0.048564356,0.913009901,-1.350089109
9,0.1-6.4,0.0073685576308044,-0.116554455,0.913009901,-1.350089109
9,0.1-6.4,0.0449910943571827,-0.019425743,0.913009901,-1.350089109
9,0.1-6.4,0.0052438177721745,-0.106841584,0.913009901,-1.350089109
10,0.1-6.4,-0.0027693547563373,-0.038851485,0.913009901,-1.350089109
10,0.1-6.4,-0.0127688400829405,0.019425743,0.913009901,-1.350089109
10,0.1-6.4,-0.0054036109696249,-0.019425743,0.913009901,-1.350089109
10,0.1-6.4,0.0032558864153907,-0.048564356,0.913009901,-1.350089109
10,0.1-6.4,-0.0058791041497203,-0.067990099,0.913009901,-1.350089109
10,0.1-6.4,-0.0104911911306647,-0.067990099,0.913009901,-1.350089109
10,0.1-6.4,-0.0023249997084044,-0.038851485,0.913009901,-1.350089109
10,0.1-6.4,0.0237331838690253,0.0,0.913009901,-1.350089109
10,0.1-6.4,0.0403581198413536,0.019425743,0.913009901,-1.350089109
10,0.1-6.4,0.0177912479803829,-0.067990099,0.913009901,-1.350089109
10,0.1-6.4,-0.0443084372322185,-0.087415842,0.913009901,-1.350089109
10,0.1-6.4,-0.101197766468999,-0.213683168,0.913009901,-1.350089109
10,0.1-6.4,-0.1878142403471854,-0.271960396,0.913009901,-1.350089109
10,0.1-6.4,-0.2129859427459236,-0.252534653,0.913009901,-1.350089109
10,0.1-6.4,-0.1539961501998672,-0.07770297,0.913009901,-1.350089109
10,0.1-6.4,0.0137083816952553,0.07770297,0.913009901,-1.350089109
10,0.1-6.4,0.207028720025699,0.242821782,0.913009901,-1.350089109
10,0.1-6.4,0.3480009667991688,0.320524752,0.913009901,-1.350089109
10,0.1-6.4,0.3947559089832174,0.398227723,0.913009901,-1.350089109
10,0.1-6.4,0.4063688452867797,0.339950495,0.913009901,-1.350089109
10,0.1-6.4,0.3343050434827915,0.213683168,0.913009901,-1.350089109
10,0.1-6.4,0.1458692394058466,-0.07770297,0.913009901,-1.350089109
10,0.1-6.4,-0.1953104948031854,-0.37880198,0.913009901,-1.350089109
10,0.1-6.4,-0.4804856432430357,-0.611910891,0.913009901,-1.350089109
10,0.1-6.4,-0.6402132159626601,-0.75760396,0.913009901,-1.350089109
10,0.1-6.4,-0.6297693924449514,-0.611910891,0.913009901,-1.350089109
10,0.1-6.4,-0.5445694981914924,-0.573059406,0.913009901,-1.350089109
10,0.1-6.4,-0.4249795986753118,-0.369089109,0.913009901,-1.350089109
10,0.1-6.4,-0.1466055667636314,-0.135980198,0.913009901,-1.350089109
10,0.1-6.4,0.111823570076659,0.184544554,0.913009901,-1.350089109
10,0.1-6.4,0.3756810277661421,0.388514851,0.913009901,-1.350089109
10,0.1-6.4,0.6289379287998004,0.728465347,0.913009901,-1.350089109
10,0.1-6.4,0.828041041861034,0.689613861,0.913009901,-1.350089109
10,0.1-6.4,0.8046493317885249,0.738178218,0.913009901,-1.350089109
10,0.1-6.4,0.7693021141619052,0.592485149,0.913009901,-1.350089109
10,0.1-6.4,0.5581699984482406,0.495356436,0.913009901,-1.350089109
10,0.1-6.4,0.2180586847429728,-0.106841584,0.913009901,-1.350089109
10,0.1-6.4,-0.3508809923580294,-0.466217822,0.913009901,-1.350089109
10,0.1-6.4,-0.7952826305768858,-1.116980198,0.913009901,-1.350089109
10,0.1-6.4,-1.2254038632314943,-1.223821782,0.913009901,-1.350089109
10,0.1-6.4,-1.1829254005005785,-1.126693069,0.913009901,-1.350089109
10,0.1-6.4,-0.7636815557468687,-0.611910891,0.913009901,-1.350089109
10,0.1-6.4,-0.4189245990604604,-0.330237624,0.913009901,-1.350089109
10,0.1-6.4,-0.0860796762484321,0.019425743,0.913009901,-1.350089109
10,0.1-6.4,0.1603785408481119,0.067990099,0.913009901,-1.350089109
10,0.1-6.4,0.3382264409186262,0.339950495,0.913009901,-1.350089109
10,0.1-6.4,0.5153738774240898,0.505069307,0.913009901,-1.350089109
10,0.1-6.4,0.8049237660993049,0.883871287,0.913009901,-1.350089109
10,0.1-6.4,0.9962515339725122,0.825594059,0.913009901,-1.350089109
10,0.1-6.4,0.8971454586243456,0.806168317,0.913009901,-1.350089109
10,0.1-6.4,0.7177694376926709,0.563346535,0.913009901,-1.350089109
10,0.1-6.4,0.3765591128100857,0.174831683,0.913009901,-1.350089109
10,0.1-6.4,-0.1134283459043822,-0.369089109,0.913009901,-1.350089109
10,0.1-6.4,-0.592186536888523,-0.747891089,0.913009901,-1.350089109
10,0.1-6.4,-0.9433888524046264,-1.175257426,0.913009901,-1.350089109
10,0.1-6.4,-1.2553807307416425,-1.184970297,0.913009901,-1.350089109
10,0.1-6.4,-1.007687496663677,-0.806168317,0.913009901,-1.350089109
10,0.1-6.4,-0.6162845591828034,-0.505069307,0.913009901,-1.350089109
10,0.1-6.4,-0.3078766263083704,-0.233108911,0.913009901,-1.350089109
10,0.1-6.4,-0.0226540676759315,0.038851485,0.913009901,-1.350089109
10,0.1-6.4,0.2408096320760462,0.291386139,0.913009901,-1.350089109
10,0.1-6.4,0.4323792576699503,0.37880198,0.913009901,-1.350089109
10,0.1-6.4,0.6210335697540759,0.670188119,0.913009901,-1.350089109
10,0.1-6.4,0.9095126277880656,0.913009901,0.913009901,-1.350089109
10,0.1-6.4,0.9457762251951164,0.835306931,0.913009901,-1.350089109
10,0.1-6.4,0.8289252822470861,0.67990099,0.913009901,-1.350089109
10,0.1-6.4,0.5882880030204043,0.437079208,0.913009901,-1.350089109
10,0.1-6.4,0.2319622322792313,-0.038851485,0.913009901,-1.350089109
10,0.1-6.4,-0.2706333796657778,-0.45650495,0.913009901,-1.350089109
10,0.1-6.4,-0.6318682985464107,-0.806168317,0.913009901,-1.350089109
10,0.1-6.4,-1.0434958453332657,-1.233534653,0.913009901,-1.350089109
10,0.1-6.4,-1.264885766875235,-1.078128713,0.913009901,-1.350089109
10,0.1-6.4,-0.9210532602001686,-0.709039604,0.913009901,-1.350089109
10,0.1-6.4,-0.4911661668798038,-0.398227723,0.913009901,-1.350089109
10,0.1-6.4,-0.1725340952406005,-0.097128713,0.913009901,-1.350089109
10,0.1-6.4,0.0798536326351849,0.135980198,0.913009901,-1.350089109
10,0.1-6.4,0.3322421508249435,0.30109901,0.913009901,-1.350089109
10,0.1-6.4,0.4767351240502256,0.534207921,0.913009901,-1.350089109
10,0.1-6.4,0.7524720411963047,0.75760396,0.913009901,-1.350089109
10,0.1-6.4,0.958417315462577,0.854732673,0.913009901,-1.350089109
10,0.1-6.4,0.8696661007175389,0.718752475,0.913009901,-1.350089109
10,0.1-6.4,0.6957384267386509,0.573059406,0.913009901,-1.350089109
10,0.1-6.4,0.5032069715133295,0.271960396,0.913009901,-1.350089109
10,0.1-6.4,0.0893774140970146,-0.126267327,0.913009901,-1.350089109
10,0.1-6.4,-0.4059425398716488,-0.611910891,0.913009901,-1.350089109
10,0.1-6.4,-0.7965924185160312,-0.990712871,0.913009901,-1.350089109
10,0.1-6.4,-1.204361938800421,-1.350089109,0.913009901,-1.350089109
10,0.1-6.4,-1.1803174644394132,-0.854732673,0.913009901,-1.350089109
10,0.1-6.4,-0.7524737219373653,-0.621623762,0.913009901,-1.350089109
10,0.1-6.4,-0.3507211693646528,-0.203970297,0.913009901,-1.350089109
10,0.1-6.4,-0.0656357183459555,-0.135980198,0.913009901,-1.350089109
10,0.1-6.4,0.1820445830666804,0.22339604,0.913009901,-1.350089109
10,0.1-6.4,0.392436344258619,0.271960396,0.913009901,-1.350089109
10,0.1-6.4,0.5456254511477285,0.660475248,0.913009901,-1.350089109
10,0.1-6.4,0.8719724505583125,0.815881188,0.913009901,-1.350089109
10,0.1-6.4,0.9708107393607964,0.845019802,0.913009901,-1.350089109
10,0.1-6.4,0.8220047688411594,0.650762376,0.913009901,-1.350089109
10,0.1-6.4,0.6286851272790238,0.563346535,0.913009901,-1.350089109
10,0.1-6.4,0.3800367330146976,0.126267327,0.913009901,-1.350089109
10,0.1-6.4,-0.1301387501139592,-0.271960396,0.913009901,-1.350089109
10,0.1-6.4,-0.5251631844545478,-0.718752475,0.913009901,-1.350089109
10,0.1-6.4,-0.973566608833741,-1.155831683,0.913009901,-1.350089109
10,0.1-6.4,-1.2824353694389203,-1.194683168,0.913009901,-1.350089109
10,0.1-6.4,-1.017871574630384,-0.815881188,0.913009901,-1.350089109
10,0.1-6.4,-0.5618250260693554,-0.52449505,0.913009901,-1.350089109
10,0.1-6.4,-0.2169121594078377,-0.155405941,0.913009901,-1.350089109
10,0.1-6.4,0.0025041678976594,0.087415842,0.913009901,-1.350089109
10,0.1-6.4,0.2532517066351741,0.242821782,0.913009901,-1.350089109
10,0.1-6.4,0.4357770527320848,0.466217822,0.913009901,-1.350089109
10,0.1-6.4,0.6950131979015141,0.709039604,0.913009901,-1.350089109
10,0.1-6.4,0.949946300375215,0.874158416,0.913009901,-1.350089109
10,0.1-6.4,0.915534217529867,0.728465347,0.913009901,-1.350089109
10,0.1-6.4,0.759230091208732,0.650762376,0.913009901,-1.350089109
10,0.1-6.4,0.5561779333908071,0.398227723,0.913009901,-1.350089109
10,0.1-6.4,0.1697873884836908,-0.07770297,0.913009901,-1.350089109
10,0.1-6.4,-0.3505582527570468,-0.52449505,0.913009901,-1.350089109
10,0.1-6.4,-0.6970338316630871,-0.893584158,0.913009901,-1.350089109
10,0.1-6.4,-1.1382709296862932,-1.291811881,0.913009901,-1.350089109
10,0.1-6.4,-1.226730273715754,-1.048990099,0.913009901,-1.350089109
10,0.1-6.4,-0.8369377254007734,-0.709039604,0.913009901,-1.350089109
10,0.1-6.4,-0.4117616133249455,-0.339950495,0.913009901,-1.350089109
10,0.1-6.4,-0.1608307530302516,-0.135980198,0.913009901,-1.350089109
10,0.1-6.4,0.1303749337239927,0.165118812,0.913009901,-1.350089109
10,0.1-6.4,0.3185681545738617,0.30109901,0.913009901,-1.350089109
10,0.1-6.4,0.5426945937007771,0.534207921,0.913009901,-1.350089109
10,0.1-6.4,0.795925519511495,0.777029703,0.913009901,-1.350089109
10,0.1-6.4,0.9273315607777778,0.835306931,0.913009901,-1.350089109
10,0.1-6.4,0.8530045580414594,0.738178218,0.913009901,-1.350089109
10,0.1-6.4,0.6900238357157539,0.611910891,0.913009901,-1.350089109
10,0.1-6.4,0.433838115591467,0.184544554,0.913009901,-1.350089109
10,0.1-6.4,-0.0421986570621654,-0.252534653,0.913009901,-1.350089109
10,0.1-6.4,-0.4437487394788554,-0.60219802,0.913009901,-1.350089109
10,0.1-6.4,-0.8272947424332213,-1.097554455,0.913009901,-1.350089109
10,0.1-6.4,-1.2678999404195856,-1.262673267,0.913009901,-1.350089109
10,0.1-6.4,-1.123980013440737,-0.990712871,0.913009901,-1.350089109
10,0.1-6.4,-0.6733735372530524,-0.505069307,0.913009901,-1.350089109
10,0.1-6.4,-0.3416137481652384,-0.291386139,0.913009901,-1.350089109
10,0.1-6.4,0.0035665786175569,0.019425743,0.913009901,-1.350089109
10,0.1-6.4,0.2096959119873286,0.126267327,0.913009901,-1.350089109
10,0.1-6.4,0.3873465859530081,0.407940594,0.913009901,-1.350089109
10,0.1-6.4,0.6176743480185778,0.641049505,0.913009901,-1.350089109
10,0.1-6.4,0.9103566576845754,0.913009901,0.913009901,-1.350089109
10,0.1-6.4,0.9703355162031838,0.777029703,0.913009901,-1.350089109
10,0.1-6.4,0.8214994918211205,0.709039604,0.913009901,-1.350089109
10,0.1-6.4,0.6111798756628455,0.37880198,0.913009901,-1.350089109
10,0.1-6.4,0.2461390280893808,0.048564356,0.913009901,-1.350089109
10,0.1-6.4,-0.2072367341343085,-0.437079208,0.913009901,-1.350089109
10,0.1-6.4,-0.5756671630893002,-0.689613861,0.913009901,-1.350089109
10,0.1-6.4,-1.0089313308773025,-1.272386139,0.913009901,-1.350089109
10,0.1-6.4,-1.2547012430726014,-1.087841584,0.913009901,-1.350089109
10,0.1-6.4,-0.9215446080610756,-0.825594059,0.913009901,-1.350089109
10,0.1-6.4,-0.5411892329595055,-0.417653465,0.913009901,-1.350089109
10,0.1-6.4,-0.2324602956835523,-0.184544554,0.913009901,-1.350089109
10,0.1-6.4,0.1121280276041821,0.116554455,0.913009901,-1.350089109
10,0.1-6.4,0.3083128844497518,0.233108911,0.913009901,-1.350089109
10,0.1-6.4,0.4809953471735899,0.553633663,0.913009901,-1.350089109
10,0.1-6.4,0.7459632924318372,0.689613861,0.913009901,-1.350089109
10,0.1-6.4,0.9374848036434018,0.864445545,0.913009901,-1.350089109
10,0.1-6.4,0.88775225918063,0.747891089,0.913009901,-1.350089109
10,0.1-6.4,0.7305260221227637,0.592485149,0.913009901,-1.350089109
10,0.1-6.4,0.4828303594118689,0.330237624,0.913009901,-1.350089109
10,0.1-6.4,0.1258019206879357,-0.126267327,0.913009901,-1.350089109
10,0.1-6.4,-0.3360252191638763,-0.534207921,0.913009901,-1.350089109
10,0.1-6.4,-0.7246456617561549,-0.971287129,0.913009901,-1.350089109
10,0.1-6.4,-1.1896372789968763,-1.272386139,0.913009901,-1.350089109
10,0.1-6.4,-1.2051897370684137,-1.048990099,0.913009901,-1.350089109
10,0.1-6.4,-0.7565726212160346,-0.60219802,0.913009901,-1.350089109
10,0.1-6.4,-0.4345630426709581,-0.349663366,0.913009901,-1.350089109
10,0.1-6.4,-0.0947701301755374,-0.038851485,0.913009901,-1.350089109
10,0.1-6.4,0.1504256985052982,0.067990099,0.913009901,-1.350089109
10,0.1-6.4,0.3892165449458363,0.359376238,0.913009901,-1.350089109
10,0.1-6.4,0.5784216831835619,0.563346535,0.913009901,-1.350089109
10,0.1-6.4,0.8494028382070017,0.913009901,0.913009901,-1.350089109
10,0.1-6.4,0.9407852086264834,0.806168317,0.913009901,-1.350089109
10,0.1-6.4,0.848324267783859,0.728465347,0.913009901,-1.350089109
10,0.1-6.4,0.6603655124910014,0.446792079,0.913009901,-1.350089109
10,0.1-6.4,0.3594551989176859,0.213683168,0.913009901,-1.350089109
10,0.1-6.4,-0.0774335761112377,-0.281673267,0.913009901,-1.350089109
10,0.1-6.4,-0.4972236852992378,-0.660475248,0.913009901,-1.350089109
10,0.1-6.4,-0.9248690818142646,-1.136405941,0.913009901,-1.350089109
10,0.1-6.4,-1.2381552868170984,-1.252960396,0.913009901,-1.350089109
10,0.1-6.4,-1.0132211054536835,-0.835306931,0.913009901,-1.350089109
10,0.1-6.4,-0.6279994023636118,-0.563346535,0.913009901,-1.350089109
10,0.1-6.4,-0.3082250569624051,-0.213683168,0.913009901,-1.350089109
10,0.1-6.4,0.0182058471826676,-0.029138614,0.913009901,-1.350089109
10,0.1-6.4,0.220652616339582,0.184544554,0.913009901,-1.350089109
10,0.1-6.4,0.4442652722797521,0.398227723,0.913009901,-1.350089109
10,0.1-6.4,0.6557951329384728,0.767316832,0.913009901,-1.350089109
10,0.1-6.4,0.9389296232288536,0.90329703,0.913009901,-1.350089109
10,0.1-6.4,0.9063459354620734,0.815881188,0.913009901,-1.350089109
10,0.1-6.4,0.8030278962148231,0.611910891,0.913009901,-1.350089109
10,0.1-6.4,0.6022906032738445,0.466217822,0.913009901,-1.350089109
10,0.1-6.4,0.2229552093758711,-0.087415842,0.913009901,-1.350089109
10,0.1-6.4,-0.2694484537585214,-0.359376238,0.913009901,-1.350089109
10,0.1-6.4,-0.6655651184535539,-0.883871287,0.913009901,-1.350089109
10,0.1-6.4,-1.0626285113581346,-1.214108911,0.913009901,-1.350089109
10,0.1-6.4,-1.253580340577944,-1.194683168,0.913009901,-1.350089109
10,0.1-6.4,-0.9265276203794957,-0.641049505,0.913009901,-1.350089109
10,0.1-6.4,-0.4903051260352067,-0.407940594,0.913009901,-1.350089109
10,0.1-6.4,-0.1283882156210404,-0.067990099,0.913009901,-1.350089109
10,0.1-6.4,0.1024495943640869,0.048564356,0.913009901,-1.350089109
10,0.1-6.4,0.3053255794736957,0.330237624,0.913009901,-1.350089109
10,0.1-6.4,0.5080813040949699,0.466217822,0.913009901,-1.350089109
10,0.1-6.4,0.7560048162808851,0.815881188,0.913009901,-1.350089109
10,0.1-6.4,0.934333056361196,0.806168317,0.913009901,-1.350089109
10,0.1-6.4,0.8789524824257549,0.767316832,0.913009901,-1.350089109
10,0.1-6.4,0.7121300341911234,0.563346535,0.913009901,-1.350089109
10,0.1-6.4,0.4640236321473058,0.291386139,0.913009901,-1.350089109
10,0.1-6.4,0.0440587719289081,-0.203970297,0.913009901,-1.350089109
10,0.1-6.4,-0.458009755797047,-0.573059406,0.913009901,-1.350089109
10,0.1-6.4,-0.7930445040850431,-1.019851485,0.913009901,-1.350089109
10,0.1-6.4,-1.2228268964255662,-1.233534653,0.913009901,-1.350089109
10,0.1-6.4,-1.1367954023845974,-0.971287129,0.913009901,-1.350089109
10,0.1-6.4,-0.7152675080705229,-0.611910891,0.913009901,-1.350089109
10,0.1-6.4,-0.3733417607677316,-0.271960396,0.913009901,-1.350089109
10,0.1-6.4,-0.028068840413709,-0.058277228,0.913009901,-1.350089109
10,0.1-6.4,0.1952104215151777,0.203970297,0.913009901,-1.350089109
10,0.1-6.4,0.3780334477348415,0.369089109,0.913009901,-1.350089109
10,0.1-6.4,0.5758984472906387,0.670188119,0.913009901,-1.350089109
10,0.1-6.4,0.8839028179602861,0.786742574,0.913009901,-1.350089109
10,0.1-6.4,0.9619741598965418,0.815881188,0.913009901,-1.350089109
10,0.1-6.4,0.8488991699055695,0.67990099,0.913009901,-1.350089109
10,0.1-6.4,0.6181709350795547,0.52449505,0.913009901,-1.350089109
10,0.1-6.4,0.3181781270040301,0.058277228,0.913009901,-1.350089109
10,0.1-6.4,-0.1921722347736734,-0.320524752,0.913009901,-1.350089109
10,0.1-6.4,-0.5513823028383568,-0.777029703,0.913009901,-1.350089109
10,0.1-6.4,-0.9501804312891782,-1.146118812,0.913009901,-1.350089109
10,0.1-6.4,-1.2451421084217302,-1.214108911,0.913009901,-1.350089109
10,0.1-6.4,-0.9685524264323726,-0.806168317,0.913009901,-1.350089109
10,0.1-6.4,-0.5853751604077313,-0.485643564,0.913009901,-1.350089109
10,0.1-6.4,-0.2311461576210707,-0.145693069,0.913009901,-1.350089109
10,0.1-6.4,0.0087437225275077,0.009712871,0.913009901,-1.350089109
10,0.1-6.4,0.2763139594488298,0.262247525,0.913009901,-1.350089109
10,0.1-6.4,0.459065017654526,0.417653465,0.913009901,-1.350089109
10,0.1-6.4,0.7075344688994366,0.75760396,0.913009901,-1.350089109
10,0.1-6.4,0.923456733848258,0.854732673,0.913009901,-1.350089109
10,0.1-6.4,0.8068496159573098,0.728465347,0.913009901,-1.350089109
10,0.1-6.4,0.8120851591504029,0.718752475,0.913009901,-1.350089109
10,0.1-6.4,0.6517864204379867,0.446792079,0.913009901,-1.350089109
10,0.1-6.4,0.0918385653493852,-0.165118812,0.913009901,-1.350089109
10,0.1-6.4,-0.4352654590890901,-0.650762376,0.913009901,-1.350089109
10,0.1-6.4,-0.7973945181648174,-0.951861386,0.913009901,-1.350089109
10,0.1-6.4,-1.169844819336896,-1.28209901,0.913009901,-1.350089109
10,0.1-6.4,-1.036348249518098,-0.75760396,0.913009901,-1.350089109
10,0.1-6.4,-0.5740563868031519,-0.45650495,0.913009901,-1.350089109
10,0.1-6.4,-0.2689089230281263,-0.203970297,0.913009901,-1.350089109
10,0.1-6.4,-0.0362957201176254,-0.067990099,0.913009901,-1.350089109
10,0.1-6.4,0.1710078497391053,0.22339604,0.913009901,-1.350089109
10,0.1-6.4,0.3338275848998074,0.203970297,0.913009901,-1.350089109
10,0.1-6.4,0.4350978440006997,0.45650495,0.913009901,-1.350089109
10,0.1-6.4,0.6270568281830675,0.543920792,0.913009901,-1.350089109
10,0.1-6.4,0.6260378202871948,0.563346535,0.913009901,-1.350089109
10,0.1-6.4,0.4715631595375085,0.339950495,0.913009901,-1.350089109
10,0.1-6.4,0.3421363831928254,0.203970297,0.913009901,-1.350089109
10,0.1-6.4,0.0758404421898958,-0.135980198,0.913009901,-1.350089109
10,0.1-6.4,-0.2032171765090906,-0.291386139,0.913009901,-1.350089109
10,0.1-6.4,-0.347194675858436,-0.45650495,0.913009901,-1.350089109
10,0.1-6.4,-0.4333104355513266,-0.427366337,0.913009901,-1.350089109
10,0.1-6.4,-0.4250821949574598,-0.388514851,0.913009901,-1.350089109
10,0.1-6.4,-0.2851356540229442,-0.281673267,0.913009901,-1.350089109
10,0.1-6.4,-0.1802583905749353,-0.252534653,0.913009901,-1.350089109
10,0.1-6.4,-0.0790454591823176,-0.038851485,0.913009901,-1.350089109
10,0.1-6.4,0.0200841320310893,0.009712871,0.913009901,-1.350089109
10,0.1-6.4,0.1605522271770338,0.155405941,0.913009901,-1.350089109
10,0.1-6.4,0.2187094580400534,0.126267327,0.913009901,-1.350089109
10,0.1-6.4,0.23450747807126,0.165118812,0.913009901,-1.350089109
10,0.1-6.4,0.1410044101747148,0.009712871,0.913009901,-1.350089109
10,0.1-6.4,0.0439935027145738,-0.058277228,0.913009901,-1.350089109
10,0.1-6.4,0.0045277205778085,-0.029138614,0.913009901,-1.350089109
10,0.1-6.4,-0.0410556151969738,-0.126267327,0.913009901,-1.350089109
10,0.1-6.4,-0.0575076702697576,-0.07770297,0.913009901,-1.350089109
10,0.1-6.4,-0.0192329422111284,-0.07770297,0.913009901,-1.350089109
10,0.1-6.4,-0.0126438277654258,-0.048564356,0.913009901,-1.350089109
10,0.1-6.4,-0.0029591459002981,-0.116554455,0.913009901,-1.350089109
10,0.1-6.4,-0.0086626488123268,-0.019425743,0.913009901,-1.350089109
10,0.1-6.4,-0.005967765154234,-0.106841584,0.913009901,-1.350089109
8,0.2-4,0.00246300983698,-0.067990099,2.097980198,-2.573910891
8,0.2-4,0.0087339607861852,-0.116554455,2.097980198,-2.573910891
8,0.2-4,0.0092331004380817,0.0,2.097980198,-2.573910891
8,0.2-4,-0.0167379568071308,-0.087415842,2.097980198,-2.573910891
8,0.2-4,-0.002055530184668,-0.019425743,2.097980198,-2.573910891
8,0.2-4,-0.0035059537992452,-0.067990099,2.097980198,-2.573910891
8,0.2-4,0.0109470846745989,-0.009712871,2.097980198,-2.573910891
8,0.2-4,-0.016677864368772,-0.067990099,2.097980198,-2.573910891
8,0.2-4,-0.0111704822835992,-0.048564356,2.097980198,-2.573910891
8,0.2-4,-0.0028326588304112,-0.029138614,2.097980198,-2.573910891
8,0.2-4,-0.0070466560212565,-0.019425743,2.097980198,-2.573910891
8,0.2-4,0.0070798581791932,-0.048564356,2.097980198,-2.573910891
8,0.2-4,-0.0077740417047209,0.067990099,2.097980198,-2.573910891
8,0.2-4,0.1278558109754028,0.262247525,2.097980198,-2.573910891
8,0.2-4,0.3133739459709768,0.320524752,2.097980198,-2.573910891
8,0.2-4,0.3647934838978324,0.252534653,2.097980198,-2.573910891
8,0.2-4,0.2182817904319956,-0.126267327,2.097980198,-2.573910891
8,0.2-4,-0.0894476533662183,-0.242821782,2.097980198,-2.573910891
8,0.2-4,-0.2684536135748794,-0.514782178,2.097980198,-2.573910891
8,0.2-4,-0.3688174411142947,-0.388514851,2.097980198,-2.573910891
8,0.2-4,-0.4091649186716521,-0.446792079,2.097980198,-2.573910891
8,0.2-4,-0.3736277440522336,-0.427366337,2.097980198,-2.573910891
8,0.2-4,-0.474070900335663,-0.611910891,2.097980198,-2.573910891
8,0.2-4,-0.5176885137089274,-0.485643564,2.097980198,-2.573910891
8,0.2-4,-0.4088156652298106,-0.30109901,2.097980198,-2.573910891
8,0.2-4,-0.2123081225829444,-0.07770297,2.097980198,-2.573910891
8,0.2-4,-0.0630324186278717,0.038851485,2.097980198,-2.573910891
8,0.2-4,0.1071577171676178,0.097128713,2.097980198,-2.573910891
8,0.2-4,0.1682359975187534,0.165118812,2.097980198,-2.573910891
8,0.2-4,0.285203630157022,0.466217822,2.097980198,-2.573910891
8,0.2-4,0.489431759457112,0.660475248,2.097980198,-2.573910891
8,0.2-4,0.7481142177686376,0.874158416,2.097980198,-2.573910891
8,0.2-4,0.9070290041172056,0.90329703,2.097980198,-2.573910891
8,0.2-4,0.9567452048712008,0.932435644,2.097980198,-2.573910891
8,0.2-4,1.0236701155951458,0.874158416,2.097980198,-2.573910891
8,0.2-4,0.9013579610447762,0.52449505,2.097980198,-2.573910891
8,0.2-4,0.5891416539286769,0.135980198,2.097980198,-2.573910891
8,0.2-4,0.1864662915123412,-0.116554455,2.097980198,-2.573910891
8,0.2-4,-0.0422915290379256,-0.203970297,2.097980198,-2.573910891
8,0.2-4,-0.1924401103020964,-0.45650495,2.097980198,-2.573910891
8,0.2-4,-0.3970958550141978,-0.641049505,2.097980198,-2.573910891
8,0.2-4,-0.6130682714671764,-0.942148515,2.097980198,-2.573910891
8,0.2-4,-0.9485995137895,-1.350089109,2.097980198,-2.573910891
8,0.2-4,-1.3701158060850684,-1.728891089,2.097980198,-2.573910891
8,0.2-4,-1.6003681924006237,-1.447217822,2.097980198,-2.573910891
8,0.2-4,-1.3401194227532127,-1.078128713,2.097980198,-2.573910891
8,0.2-4,-0.9140937849306284,-0.611910891,2.097980198,-2.573910891
8,0.2-4,-0.6098772137907477,-0.631336634,2.097980198,-2.573910891
8,0.2-4,-0.5574020677570976,-0.611910891,2.097980198,-2.573910891
8,0.2-4,-0.5837855266629297,-0.592485149,2.097980198,-2.573910891
8,0.2-4,-0.4127316273837159,-0.213683168,2.097980198,-2.573910891
8,0.2-4,-0.0358172277856319,0.233108911,2.097980198,-2.573910891
8,0.2-4,0.4169867390384317,0.786742574,2.097980198,-2.573910891
8,0.2-4,0.9746557103490474,1.252960396,2.097980198,-2.573910891
8,0.2-4,1.3370573218745403,1.320950495,2.097980198,-2.573910891
8,0.2-4,1.4619231337091585,1.524920792,2.097980198,-2.573910891
8,0.2-4,1.6504270253949196,1.690039604,2.097980198,-2.573910891
8,0.2-4,1.8139057544742276,1.855158416,2.097980198,-2.573910891
8,0.2-4,1.9124583651525229,1.690039604,2.097980198,-2.573910891
8,0.2-4,1.6502360408482408,1.20439604,2.097980198,-2.573910891
8,0.2-4,1.157071605687311,0.650762376,2.097980198,-2.573910891
8,0.2-4,0.6513038934636052,0.174831683,2.097980198,-2.573910891
8,0.2-4,0.1657118461118853,-0.213683168,2.097980198,-2.573910891
8,0.2-4,-0.172218130604869,-0.514782178,2.097980198,-2.573910891
8,0.2-4,-0.5623444262086669,-0.971287129,2.097980198,-2.573910891
8,0.2-4,-0.9897842283306304,-1.311237624,2.097980198,-2.573910891
8,0.2-4,-1.512278457636124,-1.971712871,2.097980198,-2.573910891
8,0.2-4,-1.901043273307319,-2.068841584,2.097980198,-2.573910891
8,0.2-4,-2.227015534353997,-2.428217822,2.097980198,-2.573910891
8,0.2-4,-2.2698970704843795,-1.777455446,2.097980198,-2.573910891
8,0.2-4,-1.6416289619977984,-1.243247525,2.097980198,-2.573910891
8,0.2-4,-1.0699647335931248,-0.90329703,2.097980198,-2.573910891
8,0.2-4,-0.8763193035367568,-0.747891089,2.097980198,-2.573910891
8,0.2-4,-0.6705369027006508,-0.514782178,2.097980198,-2.573910891
8,0.2-4,-0.475648064783658,-0.349663366,2.097980198,-2.573910891
8,0.2-4,-0.1881464964606156,0.058277228,2.097980198,-2.573910891
8,0.2-4,0.1754983716475824,0.495356436,2.097980198,-2.573910891
8,0.2-4,0.764129935772091,1.272386139,2.097980198,-2.573910891
8,0.2-4,1.4285303760123391,1.554059406,2.097980198,-2.573910891
8,0.2-4,1.7457449090428092,1.835732673,2.097980198,-2.573910891
8,0.2-4,1.889305869885216,1.816306931,2.097980198,-2.573910891
8,0.2-4,1.9114988088806808,1.923148515,2.097980198,-2.573910891
8,0.2-4,1.9508729229942157,1.88429703,2.097980198,-2.573910891
8,0.2-4,1.843373003668492,1.563772277,2.097980198,-2.573910891
8,0.2-4,1.413115573543979,1.039277228,2.097980198,-2.573910891
8,0.2-4,0.9781915356477632,0.592485149,2.097980198,-2.573910891
8,0.2-4,0.5069094958650876,0.165118812,2.097980198,-2.573910891
8,0.2-4,0.0802321360173578,-0.291386139,2.097980198,-2.573910891
8,0.2-4,-0.2577468747894225,-0.495356436,2.097980198,-2.573910891
8,0.2-4,-0.571164985272261,-0.990712871,2.097980198,-2.573910891
8,0.2-4,-0.9707137106489444,-1.398653465,2.097980198,-2.573910891
8,0.2-4,-1.4343166311808813,-1.835732673,2.097980198,-2.573910891
8,0.2-4,-1.846416195691385,-2.127118812,2.097980198,-2.573910891
8,0.2-4,-2.2158580798004794,-2.515633663,2.097980198,-2.573910891
8,0.2-4,-2.31197979851736,-1.88429703,2.097980198,-2.573910891
8,0.2-4,-1.749636101377514,-1.252960396,2.097980198,-2.573910891
8,0.2-4,-1.131696049996607,-0.845019802,2.097980198,-2.573910891
8,0.2-4,-0.8249902112958573,-0.786742574,2.097980198,-2.573910891
8,0.2-4,-0.6461897189206331,-0.553633663,2.097980198,-2.573910891
8,0.2-4,-0.5035752373363547,-0.417653465,2.097980198,-2.573910891
8,0.2-4,-0.2621485527043206,0.019425743,2.097980198,-2.573910891
8,0.2-4,0.1159855972177038,0.514782178,2.097980198,-2.573910891
8,0.2-4,0.7455511943300838,1.233534653,2.097980198,-2.573910891
8,0.2-4,1.38693427579922,1.592910891,2.097980198,-2.573910891
8,0.2-4,1.722916219321173,1.767742574,2.097980198,-2.573910891
8,0.2-4,1.8694074863540429,1.932861386,2.097980198,-2.573910891
8,0.2-4,1.926257193949607,1.826019802,2.097980198,-2.573910891
8,0.2-4,1.9778999881587689,1.894009901,2.097980198,-2.573910891
8,0.2-4,1.870316607908377,1.447217822,2.097980198,-2.573910891
8,0.2-4,1.4050900955655874,1.000425743,2.097980198,-2.573910891
8,0.2-4,0.9835313508776756,0.650762376,2.097980198,-2.573910891
8,0.2-4,0.5963571159520538,0.242821782,2.097980198,-2.573910891
8,0.2-4,0.173861714780684,-0.252534653,2.097980198,-2.573910891
8,0.2-4,-0.2223900390917945,-0.52449505,2.097980198,-2.573910891
8,0.2-4,-0.5660015621252501,-0.971287129,2.097980198,-2.573910891
8,0.2-4,-0.9472902149089736,-1.28209901,2.097980198,-2.573910891
8,0.2-4,-1.3391434712068293,-1.874584158,2.097980198,-2.573910891
8,0.2-4,-1.8039065529432017,-2.146544554,2.097980198,-2.573910891
8,0.2-4,-2.216716021650017,-2.48649505,2.097980198,-2.573910891
8,0.2-4,-2.309892360303888,-1.88429703,2.097980198,-2.573910891
8,0.2-4,-1.808773268644125,-1.340376238,2.097980198,-2.573910891
8,0.2-4,-1.204097364758458,-0.883871287,2.097980198,-2.573910891
8,0.2-4,-0.88919393080924,-0.767316832,2.097980198,-2.573910891
8,0.2-4,-0.6893607663393392,-0.60219802,2.097980198,-2.573910891
8,0.2-4,-0.4799953282446897,-0.320524752,2.097980198,-2.573910891
8,0.2-4,-0.2293721711095107,0.038851485,2.097980198,-2.573910891
8,0.2-4,0.1473225558096767,0.45650495,2.097980198,-2.573910891
8,0.2-4,0.6614607155136152,1.116980198,2.097980198,-2.573910891
8,0.2-4,1.292026816035552,1.563772277,2.097980198,-2.573910891
8,0.2-4,1.7152696076279268,1.845445545,2.097980198,-2.573910891
8,0.2-4,1.906271178220112,1.864871287,2.097980198,-2.573910891
8,0.2-4,1.9324764813091453,1.864871287,2.097980198,-2.573910891
8,0.2-4,1.923450439237504,1.806594059,2.097980198,-2.573910891
8,0.2-4,1.779439877281839,1.466643564,2.097980198,-2.573910891
8,0.2-4,1.4276302305657147,0.981,2.097980198,-2.573910891
8,0.2-4,0.963380696239624,0.611910891,2.097980198,-2.573910891
8,0.2-4,0.5770151168378824,0.213683168,2.097980198,-2.573910891
8,0.2-4,0.1492323607564044,-0.213683168,2.097980198,-2.573910891
8,0.2-4,-0.2029387226346642,-0.505069307,2.097980198,-2.573910891
8,0.2-4,-0.5879980342307333,-1.010138614,2.097980198,-2.573910891
8,0.2-4,-0.9733457295767584,-1.320950495,2.097980198,-2.573910891
8,0.2-4,-1.3515338661950251,-1.826019802,2.097980198,-2.573910891
8,0.2-4,-1.78351748268031,-2.146544554,2.097980198,-2.573910891
8,0.2-4,-2.194398685426516,-2.457356436,2.097980198,-2.573910891
8,0.2-4,-2.3250660932763023,-1.913435644,2.097980198,-2.573910891
8,0.2-4,-1.7959752087147345,-1.311237624,2.097980198,-2.573910891
8,0.2-4,-1.1804399666648409,-0.893584158,2.097980198,-2.573910891
8,0.2-4,-0.8114406507895372,-0.738178218,2.097980198,-2.573910891
8,0.2-4,-0.635877295014186,-0.573059406,2.097980198,-2.573910891
8,0.2-4,-0.4897085501837706,-0.349663366,2.097980198,-2.573910891
8,0.2-4,-0.227393022664874,0.048564356,2.097980198,-2.573910891
8,0.2-4,0.1433543852360655,0.466217822,2.097980198,-2.573910891
8,0.2-4,0.6787457549624686,1.184970297,2.097980198,-2.573910891
8,0.2-4,1.3353497608270055,1.612336634,2.097980198,-2.573910891
8,0.2-4,1.6920287764104007,1.787168317,2.097980198,-2.573910891
8,0.2-4,1.907937032457809,1.855158416,2.097980198,-2.573910891
8,0.2-4,1.9126181975719925,1.835732673,2.097980198,-2.573910891
8,0.2-4,1.950704706827319,1.88429703,2.097980198,-2.573910891
8,0.2-4,1.8195284693688565,1.43750495,2.097980198,-2.573910891
8,0.2-4,1.4755116298180442,0.990712871,2.097980198,-2.573910891
8,0.2-4,0.9503200343571648,0.52449505,2.097980198,-2.573910891
8,0.2-4,0.5126573695657631,0.174831683,2.097980198,-2.573910891
8,0.2-4,0.146012653775522,-0.262247525,2.097980198,-2.573910891
8,0.2-4,-0.1734895307654126,-0.475930693,2.097980198,-2.573910891
8,0.2-4,-0.581370717026545,-1.010138614,2.097980198,-2.573910891
8,0.2-4,-0.9703349897810126,-1.262673267,2.097980198,-2.573910891
8,0.2-4,-1.3895708516158831,-1.806594059,2.097980198,-2.573910891
8,0.2-4,-1.7824312989439377,-2.107693069,2.097980198,-2.573910891
8,0.2-4,-2.268815273298729,-2.447643564,2.097980198,-2.573910891
8,0.2-4,-2.2968980550230245,-1.913435644,2.097980198,-2.573910891
8,0.2-4,-1.7480124782937394,-1.330663366,2.097980198,-2.573910891
8,0.2-4,-1.1538756218391824,-0.90329703,2.097980198,-2.573910891
8,0.2-4,-0.8400316033409219,-0.718752475,2.097980198,-2.573910891
8,0.2-4,-0.6461301069265807,-0.563346535,2.097980198,-2.573910891
8,0.2-4,-0.4847146035101101,-0.359376238,2.097980198,-2.573910891
8,0.2-4,-0.2473457125799215,0.048564356,2.097980198,-2.573910891
8,0.2-4,0.1390293776889664,0.466217822,2.097980198,-2.573910891
8,0.2-4,0.6464704141318073,1.20439604,2.097980198,-2.573910891
8,0.2-4,1.320776384782131,1.534633663,2.097980198,-2.573910891
8,0.2-4,1.638332486882483,1.835732673,2.097980198,-2.573910891
8,0.2-4,1.8745438745986485,1.894009901,2.097980198,-2.573910891
8,0.2-4,1.930109246853028,1.816306931,2.097980198,-2.573910891
8,0.2-4,1.954953841116192,1.845445545,2.097980198,-2.573910891
8,0.2-4,1.8610129652665703,1.466643564,2.097980198,-2.573910891
8,0.2-4,1.4706612132492165,0.922722772,2.097980198,-2.573910891
8,0.2-4,0.9735976063850535,0.621623762,2.097980198,-2.573910891
8,0.2-4,0.5593736089350901,0.184544554,2.097980198,-2.573910891
8,0.2-4,0.1553731829040728,-0.22339604,2.097980198,-2.573910891
8,0.2-4,-0.1664089096475784,-0.475930693,2.097980198,-2.573910891
8,0.2-4,-0.5279892480490056,-0.951861386,2.097980198,-2.573910891
8,0.2-4,-0.9337967829967582,-1.272386139,2.097980198,-2.573910891
8,0.2-4,-1.3424760204760562,-1.777455446,2.097980198,-2.573910891
8,0.2-4,-1.8134960909314064,-2.165970297,2.097980198,-2.573910891
8,0.2-4,-2.224210349036066,-2.515633663,2.097980198,-2.573910891
8,0.2-4,-2.3500237600823657,-1.942574257,2.097980198,-2.573910891
8,0.2-4,-1.803813890081752,-1.233534653,2.097980198,-2.573910891
8,0.2-4,-1.1819583294298337,-0.893584158,2.097980198,-2.573910891
8,0.2-4,-0.823217918358482,-0.650762376,2.097980198,-2.573910891
8,0.2-4,-0.6632053604285373,-0.582772277,2.097980198,-2.573910891
8,0.2-4,-0.4881810097811058,-0.330237624,2.097980198,-2.573910891
8,0.2-4,-0.2774598966984029,-0.038851485,2.097980198,-2.573910891
8,0.2-4,0.1031390688389109,0.505069307,2.097980198,-2.573910891
8,0.2-4,0.5665836227469776,1.107267327,2.097980198,-2.573910891
8,0.2-4,1.2268715655369402,1.602623762,2.097980198,-2.573910891
8,0.2-4,1.6514529419707888,1.796881188,2.097980198,-2.573910891
8,0.2-4,1.8930355964208436,1.913435644,2.097980198,-2.573910891
8,0.2-4,1.943409175368027,1.777455446,2.097980198,-2.573910891
8,0.2-4,1.920429532384724,1.913435644,2.097980198,-2.573910891
8,0.2-4,1.895960206423043,1.456930693,2.097980198,-2.573910891
8,0.2-4,1.488397151177327,0.971287129,2.097980198,-2.573910891
8,0.2-4,0.9821436311494274,0.573059406,2.097980198,-2.573910891
8,0.2-4,0.629094014986395,0.184544554,2.097980198,-2.573910891
8,0.2-4,0.151408451059808,-0.213683168,2.097980198,-2.573910891
8,0.2-4,-0.2054963370375816,-0.446792079,2.097980198,-2.573910891
8,0.2-4,-0.5414729040264812,-0.913009901,2.097980198,-2.573910891
8,0.2-4,-0.97999090716111,-1.252960396,2.097980198,-2.573910891
8,0.2-4,-1.3371466956886795,-1.796881188,2.097980198,-2.573910891
8,0.2-4,-1.815753207213893,-2.204821782,2.097980198,-2.573910891
8,0.2-4,-2.2274584859582176,-2.515633663,2.097980198,-2.573910891
8,0.2-4,-2.278782952475417,-1.991138614,2.097980198,-2.573910891
8,0.2-4,-1.7550944461152598,-1.311237624,2.097980198,-2.573910891
8,0.2-4,-1.1502855549159916,-0.951861386,2.097980198,-2.573910891
8,0.2-4,-0.7912740050570247,-0.641049505,2.097980198,-2.573910891
8,0.2-4,-0.6022550379920999,-0.573059406,2.097980198,-2.573910891
8,0.2-4,-0.4197180646628284,-0.30109901,2.097980198,-2.573910891
8,0.2-4,-0.165925205065255,-0.009712871,2.097980198,-2.573910891
8,0.2-4,0.2063465388882445,0.466217822,2.097980198,-2.573910891
8,0.2-4,0.7863823970004307,1.175257426,2.097980198,-2.573910891
8,0.2-4,1.4037445774804604,1.544346535,2.097980198,-2.573910891
8,0.2-4,1.723059627206644,1.777455446,2.097980198,-2.573910891
8,0.2-4,1.9004383676356995,1.952287129,2.097980198,-2.573910891
8,0.2-4,1.948821056659831,1.913435644,2.097980198,-2.573910891
8,0.2-4,1.94834602358784,1.864871287,2.097980198,-2.573910891
8,0.2-4,1.7303648435765715,1.447217822,2.097980198,-2.573910891
8,0.2-4,1.2427138660192198,0.922722772,2.097980198,-2.573910891
8,0.2-4,0.8088903106857503,0.582772277,2.097980198,-2.573910891
8,0.2-4,0.4259422540869011,0.165118812,2.097980198,-2.573910891
8,0.2-4,-0.0155434911325371,-0.184544554,2.097980198,-2.573910891
8,0.2-4,-0.3135441466608069,-0.573059406,2.097980198,-2.573910891
8,0.2-4,-0.752101528388475,-0.922722772,2.097980198,-2.573910891
8,0.2-4,-1.188817246017014,-1.330663366,2.097980198,-2.573910891
8,0.2-4,-1.6419020389808714,-1.758029703,2.097980198,-2.573910891
8,0.2-4,-2.057449265370725,-2.204821782,2.097980198,-2.573910891
8,0.2-4,-2.3524510250580595,-2.350514851,2.097980198,-2.573910891
8,0.2-4,-2.091053895759134,-1.991138614,2.097980198,-2.573910891
8,0.2-4,-1.4769744649448482,-1.291811881,2.097980198,-2.573910891
8,0.2-4,-0.9574392860174592,-0.961574257,2.097980198,-2.573910891
8,0.2-4,-0.6788546734592433,-0.621623762,2.097980198,-2.573910891
8,0.2-4,-0.517305271392346,-0.631336634,2.097980198,-2.573910891
8,0.2-4,-0.3449311513132189,-0.30109901,2.097980198,-2.573910891
8,0.2-4,-0.0215473336992267,0.009712871,2.097980198,-2.573910891
8,0.2-4,0.4239088531817859,0.514782178,2.097980198,-2.573910891
8,0.2-4,1.0860072127485143,1.126693069,2.097980198,-2.573910891
8,0.2-4,1.5518296806838814,1.524920792,2.097980198,-2.573910891
8,0.2-4,1.825413259370072,1.787168317,2.097980198,-2.573910891
8,0.2-4,1.9467078966142624,1.962,2.097980198,-2.573910891
8,0.2-4,1.9789292825136988,1.806594059,2.097980198,-2.573910891
8,0.2-4,1.9441033446236629,1.864871287,2.097980198,-2.573910891
8,0.2-4,1.630097724897844,1.388940594,2.097980198,-2.573910891
8,0.2-4,1.1192546393956084,0.961574257,2.097980198,-2.573910891
8,0.2-4,0.7409287353212212,0.641049505,2.097980198,-2.573910891
8,0.2-4,0.3664252189920089,0.22339604,2.097980198,-2.573910891
8,0.2-4,-0.0215434786423671,-0.155405941,2.097980198,-2.573910891
8,0.2-4,-0.347984729725862,-0.495356436,2.097980198,-2.573910891
8,0.2-4,-0.7451351623925445,-0.932435644,2.097980198,-2.573910891
8,0.2-4,-1.136665527615479,-1.340376238,2.097980198,-2.573910891
8,0.2-4,-1.6764905177034382,-1.864871287,2.097980198,-2.573910891
8,0.2-4,-2.040076518462953,-2.204821782,2.097980198,-2.573910891
8,0.2-4,-2.3631498578170063,-2.399079208,2.097980198,-2.573910891
8,0.2-4,-2.0939287368397017,-1.942574257,2.097980198,-2.573910891
8,0.2-4,-1.4949152403322334,-1.272386139,2.097980198,-2.573910891
8,0.2-4,-0.985985627458652,-0.883871287,2.097980198,-2.573910891
8,0.2-4,-0.7048408226659003,-0.621623762,2.097980198,-2.573910891
8,0.2-4,-0.5752392062453336,-0.60219802,2.097980198,-2.573910891
8,0.2-4,-0.3463107516214618,-0.252534653,2.097980198,-2.573910891
8,0.2-4,-0.0474133387589219,0.038851485,2.097980198,-2.573910891
8,0.2-4,0.389429269994144,0.485643564,2.097980198,-2.573910891
8,0.2-4,1.051681199810854,1.252960396,2.097980198,-2.573910891
8,0.2-4,1.5522787158472302,1.524920792,2.097980198,-2.573910891
8,0.2-4,1.8487602990071252,1.913435644,2.097980198,-2.573910891
8,0.2-4,1.9398887645077207,1.864871287,2.097980198,-2.573910891
8,0.2-4,1.953762599459136,1.923148515,2.097980198,-2.573910891
8,0.2-4,1.9725489765122484,1.855158416,2.097980198,-2.573910891
8,0.2-4,1.6707138369617025,1.476356436,2.097980198,-2.573910891
8,0.2-4,1.18419232583087,0.913009901,2.097980198,-2.573910891
8,0.2-4,0.7849271533363515,0.573059406,2.097980198,-2.573910891
8,0.2-4,0.3663970859080524,0.135980198,2.097980198,-2.573910891
8,0.2-4,-0.0313484439942557,-0.213683168,2.097980198,-2.573910891
8,0.2-4,-0.3325029930475178,-0.553633663,2.097980198,-2.573910891
8,0.2-4,-0.731666296615862,-0.874158416,2.097980198,-2.573910891
8,0.2-4,-1.1312705125770006,-1.379227723,2.097980198,-2.573910891
8,0.2-4,-1.618371199841818,-1.826019802,2.097980198,-2.573910891
8,0.2-4,-2.0821127005320785,-2.243673267,2.097980198,-2.573910891
8,0.2-4,-2.378154050629916,-2.379653465,2.097980198,-2.573910891
8,0.2-4,-2.090879307198489,-2.000851485,2.097980198,-2.573910891
8,0.2-4,-1.4688032422568102,-1.301524752,2.097980198,-2.573910891
8,0.2-4,-0.9434461090261708,-0.951861386,2.097980198,-2.573910891
8,0.2-4,-0.6777098629017165,-0.573059406,2.097980198,-2.573910891
8,0.2-4,-0.5142670751899984,-0.60219802,2.097980198,-2.573910891
8,0.2-4,-0.3921071966871338,-0.320524752,2.097980198,-2.573910891
8,0.2-4,-0.0632668861913599,0.038851485,2.097980198,-2.573910891
8,0.2-4,0.3998112379848817,0.446792079,2.097980198,-2.573910891
8,0.2-4,1.090209732202439,1.252960396,2.097980198,-2.573910891
8,0.2-4,1.5602096576807776,1.573485149,2.097980198,-2.573910891
8,0.2-4,1.7999317741733118,1.903722772,2.097980198,-2.573910891
8,0.2-4,2.143211643113602,2.020277228,2.097980198,-2.573910891
8,0.2-4,1.98817826585308,1.864871287,2.097980198,-2.573910891
8,0.2-4,1.913050377589131,1.835732673,2.097980198,-2.573910891
8,0.2-4,1.5396586346624002,1.43750495,2.097980198,-2.573910891
8,0.2-4,1.077456145028321,0.922722772,2.097980198,-2.573910891
8,0.2-4,0.7094127427118215,0.641049505,2.097980198,-2.573910891
8,0.2-4,0.290308377643021,0.155405941,2.097980198,-2.573910891
8,0.2-4,-0.0727034127594702,-0.165118812,2.097980198,-2.573910891
8,0.2-4,-0.389548259261647,-0.573059406,2.097980198,-2.573910891
8,0.2-4,-0.8127719473376421,-0.913009901,2.097980198,-2.573910891
8,0.2-4,-1.2616087716838151,-1.456930693,2.097980198,-2.573910891
8,0.2-4,-1.7626332029760536,-1.923148515,2.097980198,-2.573910891
8,0.2-4,-2.1134920060439693,-2.195108911,2.097980198,-2.573910891
8,0.2-4,-2.36396916045911,-2.48649505,2.097980198,-2.573910891
8,0.2-4,-2.042983533396576,-1.932861386,2.097980198,-2.573910891
8,0.2-4,-1.4011282189383971,-1.28209901,2.097980198,-2.573910891
8,0.2-4,-0.8997736622244146,-0.786742574,2.097980198,-2.573910891
8,0.2-4,-0.6944658154378381,-0.689613861,2.097980198,-2.573910891
8,0.2-4,-0.5499918459901488,-0.650762376,2.097980198,-2.573910891
8,0.2-4,-0.3778045483803925,-0.388514851,2.097980198,-2.573910891
8,0.2-4,-0.059339241924413,0.029138614,2.097980198,-2.573910891
8,0.2-4,0.3922645724933554,0.45650495,2.097980198,-2.573910891
8,0.2-4,1.099949700132605,1.272386139,2.097980198,-2.573910891
8,0.2-4,1.5709243977233411,1.524920792,2.097980198,-2.573910891
8,0.2-4,1.884508902768119,1.874584158,2.097980198,-2.573910891
8,0.2-4,2.02278268470007,1.894009901,2.097980198,-2.573910891
8,0.2-4,1.99032300141535,1.981425743,2.097980198,-2.573910891
8,0.2-4,1.9455214665853997,1.816306931,2.097980198,-2.573910891
8,0.2-4,1.5869567812111167,1.476356436,2.097980198,-2.573910891
8,0.2-4,1.1286415823768228,0.835306931,2.097980198,-2.573910891
8,0.2-4,0.7240242046562618,0.573059406,2.097980198,-2.573910891
8,0.2-4,0.3014041094470258,0.067990099,2.097980198,-2.573910891
8,0.2-4,-0.0522816902722345,-0.213683168,2.097980198,-2.573910891
8,0.2-4,-0.3870478590840955,-0.563346535,2.097980198,-2.573910891
8,0.2-4,-0.8182793600784724,-0.913009901,2.097980198,-2.573910891
8,0.2-4,-1.336734960438687,-1.486069307,2.097980198,-2.573910891
8,0.2-4,-1.8108548632088584,-1.932861386,2.097980198,-2.573910891
8,0.2-4,-2.139619894758836,-2.214534653,2.097980198,-2.573910891
8,0.2-4,-2.3706726378188314,-2.428217822,2.097980198,-2.573910891
8,0.2-4,-1.9841042829660465,-1.913435644,2.097980198,-2.573910891
8,0.2-4,-1.3945590440853215,-1.291811881,2.097980198,-2.573910891
8,0.2-4,-0.8880678839692796,-0.854732673,2.097980198,-2.573910891
8,0.2-4,-0.6897015529836397,-0.670188119,2.097980198,-2.573910891
8,0.2-4,-0.5401755372512743,-0.592485149,2.097980198,-2.573910891
8,0.2-4,-0.3631764990622762,-0.359376238,2.097980198,-2.573910891
8,0.2-4,0.0122268836613078,0.067990099,2.097980198,-2.573910891
8,0.2-4,0.4633614824781868,0.534207921,2.097980198,-2.573910891
8,0.2-4,1.1286489353719116,1.272386139,2.097980198,-2.573910891
8,0.2-4,1.6434314410806492,1.602623762,2.097980198,-2.573910891
8,0.2-4,1.8688413235961352,1.894009901,2.097980198,-2.573910891
8,0.2-4,2.0069987388531807,1.952287129,2.097980198,-2.573910891
8,0.2-4,1.9714500733079687,1.864871287,2.097980198,-2.573910891
8,0.2-4,1.9516519767252627,1.874584158,2.097980198,-2.573910891
8,0.2-4,1.6039304376317347,1.495782178,2.097980198,-2.573910891
8,0.2-4,1.1313177242913288,0.981,2.097980198,-2.573910891
8,0.2-4,0.7464709745799648,0.592485149,2.097980198,-2.573910891
8,0.2-4,0.2473753485204051,0.058277228,2.097980198,-2.573910891
8,0.2-4,-0.1054322629682832,-0.320524752,2.097980198,-2.573910891
8,0.2-4,-0.4593216416122329,-0.582772277,2.097980198,-2.573910891
8,0.2-4,-0.8647762631620299,-1.010138614,2.097980198,-2.573910891
8,0.2-4,-1.3566221044098954,-1.388940594,2.097980198,-2.573910891
8,0.2-4,-1.8209175142877976,-1.962,2.097980198,-2.573910891
8,0.2-4,-2.186818711525908,-2.156257426,2.097980198,-2.573910891
8,0.2-4,-2.380881156309105,-2.467069307,2.097980198,-2.573910891
8,0.2-4,-1.995633300085484,-1.913435644,2.097980198,-2.573910891
8,0.2-4,-1.325611224077802,-1.28209901,2.097980198,-2.573910891
8,0.2-4,-0.8720609197399792,-0.767316832,2.097980198,-2.573910891
8,0.2-4,-0.6566371729495718,-0.718752475,2.097980198,-2.573910891
8,0.2-4,-0.5389910206035586,-0.60219802,2.097980198,-2.573910891
8,0.2-4,-0.3522714257857069,-0.359376238,2.097980198,-2.573910891
8,0.2-4,0.0241402117554857,0.106841584,2.097980198,-2.573910891
8,0.2-4,0.5004953729845008,0.514782178,2.097980198,-2.573910891
8,0.2-4,1.207582867011179,1.398653465,2.097980198,-2.573910891
8,0.2-4,1.6287554617466669,1.544346535,2.097980198,-2.573910891
8,0.2-4,1.913850621763852,1.981425743,2.097980198,-2.573910891
8,0.2-4,1.993538430905495,1.894009901,2.097980198,-2.573910891
8,0.2-4,2.011179524372074,1.903722772,2.097980198,-2.573910891
8,0.2-4,1.9951525530720569,1.88429703,2.097980198,-2.573910891
8,0.2-4,1.594325944859368,1.447217822,2.097980198,-2.573910891
8,0.2-4,1.123071350664254,0.942148515,2.097980198,-2.573910891
8,0.2-4,0.7430753241933777,0.52449505,2.097980198,-2.573910891
8,0.2-4,0.2538049178136942,0.07770297,2.097980198,-2.573910891
8,0.2-4,-0.1195083671799993,-0.213683168,2.097980198,-2.573910891
8,0.2-4,-0.442046401338137,-0.466217822,2.097980198,-2.573910891
8,0.2-4,-0.8838711763750476,-1.068415842,2.097980198,-2.573910891
8,0.2-4,-1.3804621345125014,-1.466643564,2.097980198,-2.573910891
8,0.2-4,-1.796254964284976,-1.952287129,2.097980198,-2.573910891
8,0.2-4,-2.1913852838971373,-2.233960396,2.097980198,-2.573910891
8,0.2-4,-2.393886463788844,-2.505920792,2.097980198,-2.573910891
8,0.2-4,-2.001921606505301,-1.835732673,2.097980198,-2.573910891
8,0.2-4,-1.328965298505022,-1.272386139,2.097980198,-2.573910891
8,0.2-4,-0.8782681119144402,-0.786742574,2.097980198,-2.573910891
8,0.2-4,-0.6756935427195173,-0.738178218,2.097980198,-2.573910891
8,0.2-4,-0.5863178862371768,-0.563346535,2.097980198,-2.573910891
8,0.2-4,-0.4094244073045345,-0.388514851,2.097980198,-2.573910891
8,0.2-4,-0.0243620005168112,0.097128713,2.097980198,-2.573910891
8,0.2-4,0.502568389509117,0.573059406,2.097980198,-2.573910891
8,0.2-4,1.1743356031186192,1.369514851,2.097980198,-2.573910891
8,0.2-4,1.668195033774421,1.670613861,2.097980198,-2.573910891
8,0.2-4,1.913334032689456,1.913435644,2.097980198,-2.573910891
8,0.2-4,2.0229786617084877,1.981425743,2.097980198,-2.573910891
8,0.2-4,1.984662515128564,1.874584158,2.097980198,-2.573910891
8,0.2-4,1.9712568468857896,1.903722772,2.097980198,-2.573910891
8,0.2-4,1.6272002751934078,1.369514851,2.097980198,-2.573910891
8,0.2-4,1.2155293615837357,1.068415842,2.097980198,-2.573910891
8,0.2-4,0.734865652664103,0.543920792,2.097980198,-2.573910891
8,0.2-4,0.2689563777519163,0.116554455,2.097980198,-2.573910891
8,0.2-4,-0.0973985517196167,-0.320524752,2.097980198,-2.573910891
8,0.2-4,-0.4527428188279133,-0.543920792,2.097980198,-2.573910891
8,0.2-4,-0.8603404383271385,-1.116980198,2.097980198,-2.573910891
8,0.2-4,-1.3720709344869253,-1.486069307,2.097980198,-2.573910891
8,0.2-4,-1.77388878749168,-1.981425743,2.097980198,-2.573910891
8,0.2-4,-2.128241853656094,-2.175683168,2.097980198,-2.573910891
8,0.2-4,-2.425176153092335,-2.573910891,2.097980198,-2.573910891
8,0.2-4,-2.0819193267597758,-1.845445545,2.097980198,-2.573910891
8,0.2-4,-1.4171584537069295,-1.262673267,2.097980198,-2.573910891
8,0.2-4,-0.8703762847468749,-0.796455446,2.097980198,-2.573910891
8,0.2-4,-0.6874872364837301,-0.670188119,2.097980198,-2.573910891
8,0.2-4,-0.5693118756301881,-0.573059406,2.097980198,-2.573910891
8,0.2-4,-0.3849913744053823,-0.271960396,2.097980198,-2.573910891
8,0.2-4,-0.0274964291832947,0.07770297,2.097980198,-2.573910891
8,0.2-4,0.4564492813158829,0.573059406,2.097980198,-2.573910891
8,0.2-4,1.1446179225405768,1.311237624,2.097980198,-2.573910891
8,0.2-4,1.5955172771536508,1.641475248,2.097980198,-2.573910891
8,0.2-4,1.9440474666480767,2.000851485,2.097980198,-2.573910891
8,0.2-4,2.03298970913608,2.000851485,2.097980198,-2.573910891
8,0.2-4,1.997879749024123,1.874584158,2.097980198,-2.573910891
8,0.2-4,2.0390616319253643,1.932861386,2.097980198,-2.573910891
8,0.2-4,1.694177238535357,1.418079208,2.097980198,-2.573910891
8,0.2-4,1.2331317007589024,1.000425743,2.097980198,-2.573910891
8,0.2-4,0.7508412908218713,0.446792079,2.097980198,-2.573910891
8,0.2-4,0.2543705293626063,0.135980198,2.097980198,-2.573910891
8,0.2-4,-0.1030293924931466,-0.281673267,2.097980198,-2.573910891
8,0.2-4,-0.4330309948461905,-0.573059406,2.097980198,-2.573910891
8,0.2-4,-0.8763296051352568,-1.087841584,2.097980198,-2.573910891
8,0.2-4,-1.3142777439203193,-1.476356436,2.097980198,-2.573910891
8,0.2-4,-1.7559253046388412,-1.913435644,2.097980198,-2.573910891
8,0.2-4,-2.144336418455361,-2.26309901,2.097980198,-2.573910891
8,0.2-4,-2.438691579535008,-2.447643564,2.097980198,-2.573910891
8,0.2-4,-2.0359488573453994,-1.903722772,2.097980198,-2.573910891
8,0.2-4,-1.3644095482158891,-1.243247525,2.097980198,-2.573910891
8,0.2-4,-0.8775583347347371,-0.777029703,2.097980198,-2.573910891
8,0.2-4,-0.6521793614391685,-0.641049505,2.097980198,-2.573910891
8,0.2-4,-0.5674006614335281,-0.60219802,2.097980198,-2.573910891
8,0.2-4,-0.3688063347342262,-0.291386139,2.097980198,-2.573910891
8,0.2-4,0.0164818596342472,0.067990099,2.097980198,-2.573910891
8,0.2-4,0.4885269572013709,0.641049505,2.097980198,-2.573910891
8,0.2-4,1.1977045764347256,1.28209901,2.097980198,-2.573910891
8,0.2-4,1.6392238524287328,1.748316832,2.097980198,-2.573910891
8,0.2-4,1.94108066176816,1.864871287,2.097980198,-2.573910891
8,0.2-4,2.0061957158129893,2.097980198,2.097980198,-2.573910891
8,0.2-4,2.0297374032095648,1.806594059,2.097980198,-2.573910891
8,0.2-4,2.0112016112915,2.03970297,2.097980198,-2.573910891
8,0.2-4,1.7110190065167323,1.418079208,2.097980198,-2.573910891
8,0.2-4,1.201459762400298,1.029564356,2.097980198,-2.573910891
8,0.2-4,0.7202603961856412,0.45650495,2.097980198,-2.573910891
8,0.2-4,0.2200035409152244,0.048564356,2.097980198,-2.573910891
8,0.2-4,-0.0574758969662178,-0.242821782,2.097980198,-2.573910891
8,0.2-4,-0.3390835361911837,-0.534207921,2.097980198,-2.573910891
8,0.2-4,-0.8454141797546714,-1.136405941,2.097980198,-2.573910891
8,0.2-4,-1.387731272221951,-1.534633663,2.097980198,-2.573910891
8,0.2-4,-1.804663024835557,-2.03970297,2.097980198,-2.573910891
8,0.2-4,-2.164175893717319,-2.321376238,2.097980198,-2.573910891
8,0.2-4,-2.445262621745613,-2.467069307,2.097980198,-2.573910891
8,0.2-4,-2.098250328384757,-1.932861386,2.097980198,-2.573910891
8,0.2-4,-1.3591943865390197,-1.165544554,2.097980198,-2.573910891
8,0.2-4,-0.8713509894085157,-0.854732673,2.097980198,-2.573910891
8,0.2-4,-0.6442169533696747,-0.573059406,2.097980198,-2.573910891
8,0.2-4,-0.5825757803637335,-0.689613861,2.097980198,-2.573910891
8,0.2-4,-0.3837370942136362,-0.242821782,2.097980198,-2.573910891
8,0.2-4,-0.0294547699689282,0.058277228,2.097980198,-2.573910891
8,0.2-4,0.4590292292743769,0.641049505,2.097980198,-2.573910891
8,0.2-4,1.1714506365484372,1.320950495,2.097980198,-2.573910891
8,0.2-4,1.686500042484573,1.777455446,2.097980198,-2.573910891
8,0.2-4,1.953819157819477,1.923148515,2.097980198,-2.573910891
8,0.2-4,2.036603938344524,1.991138614,2.097980198,-2.573910891
8,0.2-4,2.035632824311783,1.942574257,2.097980198,-2.573910891
8,0.2-4,2.0016790417756374,1.913435644,2.097980198,-2.573910891
8,0.2-4,1.6001272137424676,1.427792079,2.097980198,-2.573910891
8,0.2-4,1.094621137403852,0.961574257,2.097980198,-2.573910891
8,0.2-4,0.6147461746449293,0.437079208,2.097980198,-2.573910891
8,0.2-4,0.1641970472637197,0.038851485,2.097980198,-2.573910891
8,0.2-4,-0.131471296147599,-0.22339604,2.097980198,-2.573910891
8,0.2-4,-0.4186331223622098,-0.621623762,2.097980198,-2.573910891
8,0.2-4,-0.9327860945852864,-1.039277228,2.097980198,-2.573910891
8,0.2-4,-1.4078871068207015,-1.602623762,2.097980198,-2.573910891
8,0.2-4,-1.8213069901498744,-1.962,2.097980198,-2.573910891
8,0.2-4,-2.221313102696267,-2.447643564,2.097980198,-2.573910891
8,0.2-4,-2.485831101257437,-2.428217822,2.097980198,-2.573910891
8,0.2-4,-2.0039643263253586,-1.952287129,2.097980198,-2.573910891
8,0.2-4,-1.1911350799437777,-1.175257426,2.097980198,-2.573910891
8,0.2-4,-0.8028886986927878,-0.825594059,2.097980198,-2.573910891
8,0.2-4,-0.6038723785660223,-0.573059406,2.097980198,-2.573910891
8,0.2-4,-0.5232917863914663,-0.650762376,2.097980198,-2.573910891
8,0.2-4,-0.2718879997992115,-0.281673267,2.097980198,-2.573910891
8,0.2-4,0.126016398876538,0.116554455,2.097980198,-2.573910891
8,0.2-4,0.6739114864876282,0.660475248,2.097980198,-2.573910891
8,0.2-4,1.3107679976789983,1.252960396,2.097980198,-2.573910891
8,0.2-4,1.770874080639259,1.748316832,2.097980198,-2.573910891
8,0.2-4,1.9872776549381908,1.903722772,2.097980198,-2.573910891
8,0.2-4,2.038594981504878,2.010564356,2.097980198,-2.573910891
8,0.2-4,2.035647134107201,1.913435644,2.097980198,-2.573910891
8,0.2-4,1.9956669360420545,1.923148515,2.097980198,-2.573910891
8,0.2-4,1.5911706248965547,1.369514851,2.097980198,-2.573910891
8,0.2-4,1.0059820031597717,0.990712871,2.097980198,-2.573910891
8,0.2-4,0.5141451248874687,0.466217822,2.097980198,-2.573910891
8,0.2-4,0.0148025131415633,-0.048564356,2.097980198,-2.573910891
8,0.2-4,-0.3130037607422694,-0.339950495,2.097980198,-2.573910891
8,0.2-4,-0.7523324578293067,-0.854732673,2.097980198,-2.573910891
8,0.2-4,-1.2917086554588777,-1.350089109,2.097980198,-2.573910891
8,0.2-4,-1.595512959105167,-1.680326733,2.097980198,-2.573910891
8,0.2-4,-1.8903659348735704,-1.942574257,2.097980198,-2.573910891
8,0.2-4,-2.210129982317726,-2.321376238,2.097980198,-2.573910891
8,0.2-4,-2.116434741967608,-2.088267327,2.097980198,-2.573910891
8,0.2-4,-1.4595909374100553,-1.50549505,2.097980198,-2.573910891
8,0.2-4,-0.7756321068518239,-0.75760396,2.097980198,-2.573910891
8,0.2-4,-0.4119486838867898,-0.475930693,2.097980198,-2.573910891
8,0.2-4,-0.3193513358631061,-0.369089109,2.097980198,-2.573910891
8,0.2-4,-0.2570156258131566,-0.330237624,2.097980198,-2.573910891
8,0.2-4,-0.037327622466329,0.0,2.097980198,-2.573910891
8,0.2-4,0.2898595273373759,0.281673267,2.097980198,-2.573910891
8,0.2-4,0.801754164763534,0.815881188,2.097980198,-2.573910891
8,0.2-4,1.2892596765955016,1.223821782,2.097980198,-2.573910891
8,0.2-4,1.383691088675416,1.301524752,2.097980198,-2.573910891
8,0.2-4,1.3847791181345213,1.272386139,2.097980198,-2.573910891
8,0.2-4,1.3213138735236298,1.175257426,2.097980198,-2.573910891
8,0.2-4,1.2359031745246352,1.175257426,2.097980198,-2.573910891
8,0.2-4,1.2382616142466294,1.068415842,2.097980198,-2.573910891
8,0.2-4,0.8757497951146553,0.786742574,2.097980198,-2.573910891
8,0.2-4,0.315785870062666,0.184544554,2.097980198,-2.573910891
8,0.2-4,-0.0652248777950889,-0.135980198,2.097980198,-2.573910891
8,0.2-4,-0.255409404310299,-0.37880198,2.097980198,-2.573910891
8,0.2-4,-0.4584531798714862,-0.485643564,2.097980198,-2.573910891
8,0.2-4,-0.5604432431256661,-0.738178218,2.097980198,-2.573910891
8,0.2-4,-0.7623829440394283,-0.767316832,2.097980198,-2.573910891
8,0.2-4,-0.9816361363404876,-1.087841584,2.097980198,-2.573910891
8,0.2-4,-1.191730697658882,-1.243247525,2.097980198,-2.573910891
8,0.2-4,-1.1194872576076067,-1.126693069,2.097980198,-2.573910891
8,0.2-4,-0.7036978718095955,-0.660475248,2.097980198,-2.573910891
8,0.2-4,-0.3661467508036584,-0.369089109,2.097980198,-2.573910891
8,0.2-4,-0.1072920789489746,-0.07770297,2.097980198,-2.573910891
8,0.2-4,-0.0882401582076146,-0.116554455,2.097980198,-2.573910891
8,0.2-4,-0.0825526338219524,-0.087415842,2.097980198,-2.573910891
8,0.2-4,-0.007721316212564,-0.019425743,2.097980198,-2.573910891
8,0.2-4,0.2233056979639766,0.233108911,2.097980198,-2.573910891
8,0.2-4,0.3951900533478201,0.407940594,2.097980198,-2.573910891
8,0.2-4,0.5269924800079844,0.52449505,2.097980198,-2.573910891
8,0.2-4,0.5587511231834176,0.505069307,2.097980198,-2.573910891
8,0.2-4,0.4935215873201533,0.388514851,2.097980198,-2.573910891
8,0.2-4,0.3927392553656026,0.30109901,2.097980198,-2.573910891
8,0.2-4,0.3082218219486445,0.262247525,2.097980198,-2.573910891
8,0.2-4,0.2487661550316603,0.155405941,2.097980198,-2.573910891
8,0.2-4,0.0917963915626199,-0.048564356,2.097980198,-2.573910891
8,0.2-4,-0.0977135947830653,-0.106841584,2.097980198,-2.573910891
8,0.2-4,-0.2131066622723938,-0.310811881,2.097980198,-2.573910891
8,0.2-4,-0.2836789453571721,-0.359376238,2.097980198,-2.573910891
8,0.2-4,-0.2680164267609902,-0.320524752,2.097980198,-2.573910891
8,0.2-4,-0.1611556188862244,-0.135980198,2.097980198,-2.573910891
8,0.2-4,-0.0447872812883083,-0.126267327,2.097980198,-2.573910891
8,0.2-4,0.0309418231902856,-0.048564356,2.097980198,-2.573910891
8,0.2-4,-0.0030017621769702,-0.058277228,2.097980198,-2.573910891
8,0.2-4,-0.0297635471960585,-0.058277228,2.097980198,-2.573910891
8,0.2-4,-0.0128281129382895,-0.07770297,2.097980198,-2.573910891
8,0.2-4,-0.0087349715628644,-0.029138614,2.097980198,-2.573910891
8,0.2-4,0.0045644948265222,-0.048564356,2.097980198,-2.573910891
8,0.2-4,-0.0127706146768792,-0.058277228,2.097980198,-2.573910891
8,0.2-4,0.0012833625796773,-0.087415842,2.097980198,-2.573910891
8,0.2-4,0.0004652767243666,-0.058277228,2.097980198,-2.573910891
8,0.2-4,0.0200930125282023,-0.067990099,2.097980198,-2.573910891
8,0.2-4,-0.010224167484903,-0.038851485,2.097980198,-2.573910891
9,0.2-4,-0.0031438853114729,-0.067990099,2.097980198,-2.573910891
9,0.2-4,-0.063700229246224,-0.116554455,2.097980198,-2.573910891
9,0.2-4,0.0819735123415798,0.0,2.097980198,-2.573910891
9,0.2-4,-0.0044548162257738,-0.087415842,2.097980198,-2.573910891
9,0.2-4,0.0256058536252304,-0.019425743,2.097980198,-2.573910891
9,0.2-4,-0.0062634041636053,-0.067990099,2.097980198,-2.573910891
9,0.2-4,0.0389435717371989,-0.009712871,2.097980198,-2.573910891
9,0.2-4,0.0025741505311266,-0.067990099,2.097980198,-2.573910891
9,0.2-4,0.0146828946459916,-0.048564356,2.097980198,-2.573910891
9,0.2-4,0.048782204808382,-0.029138614,2.097980198,-2.573910891
9,0.2-4,0.0540414981549041,-0.019425743,2.097980198,-2.573910891
9,0.2-4,0.028459042345108,-0.048564356,2.097980198,-2.573910891
9,0.2-4,0.115223055003758,0.067990099,2.097980198,-2.573910891
9,0.2-4,0.2141152340962414,0.262247525,2.097980198,-2.573910891
9,0.2-4,0.3435918599361314,0.320524752,2.097980198,-2.573910891
9,0.2-4,0.1973384683512032,0.252534653,2.097980198,-2.573910891
9,0.2-4,-0.0185063868016392,-0.126267327,2.097980198,-2.573910891
9,0.2-4,-0.3066882175114504,-0.242821782,2.097980198,-2.573910891
9,0.2-4,-0.3642550197384339,-0.514782178,2.097980198,-2.573910891
9,0.2-4,-0.4266897439207644,-0.388514851,2.097980198,-2.573910891
9,0.2-4,-0.363065219342979,-0.446792079,2.097980198,-2.573910891
9,0.2-4,-0.4982446015416499,-0.427366337,2.097980198,-2.573910891
9,0.2-4,-0.5302557715002943,-0.611910891,2.097980198,-2.573910891
9,0.2-4,-0.4480046530081126,-0.485643564,2.097980198,-2.573910891
9,0.2-4,-0.200049078668138,-0.30109901,2.097980198,-2.573910891
9,0.2-4,0.0170276071204704,-0.07770297,2.097980198,-2.573910891
9,0.2-4,0.1455262009298387,0.038851485,2.097980198,-2.573910891
9,0.2-4,0.183118342765867,0.097128713,2.097980198,-2.573910891
9,0.2-4,0.2664890751301514,0.165118812,2.097980198,-2.573910891
9,0.2-4,0.4800486688776653,0.466217822,2.097980198,-2.573910891
9,0.2-4,0.7654961666098489,0.660475248,2.097980198,-2.573910891
9,0.2-4,0.8940589284064437,0.874158416,2.097980198,-2.573910891
9,0.2-4,0.988649387359303,0.90329703,2.097980198,-2.573910891
9,0.2-4,0.9947396492669892,0.932435644,2.097980198,-2.573910891
9,0.2-4,0.9339579136476266,0.874158416,2.097980198,-2.573910891
9,0.2-4,0.466086039295589,0.52449505,2.097980198,-2.573910891
9,0.2-4,0.1803580286510517,0.135980198,2.097980198,-2.573910891
9,0.2-4,-0.1192814532256418,-0.116554455,2.097980198,-2.573910891
9,0.2-4,-0.1699284930317862,-0.203970297,2.097980198,-2.573910891
9,0.2-4,-0.4540026232781568,-0.45650495,2.097980198,-2.573910891
9,0.2-4,-0.5988526314586334,-0.641049505,2.097980198,-2.573910891
9,0.2-4,-0.9326239657139106,-0.942148515,2.097980198,-2.573910891
9,0.2-4,-1.4414998206574916,-1.350089109,2.097980198,-2.573910891
9,0.2-4,-1.59147107579851,-1.728891089,2.097980198,-2.573910891
9,0.2-4,-1.4138232780239834,-1.447217822,2.097980198,-2.573910891
9,0.2-4,-0.8739476919868874,-1.078128713,2.097980198,-2.573910891
9,0.2-4,-0.6458890742583058,-0.611910891,2.097980198,-2.573910891
9,0.2-4,-0.4884223984681386,-0.631336634,2.097980198,-2.573910891
9,0.2-4,-0.546721437647327,-0.611910891,2.097980198,-2.573910891
9,0.2-4,-0.4236591758380391,-0.592485149,2.097980198,-2.573910891
9,0.2-4,-0.0599032664839494,-0.213683168,2.097980198,-2.573910891
9,0.2-4,0.3469103567567915,0.233108911,2.097980198,-2.573910891
9,0.2-4,0.8724026421655751,0.786742574,2.097980198,-2.573910891
9,0.2-4,1.2567829727220288,1.252960396,2.097980198,-2.573910891
9,0.2-4,1.4273044530359362,1.320950495,2.097980198,-2.573910891
9,0.2-4,1.57470651597303,1.524920792,2.097980198,-2.573910891
9,0.2-4,1.7705664157619745,1.690039604,2.097980198,-2.573910891
9,0.2-4,1.8618589825339549,1.855158416,2.097980198,-2.573910891
9,0.2-4,1.6850624554421794,1.690039604,2.097980198,-2.573910891
9,0.2-4,1.1621649903147235,1.20439604,2.097980198,-2.573910891
9,0.2-4,0.632695223267514,0.650762376,2.097980198,-2.573910891
9,0.2-4,0.1448053708448581,0.174831683,2.097980198,-2.573910891
9,0.2-4,-0.1799085605166135,-0.213683168,2.097980198,-2.573910891
9,0.2-4,-0.4814625118176552,-0.514782178,2.097980198,-2.573910891
9,0.2-4,-0.9390821909046068,-0.971287129,2.097980198,-2.573910891
9,0.2-4,-1.4211167478298454,-1.311237624,2.097980198,-2.573910891
9,0.2-4,-1.836658363166672,-1.971712871,2.097980198,-2.573910891
9,0.2-4,-2.206261865123148,-2.068841584,2.097980198,-2.573910891
9,0.2-4,-2.322229286593254,-2.428217822,2.097980198,-2.573910891
9,0.2-4,-1.736380205518895,-1.777455446,2.097980198,-2.573910891
9,0.2-4,-1.0661834948072757,-1.243247525,2.097980198,-2.573910891
9,0.2-4,-0.8261961704732161,-0.90329703,2.097980198,-2.573910891
9,0.2-4,-0.6630696935835563,-0.747891089,2.097980198,-2.573910891
9,0.2-4,-0.4747490605756212,-0.514782178,2.097980198,-2.573910891
9,0.2-4,-0.1266138800358959,-0.349663366,2.097980198,-2.573910891
9,0.2-4,0.1800710262640814,0.058277228,2.097980198,-2.573910891
9,0.2-4,0.6219320105855614,0.495356436,2.097980198,-2.573910891
9,0.2-4,1.3524475101348878,1.272386139,2.097980198,-2.573910891
9,0.2-4,1.65068624004111,1.554059406,2.097980198,-2.573910891
9,0.2-4,1.8821588521850956,1.835732673,2.097980198,-2.573910891
9,0.2-4,1.8501458806372877,1.816306931,2.097980198,-2.573910891
9,0.2-4,1.9551149568776969,1.923148515,2.097980198,-2.573910891
9,0.2-4,1.8278334234700009,1.88429703,2.097980198,-2.573910891
9,0.2-4,1.4936604889670244,1.563772277,2.097980198,-2.573910891
9,0.2-4,0.9767709026919116,1.039277228,2.097980198,-2.573910891
9,0.2-4,0.5216942103460076,0.592485149,2.097980198,-2.573910891
9,0.2-4,0.1082628949953172,0.165118812,2.097980198,-2.573910891
9,0.2-4,-0.292364992250889,-0.291386139,2.097980198,-2.573910891
9,0.2-4,-0.4746295099984615,-0.495356436,2.097980198,-2.573910891
9,0.2-4,-0.937209760130421,-0.990712871,2.097980198,-2.573910891
9,0.2-4,-1.3389334553463257,-1.398653465,2.097980198,-2.573910891
9,0.2-4,-1.858660848336588,-1.835732673,2.097980198,-2.573910891
9,0.2-4,-2.106782387690762,-2.127118812,2.097980198,-2.573910891
9,0.2-4,-2.379011027207795,-2.515633663,2.097980198,-2.573910891
9,0.2-4,-1.8034159959404052,-1.88429703,2.097980198,-2.573910891
9,0.2-4,-1.121274952699489,-1.252960396,2.097980198,-2.573910891
9,0.2-4,-0.7912780684080208,-0.845019802,2.097980198,-2.573910891
9,0.2-4,-0.5691369315079703,-0.786742574,2.097980198,-2.573910891
9,0.2-4,-0.5495487476265243,-0.553633663,2.097980198,-2.573910891
9,0.2-4,-0.2872932815513543,-0.417653465,2.097980198,-2.573910891
9,0.2-4,0.1018140318930477,0.019425743,2.097980198,-2.573910891
9,0.2-4,0.6169911947941085,0.514782178,2.097980198,-2.573910891
9,0.2-4,1.3343352780549274,1.233534653,2.097980198,-2.573910891
9,0.2-4,1.6912850187045474,1.592910891,2.097980198,-2.573910891
9,0.2-4,1.8223374696556995,1.767742574,2.097980198,-2.573910891
9,0.2-4,1.907698345050284,1.932861386,2.097980198,-2.573910891
9,0.2-4,1.9686346699849504,1.826019802,2.097980198,-2.573910891
9,0.2-4,1.8806886164132093,1.894009901,2.097980198,-2.573910891
9,0.2-4,1.4445908850701332,1.447217822,2.097980198,-2.573910891
9,0.2-4,0.9548433043038438,1.000425743,2.097980198,-2.573910891
9,0.2-4,0.6012449090838689,0.650762376,2.097980198,-2.573910891
9,0.2-4,0.1722760224124672,0.242821782,2.097980198,-2.573910891
9,0.2-4,-0.1899535218074158,-0.252534653,2.097980198,-2.573910891
9,0.2-4,-0.5487055668104139,-0.52449505,2.097980198,-2.573910891
9,0.2-4,-0.9141681000672258,-0.971287129,2.097980198,-2.573910891
9,0.2-4,-1.3025771238022776,-1.28209901,2.097980198,-2.573910891
9,0.2-4,-1.8074798242858592,-1.874584158,2.097980198,-2.573910891
9,0.2-4,-2.215903838833586,-2.146544554,2.097980198,-2.573910891
9,0.2-4,-2.359837674487766,-2.48649505,2.097980198,-2.573910891
9,0.2-4,-1.7581114687904955,-1.88429703,2.097980198,-2.573910891
9,0.2-4,-1.1692481092358131,-1.340376238,2.097980198,-2.573910891
9,0.2-4,-0.8258067872505233,-0.883871287,2.097980198,-2.573910891
9,0.2-4,-0.6233132411748803,-0.767316832,2.097980198,-2.573910891
9,0.2-4,-0.4889549112982928,-0.60219802,2.097980198,-2.573910891
9,0.2-4,-0.2308699792087354,-0.320524752,2.097980198,-2.573910891
9,0.2-4,0.0979493719848417,0.038851485,2.097980198,-2.573910891
9,0.2-4,0.6304778011803566,0.45650495,2.097980198,-2.573910891
9,0.2-4,1.225394170892564,1.116980198,2.097980198,-2.573910891
9,0.2-4,1.7293839795516184,1.563772277,2.097980198,-2.573910891
9,0.2-4,1.90694730431002,1.845445545,2.097980198,-2.573910891
9,0.2-4,1.953070741062564,1.864871287,2.097980198,-2.573910891
9,0.2-4,1.9471859076070557,1.864871287,2.097980198,-2.573910891
9,0.2-4,1.8045061036322432,1.806594059,2.097980198,-2.573910891
9,0.2-4,1.4745392413284857,1.466643564,2.097980198,-2.573910891
9,0.2-4,0.9570847650960156,0.981,2.097980198,-2.573910891
9,0.2-4,0.5994465824021947,0.611910891,2.097980198,-2.573910891
9,0.2-4,0.1507064885709927,0.213683168,2.097980198,-2.573910891
9,0.2-4,-0.1637114751864585,-0.213683168,2.097980198,-2.573910891
9,0.2-4,-0.5399290579929188,-0.505069307,2.097980198,-2.573910891
9,0.2-4,-0.9252601172676066,-1.010138614,2.097980198,-2.573910891
9,0.2-4,-1.3250630072360003,-1.320950495,2.097980198,-2.573910891
9,0.2-4,-1.8211078946851955,-1.826019802,2.097980198,-2.573910891
9,0.2-4,-2.226554484249112,-2.146544554,2.097980198,-2.573910891
9,0.2-4,-2.4001510731655897,-2.457356436,2.097980198,-2.573910891
9,0.2-4,-1.7803962864416745,-1.913435644,2.097980198,-2.573910891
9,0.2-4,-1.204733527708965,-1.311237624,2.097980198,-2.573910891
9,0.2-4,-0.7661391590946637,-0.893584158,2.097980198,-2.573910891
9,0.2-4,-0.6347041854359396,-0.738178218,2.097980198,-2.573910891
9,0.2-4,-0.4728020638682399,-0.573059406,2.097980198,-2.573910891
9,0.2-4,-0.2487088824038476,-0.349663366,2.097980198,-2.573910891
9,0.2-4,0.1000358376705003,0.048564356,2.097980198,-2.573910891
9,0.2-4,0.6255450549106342,0.466217822,2.097980198,-2.573910891
9,0.2-4,1.315247179652997,1.184970297,2.097980198,-2.573910891
9,0.2-4,1.6903380898089422,1.612336634,2.097980198,-2.573910891
9,0.2-4,1.8926635890050756,1.787168317,2.097980198,-2.573910891
9,0.2-4,1.9117555776198811,1.855158416,2.097980198,-2.573910891
9,0.2-4,1.9767294273015428,1.835732673,2.097980198,-2.573910891
9,0.2-4,1.860532924508912,1.88429703,2.097980198,-2.573910891
9,0.2-4,1.4781604853660382,1.43750495,2.097980198,-2.573910891
9,0.2-4,0.9144418551707482,0.990712871,2.097980198,-2.573910891
9,0.2-4,0.5628650327571206,0.52449505,2.097980198,-2.573910891
9,0.2-4,0.1429736098953737,0.174831683,2.097980198,-2.573910891
9,0.2-4,-0.0844168997784662,-0.262247525,2.097980198,-2.573910891
9,0.2-4,-0.5803771599171255,-0.475930693,2.097980198,-2.573910891
9,0.2-4,-0.9601971917030854,-1.010138614,2.097980198,-2.573910891
9,0.2-4,-1.3464543035822196,-1.262673267,2.097980198,-2.573910891
9,0.2-4,-1.7972246698946814,-1.806594059,2.097980198,-2.573910891
9,0.2-4,-2.2644054089060965,-2.107693069,2.097980198,-2.573910891
9,0.2-4,-2.3718990868673053,-2.447643564,2.097980198,-2.573910891
9,0.2-4,-1.7396896629190046,-1.913435644,2.097980198,-2.573910891
9,0.2-4,-1.21199837271734,-1.330663366,2.097980198,-2.573910891
9,0.2-4,-0.8145968685383007,-0.90329703,2.097980198,-2.573910891
9,0.2-4,-0.6703302651058554,-0.718752475,2.097980198,-2.573910891
9,0.2-4,-0.4633745786743229,-0.563346535,2.097980198,-2.573910891
9,0.2-4,-0.1852109322520376,-0.359376238,2.097980198,-2.573910891
9,0.2-4,0.133378197200901,0.048564356,2.097980198,-2.573910891
9,0.2-4,0.6458693792221359,0.466217822,2.097980198,-2.573910891
9,0.2-4,1.3569198608057385,1.20439604,2.097980198,-2.573910891
9,0.2-4,1.7092375449039106,1.534633663,2.097980198,-2.573910891
9,0.2-4,1.8744769913994408,1.835732673,2.097980198,-2.573910891
9,0.2-4,2.0033532910634557,1.894009901,2.097980198,-2.573910891
9,0.2-4,1.8991487787733796,1.816306931,2.097980198,-2.573910891
9,0.2-4,1.8598202545652005,1.845445545,2.097980198,-2.573910891
9,0.2-4,1.3832258978558496,1.466643564,2.097980198,-2.573910891
9,0.2-4,0.9174198820979026,0.922722772,2.097980198,-2.573910891
9,0.2-4,0.5637290712325576,0.621623762,2.097980198,-2.573910891
9,0.2-4,0.1109865012763283,0.184544554,2.097980198,-2.573910891
9,0.2-4,-0.151869975665416,-0.22339604,2.097980198,-2.573910891
9,0.2-4,-0.5713291962810473,-0.475930693,2.097980198,-2.573910891
9,0.2-4,-0.9351044501798518,-0.951861386,2.097980198,-2.573910891
9,0.2-4,-1.40366074154882,-1.272386139,2.097980198,-2.573910891
9,0.2-4,-1.8101422178879487,-1.777455446,2.097980198,-2.573910891
9,0.2-4,-2.183245851360088,-2.165970297,2.097980198,-2.573910891
9,0.2-4,-2.347443566085738,-2.515633663,2.097980198,-2.573910891
9,0.2-4,-1.7349840027934926,-1.942574257,2.097980198,-2.573910891
9,0.2-4,-1.120394103452372,-1.233534653,2.097980198,-2.573910891
9,0.2-4,-0.7762372989951704,-0.893584158,2.097980198,-2.573910891
9,0.2-4,-0.5879954152825723,-0.650762376,2.097980198,-2.573910891
9,0.2-4,-0.4547498782959046,-0.582772277,2.097980198,-2.573910891
9,0.2-4,-0.2433331391037814,-0.330237624,2.097980198,-2.573910891
9,0.2-4,0.158208468229953,-0.038851485,2.097980198,-2.573910891
9,0.2-4,0.563814440639063,0.505069307,2.097980198,-2.573910891
9,0.2-4,1.3408804659613796,1.107267327,2.097980198,-2.573910891
9,0.2-4,1.6721230995417644,1.602623762,2.097980198,-2.573910891
9,0.2-4,1.8842801631179016,1.796881188,2.097980198,-2.573910891
9,0.2-4,1.943779612375452,1.913435644,2.097980198,-2.573910891
9,0.2-4,1.8831645210156132,1.777455446,2.097980198,-2.573910891
9,0.2-4,1.8415258480368104,1.913435644,2.097980198,-2.573910891
9,0.2-4,1.3984447319939264,1.456930693,2.097980198,-2.573910891
9,0.2-4,0.8949549631999552,0.971287129,2.097980198,-2.573910891
9,0.2-4,0.5799700088319744,0.573059406,2.097980198,-2.573910891
9,0.2-4,0.095845399886693,0.184544554,2.097980198,-2.573910891
9,0.2-4,-0.1552422809459407,-0.213683168,2.097980198,-2.573910891
9,0.2-4,-0.6030023770559182,-0.446792079,2.097980198,-2.573910891
9,0.2-4,-0.9157341528119908,-0.913009901,2.097980198,-2.573910891
9,0.2-4,-1.3119079740614752,-1.252960396,2.097980198,-2.573910891
9,0.2-4,-1.7861845717558489,-1.796881188,2.097980198,-2.573910891
9,0.2-4,-2.227080547885917,-2.204821782,2.097980198,-2.573910891
9,0.2-4,-2.344814497432254,-2.515633663,2.097980198,-2.573910891
9,0.2-4,-1.8092174415489333,-1.991138614,2.097980198,-2.573910891
9,0.2-4,-1.174967741017387,-1.311237624,2.097980198,-2.573910891
9,0.2-4,-0.7340210347343397,-0.951861386,2.097980198,-2.573910891
9,0.2-4,-0.6195302598571237,-0.641049505,2.097980198,-2.573910891
9,0.2-4,-0.4194046359624531,-0.573059406,2.097980198,-2.573910891
9,0.2-4,-0.2138756621821172,-0.30109901,2.097980198,-2.573910891
9,0.2-4,0.1963668677950892,-0.009712871,2.097980198,-2.573910891
9,0.2-4,0.6200652723383508,0.466217822,2.097980198,-2.573910891
9,0.2-4,1.2972913312656489,1.175257426,2.097980198,-2.573910891
9,0.2-4,1.681115965859772,1.544346535,2.097980198,-2.573910891
9,0.2-4,1.8273954097156804,1.777455446,2.097980198,-2.573910891
9,0.2-4,1.9372738911783252,1.952287129,2.097980198,-2.573910891
9,0.2-4,1.8967375880768649,1.913435644,2.097980198,-2.573910891
9,0.2-4,1.9045867104420944,1.864871287,2.097980198,-2.573910891
9,0.2-4,1.3575694921157464,1.447217822,2.097980198,-2.573910891
9,0.2-4,0.934630787184511,0.922722772,2.097980198,-2.573910891
9,0.2-4,0.5280390542539412,0.582772277,2.097980198,-2.573910891
9,0.2-4,0.170045323887497,0.165118812,2.097980198,-2.573910891
9,0.2-4,-0.1834910829506975,-0.184544554,2.097980198,-2.573910891
9,0.2-4,-0.5848081597268066,-0.573059406,2.097980198,-2.573910891
9,0.2-4,-0.9041597952106752,-0.922722772,2.097980198,-2.573910891
9,0.2-4,-1.3500432336905537,-1.330663366,2.097980198,-2.573910891
9,0.2-4,-1.8362304224536616,-1.758029703,2.097980198,-2.573910891
9,0.2-4,-2.198547506610398,-2.204821782,2.097980198,-2.573910891
9,0.2-4,-2.318318727818194,-2.350514851,2.097980198,-2.573910891
9,0.2-4,-1.8308382041605376,-1.991138614,2.097980198,-2.573910891
9,0.2-4,-1.168064459300712,-1.291811881,2.097980198,-2.573910891
9,0.2-4,-0.7982943182921173,-0.961574257,2.097980198,-2.573910891
9,0.2-4,-0.5915410778230898,-0.621623762,2.097980198,-2.573910891
9,0.2-4,-0.4205267525748555,-0.631336634,2.097980198,-2.573910891
9,0.2-4,-0.2095844622386788,-0.30109901,2.097980198,-2.573910891
9,0.2-4,0.1334901984739213,0.009712871,2.097980198,-2.573910891
9,0.2-4,0.6325326374516422,0.514782178,2.097980198,-2.573910891
9,0.2-4,1.3180725122718249,1.126693069,2.097980198,-2.573910891
9,0.2-4,1.649038347727171,1.524920792,2.097980198,-2.573910891
9,0.2-4,1.90584928185863,1.787168317,2.097980198,-2.573910891
9,0.2-4,1.955991630448876,1.962,2.097980198,-2.573910891
9,0.2-4,1.9316027228037285,1.806594059,2.097980198,-2.573910891
9,0.2-4,1.8693154997213868,1.864871287,2.097980198,-2.573910891
9,0.2-4,1.3402173302006457,1.388940594,2.097980198,-2.573910891
9,0.2-4,0.9236954479748658,0.961574257,2.097980198,-2.573910891
9,0.2-4,0.5447527912337179,0.641049505,2.097980198,-2.573910891
9,0.2-4,0.1040886970355066,0.22339604,2.097980198,-2.573910891
9,0.2-4,-0.1162982540053602,-0.155405941,2.097980198,-2.573910891
9,0.2-4,-0.5661911781765924,-0.495356436,2.097980198,-2.573910891
9,0.2-4,-0.8813024728441244,-0.932435644,2.097980198,-2.573910891
9,0.2-4,-1.4612402352754612,-1.340376238,2.097980198,-2.573910891
9,0.2-4,-1.8098799224154112,-1.864871287,2.097980198,-2.573910891
9,0.2-4,-2.281171740520766,-2.204821782,2.097980198,-2.573910891
9,0.2-4,-2.331982973837164,-2.399079208,2.097980198,-2.573910891
9,0.2-4,-1.774253448149828,-1.942574257,2.097980198,-2.573910891
9,0.2-4,-1.1405877474356425,-1.272386139,2.097980198,-2.573910891
9,0.2-4,-0.7705279810003948,-0.883871287,2.097980198,-2.573910891
9,0.2-4,-0.6197670332706443,-0.621623762,2.097980198,-2.573910891
9,0.2-4,-0.4765385579938939,-0.60219802,2.097980198,-2.573910891
9,0.2-4,-0.2296874135568235,-0.252534653,2.097980198,-2.573910891
9,0.2-4,0.1261502764629843,0.038851485,2.097980198,-2.573910891
9,0.2-4,0.6287234378310227,0.485643564,2.097980198,-2.573910891
9,0.2-4,1.362557521315843,1.252960396,2.097980198,-2.573910891
9,0.2-4,1.733390773276178,1.524920792,2.097980198,-2.573910891
9,0.2-4,1.9162943845665223,1.913435644,2.097980198,-2.573910891
9,0.2-4,1.9552272166909723,1.864871287,2.097980198,-2.573910891
9,0.2-4,1.9888326012576556,1.923148515,2.097980198,-2.573910891
9,0.2-4,1.9049774764443776,1.855158416,2.097980198,-2.573910891
9,0.2-4,1.356237750460384,1.476356436,2.097980198,-2.573910891
9,0.2-4,0.9988591707097856,0.913009901,2.097980198,-2.573910891
9,0.2-4,0.4804930790601212,0.573059406,2.097980198,-2.573910891
9,0.2-4,0.1207602374283847,0.135980198,2.097980198,-2.573910891
9,0.2-4,-0.1983539999679523,-0.213683168,2.097980198,-2.573910891
9,0.2-4,-0.5022655427407076,-0.553633663,2.097980198,-2.573910891
9,0.2-4,-0.9509060388884246,-0.874158416,2.097980198,-2.573910891
9,0.2-4,-1.4391885028914426,-1.379227723,2.097980198,-2.573910891
9,0.2-4,-1.920697042174348,-1.826019802,2.097980198,-2.573910891
9,0.2-4,-2.2634253078294164,-2.243673267,2.097980198,-2.573910891
9,0.2-4,-2.316536296287686,-2.379653465,2.097980198,-2.573910891
9,0.2-4,-1.7871692114397388,-2.000851485,2.097980198,-2.573910891
9,0.2-4,-1.162153622295692,-1.301524752,2.097980198,-2.573910891
9,0.2-4,-0.7407187015874908,-0.951861386,2.097980198,-2.573910891
9,0.2-4,-0.6079950752997889,-0.573059406,2.097980198,-2.573910891
9,0.2-4,-0.4865408361101534,-0.60219802,2.097980198,-2.573910891
9,0.2-4,-0.2432345737224177,-0.320524752,2.097980198,-2.573910891
9,0.2-4,0.2000448831288498,0.038851485,2.097980198,-2.573910891
9,0.2-4,0.6522334005348452,0.446792079,2.097980198,-2.573910891
9,0.2-4,1.3983930475757262,1.252960396,2.097980198,-2.573910891
9,0.2-4,1.6345174379865537,1.573485149,2.097980198,-2.573910891
9,0.2-4,2.0230325891702416,1.903722772,2.097980198,-2.573910891
9,0.2-4,2.109250184414296,2.020277228,2.097980198,-2.573910891
9,0.2-4,1.92527359387592,1.864871287,2.097980198,-2.573910891
9,0.2-4,1.8748594316386715,1.835732673,2.097980198,-2.573910891
9,0.2-4,1.291640947253596,1.43750495,2.097980198,-2.573910891
9,0.2-4,0.9509254841664542,0.922722772,2.097980198,-2.573910891
9,0.2-4,0.4795701643568145,0.641049505,2.097980198,-2.573910891
9,0.2-4,0.151772338712822,0.155405941,2.097980198,-2.573910891
9,0.2-4,-0.2267089787052867,-0.165118812,2.097980198,-2.573910891
9,0.2-4,-0.6169832146158827,-0.573059406,2.097980198,-2.573910891
9,0.2-4,-0.941761110810863,-0.913009901,2.097980198,-2.573910891
9,0.2-4,-1.5658268112129652,-1.456930693,2.097980198,-2.573910891
9,0.2-4,-1.9678473744344465,-1.923148515,2.097980198,-2.573910891
9,0.2-4,-2.3237342498023064,-2.195108911,2.097980198,-2.573910891
9,0.2-4,-2.2595276357424097,-2.48649505,2.097980198,-2.573910891
9,0.2-4,-1.742305157803966,-1.932861386,2.097980198,-2.573910891
9,0.2-4,-1.1004561582781702,-1.28209901,2.097980198,-2.573910891
9,0.2-4,-0.7458411116469664,-0.786742574,2.097980198,-2.573910891
9,0.2-4,-0.6016910308412452,-0.689613861,2.097980198,-2.573910891
9,0.2-4,-0.4071659417233739,-0.650762376,2.097980198,-2.573910891
9,0.2-4,-0.2232083741276591,-0.388514851,2.097980198,-2.573910891
9,0.2-4,0.2118578638419709,0.029138614,2.097980198,-2.573910891
9,0.2-4,0.75150915222205,0.45650495,2.097980198,-2.573910891
9,0.2-4,1.4616809122853305,1.272386139,2.097980198,-2.573910891
9,0.2-4,1.7365937655317942,1.524920792,2.097980198,-2.573910891
9,0.2-4,2.0217984417937025,1.874584158,2.097980198,-2.573910891
9,0.2-4,1.9788656758143357,1.894009901,2.097980198,-2.573910891
9,0.2-4,1.9756278221504064,1.981425743,2.097980198,-2.573910891
9,0.2-4,1.8547877981425185,1.816306931,2.097980198,-2.573910891
9,0.2-4,1.328736492122853,1.476356436,2.097980198,-2.573910891
9,0.2-4,0.9244142425356277,0.835306931,2.097980198,-2.573910891
9,0.2-4,0.4579366284495084,0.573059406,2.097980198,-2.573910891
9,0.2-4,0.0759130512363158,0.067990099,2.097980198,-2.573910891
9,0.2-4,-0.2321470415443807,-0.213683168,2.097980198,-2.573910891
9,0.2-4,-0.5660130698780605,-0.563346535,2.097980198,-2.573910891
9,0.2-4,-1.0382079253434788,-0.913009901,2.097980198,-2.573910891
9,0.2-4,-1.5801261270019065,-1.486069307,2.097980198,-2.573910891
9,0.2-4,-1.921662415097932,-1.932861386,2.097980198,-2.573910891
9,0.2-4,-2.3193109319991576,-2.214534653,2.097980198,-2.573910891
9,0.2-4,-2.267377181130158,-2.428217822,2.097980198,-2.573910891
9,0.2-4,-1.7597121706266508,-1.913435644,2.097980198,-2.573910891
9,0.2-4,-1.0751363688032427,-1.291811881,2.097980198,-2.573910891
9,0.2-4,-0.7842450735364322,-0.854732673,2.097980198,-2.573910891
9,0.2-4,-0.6064099213660578,-0.670188119,2.097980198,-2.573910891
9,0.2-4,-0.4484482334062354,-0.592485149,2.097980198,-2.573910891
9,0.2-4,-0.1518979647236697,-0.359376238,2.097980198,-2.573910891
9,0.2-4,0.2337434708167781,0.067990099,2.097980198,-2.573910891
9,0.2-4,0.7523737884436988,0.534207921,2.097980198,-2.573910891
9,0.2-4,1.5033237644075328,1.272386139,2.097980198,-2.573910891
9,0.2-4,1.6873911703154234,1.602623762,2.097980198,-2.573910891
9,0.2-4,1.9660085847317887,1.894009901,2.097980198,-2.573910891
9,0.2-4,1.95821465550648,1.952287129,2.097980198,-2.573910891
9,0.2-4,1.9234885663879835,1.864871287,2.097980198,-2.573910891
9,0.2-4,1.8756968721332257,1.874584158,2.097980198,-2.573910891
9,0.2-4,1.3213859847187022,1.495782178,2.097980198,-2.573910891
9,0.2-4,0.9197544793522676,0.981,2.097980198,-2.573910891
9,0.2-4,0.4283858664210309,0.592485149,2.097980198,-2.573910891
9,0.2-4,0.0845166244934559,0.058277228,2.097980198,-2.573910891
9,0.2-4,-0.3071618782628112,-0.320524752,2.097980198,-2.573910891
9,0.2-4,-0.6279961982781713,-0.582772277,2.097980198,-2.573910891
9,0.2-4,-0.9906776576321882,-1.010138614,2.097980198,-2.573910891
9,0.2-4,-1.5552145259972423,-1.388940594,2.097980198,-2.573910891
9,0.2-4,-1.9091312070009856,-1.962,2.097980198,-2.573910891
9,0.2-4,-2.3261005129153545,-2.156257426,2.097980198,-2.573910891
9,0.2-4,-2.3056999481440803,-2.467069307,2.097980198,-2.573910891
9,0.2-4,-1.7031050587042271,-1.913435644,2.097980198,-2.573910891
9,0.2-4,-1.0669180971891394,-1.28209901,2.097980198,-2.573910891
9,0.2-4,-0.6780270404797532,-0.767316832,2.097980198,-2.573910891
9,0.2-4,-0.6061545456927748,-0.718752475,2.097980198,-2.573910891
9,0.2-4,-0.440278286153614,-0.60219802,2.097980198,-2.573910891
9,0.2-4,-0.1874454050331149,-0.359376238,2.097980198,-2.573910891
9,0.2-4,0.2477788286760148,0.106841584,2.097980198,-2.573910891
9,0.2-4,0.7513657656036071,0.514782178,2.097980198,-2.573910891
9,0.2-4,1.4704271387700436,1.398653465,2.097980198,-2.573910891
9,0.2-4,1.7227673386838145,1.544346535,2.097980198,-2.573910891
9,0.2-4,2.0213040899912005,1.981425743,2.097980198,-2.573910891
9,0.2-4,1.984780609909056,1.894009901,2.097980198,-2.573910891
9,0.2-4,1.968156125992727,1.903722772,2.097980198,-2.573910891
9,0.2-4,1.834057950359702,1.88429703,2.097980198,-2.573910891
9,0.2-4,1.2969697900894357,1.447217822,2.097980198,-2.573910891
9,0.2-4,0.903328708154827,0.942148515,2.097980198,-2.573910891
9,0.2-4,0.364831416766702,0.52449505,2.097980198,-2.573910891
9,0.2-4,0.0761484050898232,0.07770297,2.097980198,-2.573910891
9,0.2-4,-0.2210088006049204,-0.213683168,2.097980198,-2.573910891
9,0.2-4,-0.5875025710353241,-0.466217822,2.097980198,-2.573910891
9,0.2-4,-1.1168448844511896,-1.068415842,2.097980198,-2.573910891
9,0.2-4,-1.5487116253851303,-1.466643564,2.097980198,-2.573910891
9,0.2-4,-1.9802369906592496,-1.952287129,2.097980198,-2.573910891
9,0.2-4,-2.382891495515441,-2.233960396,2.097980198,-2.573910891
9,0.2-4,-2.238369843712749,-2.505920792,2.097980198,-2.573910891
9,0.2-4,-1.6426842864248663,-1.835732673,2.097980198,-2.573910891
9,0.2-4,-0.943682074940716,-1.272386139,2.097980198,-2.573910891
9,0.2-4,-0.7100659095016087,-0.786742574,2.097980198,-2.573910891
9,0.2-4,-0.5258253583535053,-0.738178218,2.097980198,-2.573910891
9,0.2-4,-0.5370840771448188,-0.563346535,2.097980198,-2.573910891
9,0.2-4,-0.2048781736185982,-0.388514851,2.097980198,-2.573910891
9,0.2-4,0.2316758921232029,0.097128713,2.097980198,-2.573910891
9,0.2-4,0.801470849702831,0.573059406,2.097980198,-2.573910891
9,0.2-4,1.502857174577802,1.369514851,2.097980198,-2.573910891
9,0.2-4,1.7828056211213943,1.670613861,2.097980198,-2.573910891
9,0.2-4,2.028631114309004,1.913435644,2.097980198,-2.573910891
9,0.2-4,1.9760519619390544,1.981425743,2.097980198,-2.573910891
9,0.2-4,1.9735957432930464,1.874584158,2.097980198,-2.573910891
9,0.2-4,1.7794729406310876,1.903722772,2.097980198,-2.573910891
9,0.2-4,1.3099483495029525,1.369514851,2.097980198,-2.573910891
9,0.2-4,0.8928837662108625,1.068415842,2.097980198,-2.573910891
9,0.2-4,0.4271691122040474,0.543920792,2.097980198,-2.573910891
9,0.2-4,0.0474924187265837,0.116554455,2.097980198,-2.573910891
9,0.2-4,-0.2806294630925307,-0.320524752,2.097980198,-2.573910891
9,0.2-4,-0.6244190700993635,-0.543920792,2.097980198,-2.573910891
9,0.2-4,-1.1282142552535197,-1.116980198,2.097980198,-2.573910891
9,0.2-4,-1.6316141913048687,-1.486069307,2.097980198,-2.573910891
9,0.2-4,-1.9221560640476405,-1.981425743,2.097980198,-2.573910891
9,0.2-4,-2.299302147550667,-2.175683168,2.097980198,-2.573910891
9,0.2-4,-2.3134206536799624,-2.573910891,2.097980198,-2.573910891
9,0.2-4,-1.6303909723488594,-1.845445545,2.097980198,-2.573910891
9,0.2-4,-1.0170656716990745,-1.262673267,2.097980198,-2.573910891
9,0.2-4,-0.6777024694000375,-0.796455446,2.097980198,-2.573910891
9,0.2-4,-0.5664127007706959,-0.670188119,2.097980198,-2.573910891
9,0.2-4,-0.4550050588092052,-0.573059406,2.097980198,-2.573910891
9,0.2-4,-0.1921794209877377,-0.271960396,2.097980198,-2.573910891
9,0.2-4,0.2698056407646408,0.07770297,2.097980198,-2.573910891
9,0.2-4,0.8230663010663475,0.573059406,2.097980198,-2.573910891
9,0.2-4,1.5032344281785348,1.311237624,2.097980198,-2.573910891
9,0.2-4,1.7605699598572384,1.641475248,2.097980198,-2.573910891
9,0.2-4,2.0379452556906403,2.000851485,2.097980198,-2.573910891
9,0.2-4,1.887644447274667,2.000851485,2.097980198,-2.573910891
9,0.2-4,2.0301970045935915,1.874584158,2.097980198,-2.573910891
9,0.2-4,1.808433471999088,1.932861386,2.097980198,-2.573910891
9,0.2-4,1.2993730296168662,1.418079208,2.097980198,-2.573910891
9,0.2-4,0.9111853807169066,1.000425743,2.097980198,-2.573910891
9,0.2-4,0.4149121872628358,0.446792079,2.097980198,-2.573910891
9,0.2-4,0.0715632274969715,0.135980198,2.097980198,-2.573910891
9,0.2-4,-0.2646409428552588,-0.281673267,2.097980198,-2.573910891
9,0.2-4,-0.6337225659694808,-0.573059406,2.097980198,-2.573910891
9,0.2-4,-1.146443821846651,-1.087841584,2.097980198,-2.573910891
9,0.2-4,-1.58807536285947,-1.476356436,2.097980198,-2.573910891
9,0.2-4,-1.991566454548462,-1.913435644,2.097980198,-2.573910891
9,0.2-4,-2.3874680771530445,-2.26309901,2.097980198,-2.573910891
9,0.2-4,-2.2920256543022264,-2.447643564,2.097980198,-2.573910891
9,0.2-4,-1.6989093835429578,-1.903722772,2.097980198,-2.573910891
9,0.2-4,-1.0006045569164574,-1.243247525,2.097980198,-2.573910891
9,0.2-4,-0.7424523980348513,-0.777029703,2.097980198,-2.573910891
9,0.2-4,-0.5590589824728533,-0.641049505,2.097980198,-2.573910891
9,0.2-4,-0.5348092552584612,-0.60219802,2.097980198,-2.573910891
9,0.2-4,-0.1311824207622265,-0.291386139,2.097980198,-2.573910891
9,0.2-4,0.2711627338687293,0.067990099,2.097980198,-2.573910891
9,0.2-4,0.8603496485922643,0.641049505,2.097980198,-2.573910891
9,0.2-4,1.513034288444326,1.28209901,2.097980198,-2.573910891
9,0.2-4,1.8001115329837416,1.748316832,2.097980198,-2.573910891
9,0.2-4,2.022702426885015,1.864871287,2.097980198,-2.573910891
9,0.2-4,2.001727514851669,2.097980198,2.097980198,-2.573910891
9,0.2-4,2.0623270010925085,1.806594059,2.097980198,-2.573910891
9,0.2-4,1.8892967694701968,2.03970297,2.097980198,-2.573910891
9,0.2-4,1.3607035805999084,1.418079208,2.097980198,-2.573910891
9,0.2-4,0.8677603225801014,1.029564356,2.097980198,-2.573910891
9,0.2-4,0.3492822176470342,0.45650495,2.097980198,-2.573910891
9,0.2-4,0.0158061394023611,0.048564356,2.097980198,-2.573910891
9,0.2-4,-0.2098206159775595,-0.242821782,2.097980198,-2.573910891
9,0.2-4,-0.6803815868764421,-0.534207921,2.097980198,-2.573910891
9,0.2-4,-1.1291524657064729,-1.136405941,2.097980198,-2.573910891
9,0.2-4,-1.6515633784752617,-1.534633663,2.097980198,-2.573910891
9,0.2-4,-1.9607113344203653,-2.03970297,2.097980198,-2.573910891
9,0.2-4,-2.419392173193786,-2.321376238,2.097980198,-2.573910891
9,0.2-4,-2.31870562581259,-2.467069307,2.097980198,-2.573910891
9,0.2-4,-1.6388577246416969,-1.932861386,2.097980198,-2.573910891
9,0.2-4,-0.9773769279848324,-1.165544554,2.097980198,-2.573910891
9,0.2-4,-0.7058262360968784,-0.854732673,2.097980198,-2.573910891
9,0.2-4,-0.6233968666880831,-0.573059406,2.097980198,-2.573910891
9,0.2-4,-0.4954368054061536,-0.689613861,2.097980198,-2.573910891
9,0.2-4,-0.1582711824196394,-0.242821782,2.097980198,-2.573910891
9,0.2-4,0.2776621882257528,0.058277228,2.097980198,-2.573910891
9,0.2-4,0.904130376110264,0.641049505,2.097980198,-2.573910891
9,0.2-4,1.5640948049011576,1.320950495,2.097980198,-2.573910891
9,0.2-4,1.7938194454165943,1.777455446,2.097980198,-2.573910891
9,0.2-4,2.0796360232765227,1.923148515,2.097980198,-2.573910891
9,0.2-4,1.9800819289904128,1.991138614,2.097980198,-2.573910891
9,0.2-4,2.1090417209051897,1.942574257,2.097980198,-2.573910891
9,0.2-4,1.857501582444706,1.913435644,2.097980198,-2.573910891
9,0.2-4,1.3952739713031137,1.427792079,2.097980198,-2.573910891
9,0.2-4,0.837213076152865,0.961574257,2.097980198,-2.573910891
9,0.2-4,0.3079903139704176,0.437079208,2.097980198,-2.573910891
9,0.2-4,0.0010081762333977,0.038851485,2.097980198,-2.573910891
9,0.2-4,-0.2674337301895143,-0.22339604,2.097980198,-2.573910891
9,0.2-4,-0.6535253153528469,-0.621623762,2.097980198,-2.573910891
9,0.2-4,-1.2113341448618242,-1.039277228,2.097980198,-2.573910891
9,0.2-4,-1.683690781710811,-1.602623762,2.097980198,-2.573910891
9,0.2-4,-2.0307691553582043,-1.962,2.097980198,-2.573910891
9,0.2-4,-2.47538722680933,-2.447643564,2.097980198,-2.573910891
9,0.2-4,-2.294404173061875,-2.428217822,2.097980198,-2.573910891
9,0.2-4,-1.6130305991274163,-1.952287129,2.097980198,-2.573910891
9,0.2-4,-0.9730628632117666,-1.175257426,2.097980198,-2.573910891
9,0.2-4,-0.7044506917118554,-0.825594059,2.097980198,-2.573910891
9,0.2-4,-0.5405121578661588,-0.573059406,2.097980198,-2.573910891
9,0.2-4,-0.5026025225283473,-0.650762376,2.097980198,-2.573910891
9,0.2-4,-0.1150156923809512,-0.281673267,2.097980198,-2.573910891
9,0.2-4,0.2656926140745498,0.116554455,2.097980198,-2.573910891
9,0.2-4,0.917877495320334,0.660475248,2.097980198,-2.573910891
9,0.2-4,1.5675772418617853,1.252960396,2.097980198,-2.573910891
9,0.2-4,1.8668322535732376,1.748316832,2.097980198,-2.573910891
9,0.2-4,2.081443523999181,1.903722772,2.097980198,-2.573910891
9,0.2-4,1.9950012828988584,2.010564356,2.097980198,-2.573910891
9,0.2-4,2.054821698627645,1.913435644,2.097980198,-2.573910891
9,0.2-4,1.878994876681105,1.923148515,2.097980198,-2.573910891
9,0.2-4,1.291026451284416,1.369514851,2.097980198,-2.573910891
9,0.2-4,0.8252840010758994,0.990712871,2.097980198,-2.573910891
9,0.2-4,0.2371921475421523,0.466217822,2.097980198,-2.573910891
9,0.2-4,-0.0790147158383689,-0.048564356,2.097980198,-2.573910891
9,0.2-4,-0.4622322057742842,-0.339950495,2.097980198,-2.573910891
9,0.2-4,-0.9390527643612812,-0.854732673,2.097980198,-2.573910891
9,0.2-4,-1.4972950262447908,-1.350089109,2.097980198,-2.573910891
9,0.2-4,-1.7278405612619692,-1.680326733,2.097980198,-2.573910891
9,0.2-4,-2.0617743946679674,-1.942574257,2.097980198,-2.573910891
9,0.2-4,-2.284560642147328,-2.321376238,2.097980198,-2.573910891
9,0.2-4,-1.9228924885596108,-2.088267327,2.097980198,-2.573910891
9,0.2-4,-1.1135881947206032,-1.50549505,2.097980198,-2.573910891
9,0.2-4,-0.4534603134836288,-0.75760396,2.097980198,-2.573910891
9,0.2-4,-0.302897183018914,-0.475930693,2.097980198,-2.573910891
9,0.2-4,-0.2844727917528703,-0.369089109,2.097980198,-2.573910891
9,0.2-4,-0.1420359835860993,-0.330237624,2.097980198,-2.573910891
9,0.2-4,0.0899864959341264,0.0,2.097980198,-2.573910891
9,0.2-4,0.515400812037488,0.281673267,2.097980198,-2.573910891
9,0.2-4,1.0992756195378748,0.815881188,2.097980198,-2.573910891
9,0.2-4,1.3950723676647974,1.223821782,2.097980198,-2.573910891
9,0.2-4,1.340713315002662,1.301524752,2.097980198,-2.573910891
9,0.2-4,1.4032889805410365,1.272386139,2.097980198,-2.573910891
9,0.2-4,1.176905296811976,1.175257426,2.097980198,-2.573910891
9,0.2-4,1.2212860083051085,1.175257426,2.097980198,-2.573910891
9,0.2-4,1.0830838276759194,1.068415842,2.097980198,-2.573910891
9,0.2-4,0.5993792651326502,0.786742574,2.097980198,-2.573910891
9,0.2-4,0.09263403708052,0.184544554,2.097980198,-2.573910891
9,0.2-4,-0.1478877786013947,-0.135980198,2.097980198,-2.573910891
9,0.2-4,-0.361133049906943,-0.37880198,2.097980198,-2.573910891
9,0.2-4,-0.5277735098094841,-0.485643564,2.097980198,-2.573910891
9,0.2-4,-0.6539368178919521,-0.738178218,2.097980198,-2.573910891
9,0.2-4,-0.8793162643420783,-0.767316832,2.097980198,-2.573910891
9,0.2-4,-1.0952564288341604,-1.087841584,2.097980198,-2.573910891
9,0.2-4,-1.2391393066271124,-1.243247525,2.097980198,-2.573910891
9,0.2-4,-0.9631653104122678,-1.126693069,2.097980198,-2.573910891
9,0.2-4,-0.4705403819618525,-0.660475248,2.097980198,-2.573910891
9,0.2-4,-0.2265179095826151,-0.369089109,2.097980198,-2.573910891
9,0.2-4,0.0126033776429889,-0.07770297,2.097980198,-2.573910891
9,0.2-4,-0.0981518126095437,-0.116554455,2.097980198,-2.573910891
9,0.2-4,0.0109552524106125,-0.087415842,2.097980198,-2.573910891
9,0.2-4,0.1181204967960519,-0.019425743,2.097980198,-2.573910891
9,0.2-4,0.3601250330749654,0.233108911,2.097980198,-2.573910891
9,0.2-4,0.4763013969116151,0.407940594,2.097980198,-2.573910891
9,0.2-4,0.5716988629046047,0.52449505,2.097980198,-2.573910891
9,0.2-4,0.5597990097840939,0.505069307,2.097980198,-2.573910891
9,0.2-4,0.3330050145719284,0.388514851,2.097980198,-2.573910891
9,0.2-4,0.2896452494138287,0.30109901,2.097980198,-2.573910891
9,0.2-4,0.2530878963706108,0.262247525,2.097980198,-2.573910891
9,0.2-4,0.1658238992290805,0.155405941,2.097980198,-2.573910891
9,0.2-4,-0.0552846734597274,-0.048564356,2.097980198,-2.573910891
9,0.2-4,-0.1692746454702909,-0.106841584,2.097980198,-2.573910891
9,0.2-4,-0.2457761236868121,-0.310811881,2.097980198,-2.573910891
9,0.2-4,-0.3274797764508798,-0.359376238,2.097980198,-2.573910891
9,0.2-4,-0.1803354786016317,-0.320524752,2.097980198,-2.573910891
9,0.2-4,-0.1269388146259704,-0.135980198,2.097980198,-2.573910891
9,0.2-4,0.0427928362438508,-0.126267327,2.097980198,-2.573910891
9,0.2-4,-0.0606059648766452,-0.048564356,2.097980198,-2.573910891
9,0.2-4,0.0747099188847937,-0.058277228,2.097980198,-2.573910891
9,0.2-4,0.0187086023788675,-0.058277228,2.097980198,-2.573910891
9,0.2-4,0.080740176768421,-0.07770297,2.097980198,-2.573910891
9,0.2-4,0.014775094073545,-0.029138614,2.097980198,-2.573910891
9,0.2-4,0.0703962423656695,-0.048564356,2.097980198,-2.573910891
9,0.2-4,0.0207684479346269,-0.058277228,2.097980198,-2.573910891
9,0.2-4,0.0219638068446494,-0.087415842,2.097980198,-2.573910891
9,0.2-4,0.0164744356741114,-0.058277228,2.097980198,-2.573910891
9,0.2-4,-0.0234252607146297,-0.067990099,2.097980198,-2.573910891
9,0.2-4,0.0089135289313252,-0.038851485,2.097980198,-2.573910891
10,0.2-4,-0.0284049667433459,-0.067990099,2.097980198,-2.573910891
10,0.2-4,-0.0130588019360526,-0.116554455,2.097980198,-2.573910891
10,0.2-4,-0.0082119513818747,0.0,2.097980198,-2.573910891
10,0.2-4,-0.0262582964963466,-0.087415842,2.097980198,-2.573910891
10,0.2-4,-0.0063062210779102,-0.019425743,2.097980198,-2.573910891
10,0.2-4,-0.0297371025574419,-0.067990099,2.097980198,-2.573910891
10,0.2-4,-0.0136417763749003,-0.009712871,2.097980198,-2.573910891
10,0.2-4,-0.0047776149200971,-0.067990099,2.097980198,-2.573910891
10,0.2-4,-0.0043836685908771,-0.048564356,2.097980198,-2.573910891
10,0.2-4,-0.022046840126071,-0.029138614,2.097980198,-2.573910891
10,0.2-4,-0.0078501797710133,-0.019425743,2.097980198,-2.573910891
10,0.2-4,-0.0050717559069621,-0.048564356,2.097980198,-2.573910891
10,0.2-4,0.0423769224977928,0.067990099,2.097980198,-2.573910891
10,0.2-4,0.2412809445232639,0.262247525,2.097980198,-2.573910891
10,0.2-4,0.345788691810877,0.320524752,2.097980198,-2.573910891
10,0.2-4,0.2815212462548682,0.252534653,2.097980198,-2.573910891
10,0.2-4,-0.0078439661823074,-0.126267327,2.097980198,-2.573910891
10,0.2-4,-0.256717111609107,-0.242821782,2.097980198,-2.573910891
10,0.2-4,-0.3784570293098461,-0.514782178,2.097980198,-2.573910891
10,0.2-4,-0.4475208333807755,-0.388514851,2.097980198,-2.573910891
10,0.2-4,-0.4022033659868552,-0.446792079,2.097980198,-2.573910891
10,0.2-4,-0.449626187337879,-0.427366337,2.097980198,-2.573910891
10,0.2-4,-0.518051583144939,-0.611910891,2.097980198,-2.573910891
10,0.2-4,-0.4374501653058106,-0.485643564,2.097980198,-2.573910891
10,0.2-4,-0.214997368745345,-0.30109901,2.097980198,-2.573910891
10,0.2-4,-0.0259949851389975,-0.07770297,2.097980198,-2.573910891
10,0.2-4,0.1350069862622719,0.038851485,2.097980198,-2.573910891
10,0.2-4,0.2106758690293285,0.097128713,2.097980198,-2.573910891
10,0.2-4,0.2870287738663666,0.165118812,2.097980198,-2.573910891
10,0.2-4,0.4832469299891895,0.466217822,2.097980198,-2.573910891
10,0.2-4,0.752750071750142,0.660475248,2.097980198,-2.573910891
10,0.2-4,0.9091348371345856,0.874158416,2.097980198,-2.573910891
10,0.2-4,0.9402903432145546,0.90329703,2.097980198,-2.573910891
10,0.2-4,0.9717340677532782,0.932435644,2.097980198,-2.573910891
10,0.2-4,0.8464252603539504,0.874158416,2.097980198,-2.573910891
10,0.2-4,0.4920743792132263,0.52449505,2.097980198,-2.573910891
10,0.2-4,0.0987432186268749,0.135980198,2.097980198,-2.573910891
10,0.2-4,-0.2083421494727398,-0.116554455,2.097980198,-2.573910891
10,0.2-4,-0.3167505841022556,-0.203970297,2.097980198,-2.573910891
10,0.2-4,-0.5245182549045322,-0.45650495,2.097980198,-2.573910891
10,0.2-4,-0.7437047472634772,-0.641049505,2.097980198,-2.573910891
10,0.2-4,-1.0127525111839282,-0.942148515,2.097980198,-2.573910891
10,0.2-4,-1.4127026413700492,-1.350089109,2.097980198,-2.573910891
10,0.2-4,-1.7265213856334911,-1.728891089,2.097980198,-2.573910891
10,0.2-4,-1.4767150012723602,-1.447217822,2.097980198,-2.573910891
10,0.2-4,-0.9805538187799592,-1.078128713,2.097980198,-2.573910891
10,0.2-4,-0.5702025504684411,-0.611910891,2.097980198,-2.573910891
10,0.2-4,-0.3714713837156693,-0.631336634,2.097980198,-2.573910891
10,0.2-4,-0.3753963725759795,-0.611910891,2.097980198,-2.573910891
10,0.2-4,-0.286808499916806,-0.592485149,2.097980198,-2.573910891
10,0.2-4,0.097659992949614,-0.213683168,2.097980198,-2.573910891
10,0.2-4,0.4805762715246519,0.233108911,2.097980198,-2.573910891
10,0.2-4,1.0065555671225654,0.786742574,2.097980198,-2.573910891
10,0.2-4,1.5179171182088942,1.252960396,2.097980198,-2.573910891
10,0.2-4,1.6182630839801748,1.320950495,2.097980198,-2.573910891
10,0.2-4,1.736051387008204,1.524920792,2.097980198,-2.573910891
10,0.2-4,1.8026524122293597,1.690039604,2.097980198,-2.573910891
10,0.2-4,1.861608967164472,1.855158416,2.097980198,-2.573910891
10,0.2-4,1.6911361611239184,1.690039604,2.097980198,-2.573910891
10,0.2-4,1.1609956347985548,1.20439604,2.097980198,-2.573910891
10,0.2-4,0.5563523016558696,0.650762376,2.097980198,-2.573910891
10,0.2-4,-0.0152478184394274,0.174831683,2.097980198,-2.573910891
10,0.2-4,-0.4166312493950288,-0.213683168,2.097980198,-2.573910891
10,0.2-4,-0.8195429301461451,-0.514782178,2.097980198,-2.573910891
10,0.2-4,-1.2091630830047695,-0.971287129,2.097980198,-2.573910891
10,0.2-4,-1.6349491913757863,-1.311237624,2.097980198,-2.573910891
10,0.2-4,-2.070877002493242,-1.971712871,2.097980198,-2.573910891
10,0.2-4,-2.30370381415355,-2.068841584,2.097980198,-2.573910891
10,0.2-4,-2.454882145267124,-2.428217822,2.097980198,-2.573910891
10,0.2-4,-1.9765362817533356,-1.777455446,2.097980198,-2.573910891
10,0.2-4,-1.13628736920969,-1.243247525,2.097980198,-2.573910891
10,0.2-4,-0.7188562601029805,-0.90329703,2.097980198,-2.573910891
10,0.2-4,-0.5230245952448956,-0.747891089,2.097980198,-2.573910891
10,0.2-4,-0.2499891977245727,-0.514782178,2.097980198,-2.573910891
10,0.2-4,0.027716047487261,-0.349663366,2.097980198,-2.573910891
10,0.2-4,0.4344394277205852,0.058277228,2.097980198,-2.573910891
10,0.2-4,0.935346178241911,0.495356436,2.097980198,-2.573910891
10,0.2-4,1.5479668420925152,1.272386139,2.097980198,-2.573910891
10,0.2-4,1.958997439042533,1.554059406,2.097980198,-2.573910891
10,0.2-4,2.1451868193889734,1.835732673,2.097980198,-2.573910891
10,0.2-4,2.107777988400479,1.816306931,2.097980198,-2.573910891
10,0.2-4,2.0379266301389163,1.923148515,2.097980198,-2.573910891
10,0.2-4,1.936552481105627,1.88429703,2.097980198,-2.573910891
10,0.2-4,1.5212914505913682,1.563772277,2.097980198,-2.573910891
10,0.2-4,0.9581033211672926,1.039277228,2.097980198,-2.573910891
10,0.2-4,0.4456796609184922,0.592485149,2.097980198,-2.573910891
10,0.2-4,-0.1086634799183586,0.165118812,2.097980198,-2.573910891
10,0.2-4,-0.4688811079121285,-0.291386139,2.097980198,-2.573910891
10,0.2-4,-0.8211640227176809,-0.495356436,2.097980198,-2.573910891
10,0.2-4,-1.1981990238450495,-0.990712871,2.097980198,-2.573910891
10,0.2-4,-1.5977836434479222,-1.398653465,2.097980198,-2.573910891
10,0.2-4,-2.0145458486164887,-1.835732673,2.097980198,-2.573910891
10,0.2-4,-2.324462049958438,-2.127118812,2.097980198,-2.573910891
10,0.2-4,-2.4886124714534947,-2.515633663,2.097980198,-2.573910891
10,0.2-4,-2.002471112295442,-1.88429703,2.097980198,-2.573910891
10,0.2-4,-1.195543417040016,-1.252960396,2.097980198,-2.573910891
10,0.2-4,-0.7047434530112726,-0.845019802,2.097980198,-2.573910891
10,0.2-4,-0.4413253805110127,-0.786742574,2.097980198,-2.573910891
10,0.2-4,-0.2556436984131965,-0.553633663,2.097980198,-2.573910891
10,0.2-4,0.000120124066453,-0.417653465,2.097980198,-2.573910891
10,0.2-4,0.3785112736591385,0.019425743,2.097980198,-2.573910891
10,0.2-4,0.8945265107456734,0.514782178,2.097980198,-2.573910891
10,0.2-4,1.55521690277843,1.233534653,2.097980198,-2.573910891
10,0.2-4,1.972023833323827,1.592910891,2.097980198,-2.573910891
10,0.2-4,2.072134817964016,1.767742574,2.097980198,-2.573910891
10,0.2-4,2.1046603615742083,1.932861386,2.097980198,-2.573910891
10,0.2-4,2.009935920242869,1.826019802,2.097980198,-2.573910891
10,0.2-4,1.963795121789928,1.894009901,2.097980198,-2.573910891
10,0.2-4,1.4546093917899272,1.447217822,2.097980198,-2.573910891
10,0.2-4,0.853216422173671,1.000425743,2.097980198,-2.573910891
10,0.2-4,0.4538973638867177,0.650762376,2.097980198,-2.573910891
10,0.2-4,-0.0515563511824535,0.242821782,2.097980198,-2.573910891
10,0.2-4,-0.5182408898395243,-0.252534653,2.097980198,-2.573910891
10,0.2-4,-0.8643838518555356,-0.52449505,2.097980198,-2.573910891
10,0.2-4,-1.2533893400803728,-0.971287129,2.097980198,-2.573910891
10,0.2-4,-1.5883072374977556,-1.28209901,2.097980198,-2.573910891
10,0.2-4,-1.9968288945100656,-1.874584158,2.097980198,-2.573910891
10,0.2-4,-2.3363817101685926,-2.146544554,2.097980198,-2.573910891
10,0.2-4,-2.520767333083524,-2.48649505,2.097980198,-2.573910891
10,0.2-4,-1.9707366392690944,-1.88429703,2.097980198,-2.573910891
10,0.2-4,-1.2666033875405027,-1.340376238,2.097980198,-2.573910891
10,0.2-4,-0.7791111177710561,-0.883871287,2.097980198,-2.573910891
10,0.2-4,-0.4470781791943494,-0.767316832,2.097980198,-2.573910891
10,0.2-4,-0.226586981983443,-0.60219802,2.097980198,-2.573910891
10,0.2-4,0.0743300090606428,-0.320524752,2.097980198,-2.573910891
10,0.2-4,0.3999441888201864,0.038851485,2.097980198,-2.573910891
10,0.2-4,0.8777496600953671,0.45650495,2.097980198,-2.573910891
10,0.2-4,1.517023114689431,1.116980198,2.097980198,-2.573910891
10,0.2-4,1.9501678155367217,1.563772277,2.097980198,-2.573910891
10,0.2-4,2.154763344530325,1.845445545,2.097980198,-2.573910891
10,0.2-4,2.143726416269176,1.864871287,2.097980198,-2.573910891
10,0.2-4,2.0498015868318635,1.864871287,2.097980198,-2.573910891
10,0.2-4,1.843733344454199,1.806594059,2.097980198,-2.573910891
10,0.2-4,1.5067822662633206,1.466643564,2.097980198,-2.573910891
10,0.2-4,0.930602298541602,0.981,2.097980198,-2.573910891
10,0.2-4,0.4132467928054837,0.611910891,2.097980198,-2.573910891
10,0.2-4,-0.0059478777519019,0.213683168,2.097980198,-2.573910891
10,0.2-4,-0.4820403849550549,-0.213683168,2.097980198,-2.573910891
10,0.2-4,-0.8157104702085428,-0.505069307,2.097980198,-2.573910891
10,0.2-4,-1.24530182085244,-1.010138614,2.097980198,-2.573910891
10,0.2-4,-1.5840662277407294,-1.320950495,2.097980198,-2.573910891
10,0.2-4,-1.9722211980664477,-1.826019802,2.097980198,-2.573910891
10,0.2-4,-2.332614193468042,-2.146544554,2.097980198,-2.573910891
10,0.2-4,-2.5168230203440376,-2.457356436,2.097980198,-2.573910891
10,0.2-4,-2.0326848378743083,-1.913435644,2.097980198,-2.573910891
10,0.2-4,-1.202005645609701,-1.311237624,2.097980198,-2.573910891
10,0.2-4,-0.7367339506195131,-0.893584158,2.097980198,-2.573910891
10,0.2-4,-0.4312228040208119,-0.738178218,2.097980198,-2.573910891
10,0.2-4,-0.2407839217620893,-0.573059406,2.097980198,-2.573910891
10,0.2-4,0.0070636267196934,-0.349663366,2.097980198,-2.573910891
10,0.2-4,0.4007396803621149,0.048564356,2.097980198,-2.573910891
10,0.2-4,0.8574062441039014,0.466217822,2.097980198,-2.573910891
10,0.2-4,1.4987783405911237,1.184970297,2.097980198,-2.573910891
10,0.2-4,1.942232257395334,1.612336634,2.097980198,-2.573910891
10,0.2-4,2.1066889729768143,1.787168317,2.097980198,-2.573910891
10,0.2-4,2.152099013718933,1.855158416,2.097980198,-2.573910891
10,0.2-4,2.0060498184158884,1.835732673,2.097980198,-2.573910891
10,0.2-4,1.9168566812918573,1.88429703,2.097980198,-2.573910891
10,0.2-4,1.4831019092561564,1.43750495,2.097980198,-2.573910891
10,0.2-4,0.9202438441715096,0.990712871,2.097980198,-2.573910891
10,0.2-4,0.3937602219116468,0.52449505,2.097980198,-2.573910891
10,0.2-4,-0.0299005931571993,0.174831683,2.097980198,-2.573910891
10,0.2-4,-0.4359154173914776,-0.262247525,2.097980198,-2.573910891
10,0.2-4,-0.8142168857452348,-0.475930693,2.097980198,-2.573910891
10,0.2-4,-1.2266415553876535,-1.010138614,2.097980198,-2.573910891
10,0.2-4,-1.5958316003997195,-1.262673267,2.097980198,-2.573910891
10,0.2-4,-1.9884954210366408,-1.806594059,2.097980198,-2.573910891
10,0.2-4,-2.312248276773974,-2.107693069,2.097980198,-2.573910891
10,0.2-4,-2.5261656891200026,-2.447643564,2.097980198,-2.573910891
10,0.2-4,-2.023884887554312,-1.913435644,2.097980198,-2.573910891
10,0.2-4,-1.2183239984499528,-1.330663366,2.097980198,-2.573910891
10,0.2-4,-0.7680359108289758,-0.90329703,2.097980198,-2.573910891
10,0.2-4,-0.4548756602341315,-0.718752475,2.097980198,-2.573910891
10,0.2-4,-0.2278451731733096,-0.563346535,2.097980198,-2.573910891
10,0.2-4,0.0073036397371105,-0.359376238,2.097980198,-2.573910891
10,0.2-4,0.4312382808420475,0.048564356,2.097980198,-2.573910891
10,0.2-4,0.8673461063922755,0.466217822,2.097980198,-2.573910891
10,0.2-4,1.5056174168850052,1.20439604,2.097980198,-2.573910891
10,0.2-4,1.9616617153833185,1.534633663,2.097980198,-2.573910891
10,0.2-4,2.1023767117594443,1.835732673,2.097980198,-2.573910891
10,0.2-4,2.128172848684695,1.894009901,2.097980198,-2.573910891
10,0.2-4,2.023552609065467,1.816306931,2.097980198,-2.573910891
10,0.2-4,1.907667242037355,1.845445545,2.097980198,-2.573910891
10,0.2-4,1.4591855833121148,1.466643564,2.097980198,-2.573910891
10,0.2-4,0.8655779183346812,0.922722772,2.097980198,-2.573910891
10,0.2-4,0.4077593787146304,0.621623762,2.097980198,-2.573910891
10,0.2-4,-0.1015515318701848,0.184544554,2.097980198,-2.573910891
10,0.2-4,-0.4335914731243326,-0.22339604,2.097980198,-2.573910891
10,0.2-4,-0.8296902240536123,-0.475930693,2.097980198,-2.573910891
10,0.2-4,-1.240006183759368,-0.951861386,2.097980198,-2.573910891
10,0.2-4,-1.5761330975773786,-1.272386139,2.097980198,-2.573910891
10,0.2-4,-2.025502378079387,-1.777455446,2.097980198,-2.573910891
10,0.2-4,-2.3421843071955286,-2.165970297,2.097980198,-2.573910891
10,0.2-4,-2.504649206671439,-2.515633663,2.097980198,-2.573910891
10,0.2-4,-2.0339352487821003,-1.942574257,2.097980198,-2.573910891
10,0.2-4,-1.267293391999745,-1.233534653,2.097980198,-2.573910891
10,0.2-4,-0.7382049949999028,-0.893584158,2.097980198,-2.573910891
10,0.2-4,-0.4337848161295057,-0.650762376,2.097980198,-2.573910891
10,0.2-4,-0.2369046809840458,-0.582772277,2.097980198,-2.573910891
10,0.2-4,0.0073037137079063,-0.330237624,2.097980198,-2.573910891
10,0.2-4,0.3842025417261405,-0.038851485,2.097980198,-2.573910891
10,0.2-4,0.8675116542835654,0.505069307,2.097980198,-2.573910891
10,0.2-4,1.4794170752516342,1.107267327,2.097980198,-2.573910891
10,0.2-4,1.933386130355086,1.602623762,2.097980198,-2.573910891
10,0.2-4,2.1161309537226414,1.796881188,2.097980198,-2.573910891
10,0.2-4,2.1287326468407444,1.913435644,2.097980198,-2.573910891
10,0.2-4,2.0173383612395184,1.777455446,2.097980198,-2.573910891
10,0.2-4,1.961441545372641,1.913435644,2.097980198,-2.573910891
10,0.2-4,1.513877843318305,1.456930693,2.097980198,-2.573910891
10,0.2-4,0.894112799362535,0.971287129,2.097980198,-2.573910891
10,0.2-4,0.4488349072546596,0.573059406,2.097980198,-2.573910891
10,0.2-4,-0.0308859433181774,0.184544554,2.097980198,-2.573910891
10,0.2-4,-0.4578062912853505,-0.213683168,2.097980198,-2.573910891
10,0.2-4,-0.7790655215608692,-0.446792079,2.097980198,-2.573910891
10,0.2-4,-1.2410353742083184,-0.913009901,2.097980198,-2.573910891
10,0.2-4,-1.5374374174277303,-1.252960396,2.097980198,-2.573910891
10,0.2-4,-1.9823015568684703,-1.796881188,2.097980198,-2.573910891
10,0.2-4,-2.339093025668426,-2.204821782,2.097980198,-2.573910891
10,0.2-4,-2.488932044845132,-2.515633663,2.097980198,-2.573910891
10,0.2-4,-2.04160861196099,-1.991138614,2.097980198,-2.573910891
10,0.2-4,-1.2807400672359328,-1.311237624,2.097980198,-2.573910891
10,0.2-4,-0.7212573033397065,-0.951861386,2.097980198,-2.573910891
10,0.2-4,-0.4120279297645632,-0.641049505,2.097980198,-2.573910891
10,0.2-4,-0.2145251137528504,-0.573059406,2.097980198,-2.573910891
10,0.2-4,0.040083294991236,-0.30109901,2.097980198,-2.573910891
10,0.2-4,0.411030989112867,-0.009712871,2.097980198,-2.573910891
10,0.2-4,0.8510472156298305,0.466217822,2.097980198,-2.573910891
10,0.2-4,1.554966799300564,1.175257426,2.097980198,-2.573910891
10,0.2-4,1.9512321742176184,1.544346535,2.097980198,-2.573910891
10,0.2-4,2.0935858433096,1.777455446,2.097980198,-2.573910891
10,0.2-4,2.1455419875140374,1.952287129,2.097980198,-2.573910891
10,0.2-4,2.0514650959137324,1.913435644,2.097980198,-2.573910891
10,0.2-4,1.8861591879738464,1.864871287,2.097980198,-2.573910891
10,0.2-4,1.4901313483731478,1.447217822,2.097980198,-2.573910891
10,0.2-4,0.8615079090437008,0.922722772,2.097980198,-2.573910891
10,0.2-4,0.4196478071224241,0.582772277,2.097980198,-2.573910891
10,0.2-4,-0.0444311304744572,0.165118812,2.097980198,-2.573910891
10,0.2-4,-0.4532979376718215,-0.184544554,2.097980198,-2.573910891
10,0.2-4,-0.8010409888510334,-0.573059406,2.097980198,-2.573910891
10,0.2-4,-1.247584370239584,-0.922722772,2.097980198,-2.573910891
10,0.2-4,-1.5953925546194463,-1.330663366,2.097980198,-2.573910891
10,0.2-4,-1.9839241925162256,-1.758029703,2.097980198,-2.573910891
10,0.2-4,-2.3565184824370764,-2.204821782,2.097980198,-2.573910891
10,0.2-4,-2.524454909662886,-2.350514851,2.097980198,-2.573910891
10,0.2-4,-2.051131999634607,-1.991138614,2.097980198,-2.573910891
10,0.2-4,-1.2738725828411803,-1.291811881,2.097980198,-2.573910891
10,0.2-4,-0.7616326441491899,-0.961574257,2.097980198,-2.573910891
10,0.2-4,-0.4062300257537693,-0.621623762,2.097980198,-2.573910891
10,0.2-4,-0.2088880882277057,-0.631336634,2.097980198,-2.573910891
10,0.2-4,0.039030433282736,-0.30109901,2.097980198,-2.573910891
10,0.2-4,0.3998891428745552,0.009712871,2.097980198,-2.573910891
10,0.2-4,0.8299163151952398,0.514782178,2.097980198,-2.573910891
10,0.2-4,1.5111313310573058,1.126693069,2.097980198,-2.573910891
10,0.2-4,1.9180575416469745,1.524920792,2.097980198,-2.573910891
10,0.2-4,2.1173797824740084,1.787168317,2.097980198,-2.573910891
10,0.2-4,2.161410794896819,1.962,2.097980198,-2.573910891
10,0.2-4,2.061448553672776,1.806594059,2.097980198,-2.573910891
10,0.2-4,1.9129090891427891,1.864871287,2.097980198,-2.573910891
10,0.2-4,1.4461675381977694,1.388940594,2.097980198,-2.573910891
10,0.2-4,0.8640077554398233,0.961574257,2.097980198,-2.573910891
10,0.2-4,0.3661930686756248,0.641049505,2.097980198,-2.573910891
10,0.2-4,-0.0331677351818618,0.22339604,2.097980198,-2.573910891
10,0.2-4,-0.471589881073443,-0.155405941,2.097980198,-2.573910891
10,0.2-4,-0.8109140273871445,-0.495356436,2.097980198,-2.573910891
10,0.2-4,-1.1860566020642207,-0.932435644,2.097980198,-2.573910891
10,0.2-4,-1.6010756930018335,-1.340376238,2.097980198,-2.573910891
10,0.2-4,-2.064018630442588,-1.864871287,2.097980198,-2.573910891
10,0.2-4,-2.3762798526619777,-2.204821782,2.097980198,-2.573910891
10,0.2-4,-2.509047483366078,-2.399079208,2.097980198,-2.573910891
10,0.2-4,-2.05131074029583,-1.942574257,2.097980198,-2.573910891
10,0.2-4,-1.255916350939415,-1.272386139,2.097980198,-2.573910891
10,0.2-4,-0.7403449688639218,-0.883871287,2.097980198,-2.573910891
10,0.2-4,-0.4234749076182047,-0.621623762,2.097980198,-2.573910891
10,0.2-4,-0.2182157475116677,-0.60219802,2.097980198,-2.573910891
10,0.2-4,0.014357121148039,-0.252534653,2.097980198,-2.573910891
10,0.2-4,0.4128417037961635,0.038851485,2.097980198,-2.573910891
10,0.2-4,0.8289759121175788,0.485643564,2.097980198,-2.573910891
10,0.2-4,1.5096410747080162,1.252960396,2.097980198,-2.573910891
10,0.2-4,1.9719475370779729,1.524920792,2.097980198,-2.573910891
10,0.2-4,2.1645286964786843,1.913435644,2.097980198,-2.573910891
10,0.2-4,2.1228003438847254,1.864871287,2.097980198,-2.573910891
10,0.2-4,2.018239806714367,1.923148515,2.097980198,-2.573910891
10,0.2-4,1.925831317247641,1.855158416,2.097980198,-2.573910891
10,0.2-4,1.4310145064143378,1.476356436,2.097980198,-2.573910891
10,0.2-4,0.8920911293463857,0.913009901,2.097980198,-2.573910891
10,0.2-4,0.3818820504533586,0.573059406,2.097980198,-2.573910891
10,0.2-4,-0.0770042042736374,0.135980198,2.097980198,-2.573910891
10,0.2-4,-0.5045148931913888,-0.213683168,2.097980198,-2.573910891
10,0.2-4,-0.8410668476831105,-0.553633663,2.097980198,-2.573910891
10,0.2-4,-1.1826313628676044,-0.874158416,2.097980198,-2.573910891
10,0.2-4,-1.6379078680233663,-1.379227723,2.097980198,-2.573910891
10,0.2-4,-2.0503552805647183,-1.826019802,2.097980198,-2.573910891
10,0.2-4,-2.4133228711463373,-2.243673267,2.097980198,-2.573910891
10,0.2-4,-2.5398423734805795,-2.379653465,2.097980198,-2.573910891
10,0.2-4,-2.02809186394826,-2.000851485,2.097980198,-2.573910891
10,0.2-4,-1.2761640274328458,-1.301524752,2.097980198,-2.573910891
10,0.2-4,-0.698810073932994,-0.951861386,2.097980198,-2.573910891
10,0.2-4,-0.3946055446670048,-0.573059406,2.097980198,-2.573910891
10,0.2-4,-0.1805313927443086,-0.60219802,2.097980198,-2.573910891
10,0.2-4,-0.0060623822478215,-0.320524752,2.097980198,-2.573910891
10,0.2-4,0.3989438604708568,0.038851485,2.097980198,-2.573910891
10,0.2-4,0.8275847398134495,0.446792079,2.097980198,-2.573910891
10,0.2-4,1.51322814623628,1.252960396,2.097980198,-2.573910891
10,0.2-4,1.955605086616245,1.573485149,2.097980198,-2.573910891
10,0.2-4,2.073086659254208,1.903722772,2.097980198,-2.573910891
10,0.2-4,2.356804711098803,2.020277228,2.097980198,-2.573910891
10,0.2-4,2.052782755455541,1.864871287,2.097980198,-2.573910891
10,0.2-4,1.9101031682918883,1.835732673,2.097980198,-2.573910891
10,0.2-4,1.3833551862154598,1.43750495,2.097980198,-2.573910891
10,0.2-4,0.8196713005103392,0.922722772,2.097980198,-2.573910891
10,0.2-4,0.4100894605344233,0.641049505,2.097980198,-2.573910891
10,0.2-4,-0.1202805717203745,0.155405941,2.097980198,-2.573910891
10,0.2-4,-0.483399169803889,-0.165118812,2.097980198,-2.573910891
10,0.2-4,-0.8439951902260778,-0.573059406,2.097980198,-2.573910891
10,0.2-4,-1.215792714334315,-0.913009901,2.097980198,-2.573910891
10,0.2-4,-1.6656814939297313,-1.456930693,2.097980198,-2.573910891
10,0.2-4,-2.1410760785676346,-1.923148515,2.097980198,-2.573910891
10,0.2-4,-2.4159206935222386,-2.195108911,2.097980198,-2.573910891
10,0.2-4,-2.512321318731477,-2.48649505,2.097980198,-2.573910891
10,0.2-4,-1.9688150679344276,-1.932861386,2.097980198,-2.573910891
10,0.2-4,-1.2932749993839343,-1.28209901,2.097980198,-2.573910891
10,0.2-4,-0.6631404818642098,-0.786742574,2.097980198,-2.573910891
10,0.2-4,-0.4062820461613561,-0.689613861,2.097980198,-2.573910891
10,0.2-4,-0.2310431215459135,-0.650762376,2.097980198,-2.573910891
10,0.2-4,0.0221469459344181,-0.388514851,2.097980198,-2.573910891
10,0.2-4,0.3922061481539745,0.029138614,2.097980198,-2.573910891
10,0.2-4,0.9234957367844218,0.45650495,2.097980198,-2.573910891
10,0.2-4,1.6351767187638817,1.272386139,2.097980198,-2.573910891
10,0.2-4,1.983704120446918,1.524920792,2.097980198,-2.573910891
10,0.2-4,2.18809096150364,1.874584158,2.097980198,-2.573910891
10,0.2-4,2.2030272818168344,1.894009901,2.097980198,-2.573910891
10,0.2-4,2.055357544300182,1.981425743,2.097980198,-2.573910891
10,0.2-4,1.896361705741047,1.816306931,2.097980198,-2.573910891
10,0.2-4,1.4489582052165484,1.476356436,2.097980198,-2.573910891
10,0.2-4,0.8301283455421509,0.835306931,2.097980198,-2.573910891
10,0.2-4,0.3758148033393459,0.573059406,2.097980198,-2.573910891
10,0.2-4,-0.1331636611309325,0.067990099,2.097980198,-2.573910891
10,0.2-4,-0.4916555372680281,-0.213683168,2.097980198,-2.573910891
10,0.2-4,-0.8314593457036882,-0.563346535,2.097980198,-2.573910891
10,0.2-4,-1.2666174517240547,-0.913009901,2.097980198,-2.573910891
10,0.2-4,-1.744959319209734,-1.486069307,2.097980198,-2.573910891
10,0.2-4,-2.169960894986048,-1.932861386,2.097980198,-2.573910891
10,0.2-4,-2.4314278877430726,-2.214534653,2.097980198,-2.573910891
10,0.2-4,-2.5201711374554794,-2.428217822,2.097980198,-2.573910891
10,0.2-4,-1.996105831051158,-1.913435644,2.097980198,-2.573910891
10,0.2-4,-1.2377075137470892,-1.291811881,2.097980198,-2.573910891
10,0.2-4,-0.686715501977965,-0.854732673,2.097980198,-2.573910891
10,0.2-4,-0.3762454606238345,-0.670188119,2.097980198,-2.573910891
10,0.2-4,-0.2387886898122359,-0.592485149,2.097980198,-2.573910891
10,0.2-4,0.0536520311302144,-0.359376238,2.097980198,-2.573910891
10,0.2-4,0.4712909399558239,0.067990099,2.097980198,-2.573910891
10,0.2-4,0.9133792672751426,0.534207921,2.097980198,-2.573910891
10,0.2-4,1.624265889325068,1.272386139,2.097980198,-2.573910891
10,0.2-4,2.021758276583275,1.602623762,2.097980198,-2.573910891
10,0.2-4,2.1726931128117823,1.894009901,2.097980198,-2.573910891
10,0.2-4,2.194727306557288,1.952287129,2.097980198,-2.573910891
10,0.2-4,2.0393270339775813,1.864871287,2.097980198,-2.573910891
10,0.2-4,1.900302545599969,1.874584158,2.097980198,-2.573910891
10,0.2-4,1.4632164429540966,1.495782178,2.097980198,-2.573910891
10,0.2-4,0.8780110776436726,0.981,2.097980198,-2.573910891
10,0.2-4,0.372451383111717,0.592485149,2.097980198,-2.573910891
10,0.2-4,-0.1271329247934614,0.058277228,2.097980198,-2.573910891
10,0.2-4,-0.5441111456228523,-0.320524752,2.097980198,-2.573910891
10,0.2-4,-0.8943550960823665,-0.582772277,2.097980198,-2.573910891
10,0.2-4,-1.2607966566150353,-1.010138614,2.097980198,-2.573910891
10,0.2-4,-1.73646753149481,-1.388940594,2.097980198,-2.573910891
10,0.2-4,-2.146557209205169,-1.962,2.097980198,-2.573910891
10,0.2-4,-2.385710566177747,-2.156257426,2.097980198,-2.573910891
10,0.2-4,-2.587511871754877,-2.467069307,2.097980198,-2.573910891
10,0.2-4,-2.005511689206528,-1.913435644,2.097980198,-2.573910891
10,0.2-4,-1.2058122936946951,-1.28209901,2.097980198,-2.573910891
10,0.2-4,-0.6736393836398951,-0.767316832,2.097980198,-2.573910891
10,0.2-4,-0.3938878313929942,-0.718752475,2.097980198,-2.573910891
10,0.2-4,-0.2247922380398007,-0.60219802,2.097980198,-2.573910891
10,0.2-4,0.0206404762396359,-0.359376238,2.097980198,-2.573910891
10,0.2-4,0.46276686240396,0.106841584,2.097980198,-2.573910891
10,0.2-4,0.96197943995501,0.514782178,2.097980198,-2.573910891
10,0.2-4,1.6524580703559124,1.398653465,2.097980198,-2.573910891
10,0.2-4,2.008069273664685,1.544346535,2.097980198,-2.573910891
10,0.2-4,2.192473561691336,1.981425743,2.097980198,-2.573910891
10,0.2-4,2.1776041713748158,1.894009901,2.097980198,-2.573910891
10,0.2-4,2.104456744984105,1.903722772,2.097980198,-2.573910891
10,0.2-4,1.930515680833104,1.88429703,2.097980198,-2.573910891
10,0.2-4,1.4288109458010367,1.447217822,2.097980198,-2.573910891
10,0.2-4,0.8821258524753397,0.942148515,2.097980198,-2.573910891
10,0.2-4,0.3705782314497653,0.52449505,2.097980198,-2.573910891
10,0.2-4,-0.1685826362379206,0.07770297,2.097980198,-2.573910891
10,0.2-4,-0.5171017597280129,-0.213683168,2.097980198,-2.573910891
10,0.2-4,-0.8743003294957508,-0.466217822,2.097980198,-2.573910891
10,0.2-4,-1.2970146329875556,-1.068415842,2.097980198,-2.573910891
10,0.2-4,-1.765361978936643,-1.466643564,2.097980198,-2.573910891
10,0.2-4,-2.154842386731604,-1.952287129,2.097980198,-2.573910891
10,0.2-4,-2.445379565916491,-2.233960396,2.097980198,-2.573910891
10,0.2-4,-2.503878961310901,-2.505920792,2.097980198,-2.573910891
10,0.2-4,-1.9615153928990945,-1.835732673,2.097980198,-2.573910891
10,0.2-4,-1.1232174257466596,-1.272386139,2.097980198,-2.573910891
10,0.2-4,-0.6130923124494647,-0.786742574,2.097980198,-2.573910891
10,0.2-4,-0.3963284833591726,-0.738178218,2.097980198,-2.573910891
10,0.2-4,-0.2578779299573486,-0.563346535,2.097980198,-2.573910891
10,0.2-4,0.0085281718933254,-0.388514851,2.097980198,-2.573910891
10,0.2-4,0.4553648508328535,0.097128713,2.097980198,-2.573910891
10,0.2-4,1.0497750988147732,0.573059406,2.097980198,-2.573910891
10,0.2-4,1.691696188952715,1.369514851,2.097980198,-2.573910891
10,0.2-4,2.0725361369954336,1.670613861,2.097980198,-2.573910891
10,0.2-4,2.2255891370106715,1.913435644,2.097980198,-2.573910891
10,0.2-4,2.198265273386389,1.981425743,2.097980198,-2.573910891
10,0.2-4,2.0578243692015192,1.874584158,2.097980198,-2.573910891
10,0.2-4,1.9260167621751765,1.903722772,2.097980198,-2.573910891
10,0.2-4,1.4133835463786548,1.369514851,2.097980198,-2.573910891
10,0.2-4,0.8936252607077396,1.068415842,2.097980198,-2.573910891
10,0.2-4,0.382420956341039,0.543920792,2.097980198,-2.573910891
10,0.2-4,-0.1787265054785126,0.116554455,2.097980198,-2.573910891
10,0.2-4,-0.526641266163008,-0.320524752,2.097980198,-2.573910891
10,0.2-4,-0.9127704574382888,-0.543920792,2.097980198,-2.573910891
10,0.2-4,-1.3560266716108984,-1.116980198,2.097980198,-2.573910891
10,0.2-4,-1.800635446492162,-1.486069307,2.097980198,-2.573910891
10,0.2-4,-2.174616956490428,-1.981425743,2.097980198,-2.573910891
10,0.2-4,-2.408548010438734,-2.175683168,2.097980198,-2.573910891
10,0.2-4,-2.515782604073736,-2.573910891,2.097980198,-2.573910891
10,0.2-4,-1.9809428598598295,-1.845445545,2.097980198,-2.573910891
10,0.2-4,-1.1455169258320712,-1.262673267,2.097980198,-2.573910891
10,0.2-4,-0.609318443526284,-0.796455446,2.097980198,-2.573910891
10,0.2-4,-0.3722188036435059,-0.670188119,2.097980198,-2.573910891
10,0.2-4,-0.2284976633398894,-0.573059406,2.097980198,-2.573910891
10,0.2-4,0.0948605534227844,-0.271960396,2.097980198,-2.573910891
10,0.2-4,0.4549975566469452,0.07770297,2.097980198,-2.573910891
10,0.2-4,1.0334882580677711,0.573059406,2.097980198,-2.573910891
10,0.2-4,1.6878943383469251,1.311237624,2.097980198,-2.573910891
10,0.2-4,2.0362652199509323,1.641475248,2.097980198,-2.573910891
10,0.2-4,2.275909222290487,2.000851485,2.097980198,-2.573910891
10,0.2-4,2.167996768688324,2.000851485,2.097980198,-2.573910891
10,0.2-4,2.096962068780561,1.874584158,2.097980198,-2.573910891
10,0.2-4,1.9743882651572424,1.932861386,2.097980198,-2.573910891
10,0.2-4,1.4408622244949254,1.418079208,2.097980198,-2.573910891
10,0.2-4,0.8821399119107745,1.000425743,2.097980198,-2.573910891
10,0.2-4,0.321898931179217,0.446792079,2.097980198,-2.573910891
10,0.2-4,-0.1695921728631904,0.135980198,2.097980198,-2.573910891
10,0.2-4,-0.5461121075740818,-0.281673267,2.097980198,-2.573910891
10,0.2-4,-0.9022261343372736,-0.573059406,2.097980198,-2.573910891
10,0.2-4,-1.3383061044841449,-1.087841584,2.097980198,-2.573910891
10,0.2-4,-1.778200069246833,-1.476356436,2.097980198,-2.573910891
10,0.2-4,-2.1130145575106623,-1.913435644,2.097980198,-2.573910891
10,0.2-4,-2.435012000186312,-2.26309901,2.097980198,-2.573910891
10,0.2-4,-2.567995871655693,-2.447643564,2.097980198,-2.573910891
10,0.2-4,-1.932032652188304,-1.903722772,2.097980198,-2.573910891
10,0.2-4,-1.171392035605342,-1.243247525,2.097980198,-2.573910891
10,0.2-4,-0.6463486992877968,-0.777029703,2.097980198,-2.573910891
10,0.2-4,-0.3343317253913758,-0.641049505,2.097980198,-2.573910891
10,0.2-4,-0.2283607676712126,-0.60219802,2.097980198,-2.573910891
10,0.2-4,0.0578827121511528,-0.291386139,2.097980198,-2.573910891
10,0.2-4,0.539644139321473,0.067990099,2.097980198,-2.573910891
10,0.2-4,1.0185699957085417,0.641049505,2.097980198,-2.573910891
10,0.2-4,1.7079417418394134,1.28209901,2.097980198,-2.573910891
10,0.2-4,2.06912936834808,1.748316832,2.097980198,-2.573910891
10,0.2-4,2.2290915711817183,1.864871287,2.097980198,-2.573910891
10,0.2-4,2.1866203461297267,2.097980198,2.097980198,-2.573910891
10,0.2-4,2.1089394146293285,1.806594059,2.097980198,-2.573910891
10,0.2-4,1.9338603873576088,2.03970297,2.097980198,-2.573910891
10,0.2-4,1.4623053331483515,1.418079208,2.097980198,-2.573910891
10,0.2-4,0.8440579267899483,1.029564356,2.097980198,-2.573910891
10,0.2-4,0.224668243205906,0.45650495,2.097980198,-2.573910891
10,0.2-4,-0.2707290951629977,0.048564356,2.097980198,-2.573910891
10,0.2-4,-0.5421910159926498,-0.242821782,2.097980198,-2.573910891
10,0.2-4,-0.8978668628242586,-0.534207921,2.097980198,-2.573910891
10,0.2-4,-1.3669170496038774,-1.136405941,2.097980198,-2.573910891
10,0.2-4,-1.8580765441074216,-1.534633663,2.097980198,-2.573910891
10,0.2-4,-2.178551458016895,-2.03970297,2.097980198,-2.573910891
10,0.2-4,-2.4620502789383623,-2.321376238,2.097980198,-2.573910891
10,0.2-4,-2.5705557304218085,-2.467069307,2.097980198,-2.573910891
10,0.2-4,-1.939609737305181,-1.932861386,2.097980198,-2.573910891
10,0.2-4,-1.0793290012836076,-1.165544554,2.097980198,-2.573910891
10,0.2-4,-0.5580378946217694,-0.854732673,2.097980198,-2.573910891
10,0.2-4,-0.355130872363313,-0.573059406,2.097980198,-2.573910891
10,0.2-4,-0.2070005054966076,-0.689613861,2.097980198,-2.573910891
10,0.2-4,0.0840900920780247,-0.242821782,2.097980198,-2.573910891
10,0.2-4,0.5199353339220485,0.058277228,2.097980198,-2.573910891
10,0.2-4,1.0670953098995628,0.641049505,2.097980198,-2.573910891
10,0.2-4,1.711485680207469,1.320950495,2.097980198,-2.573910891
10,0.2-4,2.0818538060017797,1.777455446,2.097980198,-2.573910891
10,0.2-4,2.2535143477168798,1.923148515,2.097980198,-2.573910891
10,0.2-4,2.183607790859186,1.991138614,2.097980198,-2.573910891
10,0.2-4,2.0654500901542177,1.942574257,2.097980198,-2.573910891
10,0.2-4,1.9677149159241931,1.913435644,2.097980198,-2.573910891
10,0.2-4,1.391673338804488,1.427792079,2.097980198,-2.573910891
10,0.2-4,0.798052663703782,0.961574257,2.097980198,-2.573910891
10,0.2-4,0.2457490766091016,0.437079208,2.097980198,-2.573910891
10,0.2-4,-0.2769000158483303,0.038851485,2.097980198,-2.573910891
10,0.2-4,-0.5348306587754488,-0.22339604,2.097980198,-2.573910891
10,0.2-4,-0.935641446853848,-0.621623762,2.097980198,-2.573910891
10,0.2-4,-1.3690903642383434,-1.039277228,2.097980198,-2.573910891
10,0.2-4,-1.8590821615201607,-1.602623762,2.097980198,-2.573910891
10,0.2-4,-2.1913141247953525,-1.962,2.097980198,-2.573910891
10,0.2-4,-2.5210955873069145,-2.447643564,2.097980198,-2.573910891
10,0.2-4,-2.5991350535390234,-2.428217822,2.097980198,-2.573910891
10,0.2-4,-1.8758366859900708,-1.952287129,2.097980198,-2.573910891
10,0.2-4,-1.0968052385284568,-1.175257426,2.097980198,-2.573910891
10,0.2-4,-0.5655568267406038,-0.825594059,2.097980198,-2.573910891
10,0.2-4,-0.3284711267189188,-0.573059406,2.097980198,-2.573910891
10,0.2-4,-0.1610916856952878,-0.650762376,2.097980198,-2.573910891
10,0.2-4,0.0674951873858914,-0.281673267,2.097980198,-2.573910891
10,0.2-4,0.5076998067616243,0.116554455,2.097980198,-2.573910891
10,0.2-4,1.0777113017976332,0.660475248,2.097980198,-2.573910891
10,0.2-4,1.7010150988293289,1.252960396,2.097980198,-2.573910891
10,0.2-4,2.11197596246814,1.748316832,2.097980198,-2.573910891
10,0.2-4,2.285913375422988,1.903722772,2.097980198,-2.573910891
10,0.2-4,2.1964135779036904,2.010564356,2.097980198,-2.573910891
10,0.2-4,2.087144954393993,1.913435644,2.097980198,-2.573910891
10,0.2-4,1.949459385738983,1.923148515,2.097980198,-2.573910891
10,0.2-4,1.420675726668441,1.369514851,2.097980198,-2.573910891
10,0.2-4,0.7749681338159152,0.990712871,2.097980198,-2.573910891
10,0.2-4,0.2044895555182844,0.466217822,2.097980198,-2.573910891
10,0.2-4,-0.3547625174184851,-0.048564356,2.097980198,-2.573910891
10,0.2-4,-0.7019666356050416,-0.339950495,2.097980198,-2.573910891
10,0.2-4,-1.1462374895497047,-0.854732673,2.097980198,-2.573910891
10,0.2-4,-1.698187944835578,-1.350089109,2.097980198,-2.573910891
10,0.2-4,-1.9490135646357185,-1.680326733,2.097980198,-2.573910891
10,0.2-4,-2.17644559135108,-1.942574257,2.097980198,-2.573910891
10,0.2-4,-2.4546395536134766,-2.321376238,2.097980198,-2.573910891
10,0.2-4,-2.2167613002386006,-2.088267327,2.097980198,-2.573910891
10,0.2-4,-1.3854142506809597,-1.50549505,2.097980198,-2.573910891
10,0.2-4,-0.625282552270209,-0.75760396,2.097980198,-2.573910891
10,0.2-4,-0.2092703828469536,-0.475930693,2.097980198,-2.573910891
10,0.2-4,-0.0646126784655289,-0.369089109,2.097980198,-2.573910891
10,0.2-4,0.0319268809800923,-0.330237624,2.097980198,-2.573910891
10,0.2-4,0.2835362043972856,0.0,2.097980198,-2.573910891
10,0.2-4,0.6203216416492178,0.281673267,2.097980198,-2.573910891
10,0.2-4,1.181093128834435,0.815881188,2.097980198,-2.573910891
10,0.2-4,1.5997571025766557,1.223821782,2.097980198,-2.573910891
10,0.2-4,1.6168820864268731,1.301524752,2.097980198,-2.573910891
10,0.2-4,1.5276597093176212,1.272386139,2.097980198,-2.573910891
10,0.2-4,1.4400885329786894,1.175257426,2.097980198,-2.573910891
10,0.2-4,1.2617974898803783,1.175257426,2.097980198,-2.573910891
10,0.2-4,1.158370933823498,1.068415842,2.097980198,-2.573910891
10,0.2-4,0.7508845191964244,0.786742574,2.097980198,-2.573910891
10,0.2-4,0.1091006362483452,0.184544554,2.097980198,-2.573910891
10,0.2-4,-0.2958092046162136,-0.135980198,2.097980198,-2.573910891
10,0.2-4,-0.5107973515457304,-0.37880198,2.097980198,-2.573910891
10,0.2-4,-0.7250558553278214,-0.485643564,2.097980198,-2.573910891
10,0.2-4,-0.790765642716341,-0.738178218,2.097980198,-2.573910891
10,0.2-4,-1.0264684507490862,-0.767316832,2.097980198,-2.573910891
10,0.2-4,-1.165953528129998,-1.087841584,2.097980198,-2.573910891
10,0.2-4,-1.356363209922103,-1.243247525,2.097980198,-2.573910891
10,0.2-4,-1.153039252308559,-1.126693069,2.097980198,-2.573910891
10,0.2-4,-0.723199658552255,-0.660475248,2.097980198,-2.573910891
10,0.2-4,-0.3213505667679411,-0.369089109,2.097980198,-2.573910891
10,0.2-4,-0.0396117588957507,-0.07770297,2.097980198,-2.573910891
10,0.2-4,0.018239461916336,-0.116554455,2.097980198,-2.573910891
10,0.2-4,0.0175202045805725,-0.087415842,2.097980198,-2.573910891
10,0.2-4,0.1257821208821889,-0.019425743,2.097980198,-2.573910891
10,0.2-4,0.348430647495777,0.233108911,2.097980198,-2.573910891
10,0.2-4,0.5483283045243225,0.407940594,2.097980198,-2.573910891
10,0.2-4,0.6432246619358674,0.52449505,2.097980198,-2.573910891
10,0.2-4,0.6311740831283496,0.505069307,2.097980198,-2.573910891
10,0.2-4,0.5220917228575066,0.388514851,2.097980198,-2.573910891
10,0.2-4,0.3991065585854343,0.30109901,2.097980198,-2.573910891
10,0.2-4,0.3350053613531807,0.262247525,2.097980198,-2.573910891
10,0.2-4,0.2247719391602178,0.155405941,2.097980198,-2.573910891
10,0.2-4,0.0455221233329931,-0.048564356,2.097980198,-2.573910891
10,0.2-4,-0.1208548135324178,-0.106841584,2.097980198,-2.573910891
10,0.2-4,-0.2248163755395871,-0.310811881,2.097980198,-2.573910891
10,0.2-4,-0.3026737602896339,-0.359376238,2.097980198,-2.573910891
10,0.2-4,-0.2684777631791283,-0.320524752,2.097980198,-2.573910891
10,0.2-4,-0.1559960397325774,-0.135980198,2.097980198,-2.573910891
10,0.2-4,-0.023097653764907,-0.126267327,2.097980198,-2.573910891
10,0.2-4,0.0165502765327392,-0.048564356,2.097980198,-2.573910891
10,0.2-4,-0.0080481356872496,-0.058277228,2.097980198,-2.573910891
10,0.2-4,-0.0326394169681247,-0.058277228,2.097980198,-2.573910891
10,0.2-4,-0.0206061750683979,-0.07770297,2.097980198,-2.573910891
10,0.2-4,-0.0321930463976626,-0.029138614,2.097980198,-2.573910891
10,0.2-4,-0.0082692662417196,-0.048564356,2.097980198,-2.573910891
10,0.2-4,-0.0064389861495315,-0.058277228,2.097980198,-2.573910891
10,0.2-4,-0.0100691720727166,-0.087415842,2.097980198,-2.573910891
10,0.2-4,-0.0042506305275598,-0.058277228,2.097980198,-2.573910891
10,0.2-4,-0.0118921569540666,-0.067990099,2.097980198,-2.573910891
10,0.2-4,-0.0289021593396199,-0.038851485,2.097980198,-2.573910891
8,0.2-6.4,0.0127241467382971,-0.019425743,1.787168317,-2.272811881
8,0.2-6.4,-0.0005417655261352,-0.097128713,1.787168317,-2.272811881
8,0.2-6.4,0.0120002286364534,-0.048564356,1.787168317,-2.272811881
8,0.2-6.4,-0.0051336849406367,-0.048564356,1.787168317,-2.272811881
8,0.2-6.4,0.0076973542730129,-0.009712871,1.787168317,-2.272811881
8,0.2-6.4,-0.0057214497519805,-0.038851485,1.787168317,-2.272811881
8,0.2-6.4,0.1010600611870919,0.067990099,1.787168317,-2.272811881
8,0.2-6.4,0.1698821086424098,0.116554455,1.787168317,-2.272811881
8,0.2-6.4,0.1326228986394426,0.048564356,1.787168317,-2.272811881
8,0.2-6.4,-0.0127951619000146,-0.213683168,1.787168317,-2.272811881
8,0.2-6.4,-0.2765940022867806,-0.466217822,1.787168317,-2.272811881
8,0.2-6.4,-0.4286969221434679,-0.534207921,1.787168317,-2.272811881
8,0.2-6.4,-0.4682556968367969,-0.573059406,1.787168317,-2.272811881
8,0.2-6.4,-0.3864902797255019,-0.233108911,1.787168317,-2.272811881
8,0.2-6.4,-0.1141687902174894,-0.106841584,1.787168317,-2.272811881
8,0.2-6.4,0.1532376291051348,0.271960396,1.787168317,-2.272811881
8,0.2-6.4,0.4650631817839631,0.514782178,1.787168317,-2.272811881
8,0.2-6.4,0.7370643269212594,0.777029703,1.787168317,-2.272811881
8,0.2-6.4,0.8222682633650671,0.786742574,1.787168317,-2.272811881
8,0.2-6.4,0.8247302652978075,0.718752475,1.787168317,-2.272811881
8,0.2-6.4,0.7237381990592411,0.563346535,1.787168317,-2.272811881
8,0.2-6.4,0.3143990438588204,0.058277228,1.787168317,-2.272811881
8,0.2-6.4,-0.1849775400940544,-0.495356436,1.787168317,-2.272811881
8,0.2-6.4,-0.7558883472421519,-0.990712871,1.787168317,-2.272811881
8,0.2-6.4,-1.350711637906253,-1.602623762,1.787168317,-2.272811881
8,0.2-6.4,-1.4377810664961743,-1.379227723,1.787168317,-2.272811881
8,0.2-6.4,-1.089966750455513,-0.981,1.787168317,-2.272811881
8,0.2-6.4,-0.6453472402233619,-0.543920792,1.787168317,-2.272811881
8,0.2-6.4,-0.2860342230318572,-0.165118812,1.787168317,-2.272811881
8,0.2-6.4,-0.0312326580079541,-0.009712871,1.787168317,-2.272811881
8,0.2-6.4,0.2823380424093072,0.514782178,1.787168317,-2.272811881
8,0.2-6.4,0.7472428562122468,0.874158416,1.787168317,-2.272811881
8,0.2-6.4,1.397226079572007,1.602623762,1.787168317,-2.272811881
8,0.2-6.4,1.6105108634692515,1.447217822,1.787168317,-2.272811881
8,0.2-6.4,1.5656687783648102,1.544346535,1.787168317,-2.272811881
8,0.2-6.4,1.2714083755584145,0.913009901,1.787168317,-2.272811881
8,0.2-6.4,0.5729378048637025,0.184544554,1.787168317,-2.272811881
8,0.2-6.4,-0.1738159352988446,-0.573059406,1.787168317,-2.272811881
8,0.2-6.4,-0.7398427864074236,-1.136405941,1.787168317,-2.272811881
8,0.2-6.4,-1.3851432279786104,-1.709465347,1.787168317,-2.272811881
8,0.2-6.4,-1.966221416276773,-2.272811881,1.787168317,-2.272811881
8,0.2-6.4,-2.094223146212152,-1.816306931,1.787168317,-2.272811881
8,0.2-6.4,-1.4054742094092605,-0.922722772,1.787168317,-2.272811881
8,0.2-6.4,-0.5495777173902998,-0.194257426,1.787168317,-2.272811881
8,0.2-6.4,-0.1210736893318989,-0.048564356,1.787168317,-2.272811881
8,0.2-6.4,0.14000543407993,0.330237624,1.787168317,-2.272811881
8,0.2-6.4,0.5619685839380383,0.893584158,1.787168317,-2.272811881
8,0.2-6.4,1.2101967657480586,1.573485149,1.787168317,-2.272811881
8,0.2-6.4,1.745213665024439,1.699752475,1.787168317,-2.272811881
8,0.2-6.4,1.7417570905128494,1.476356436,1.787168317,-2.272811881
8,0.2-6.4,1.5155993565911638,1.214108911,1.787168317,-2.272811881
8,0.2-6.4,1.1271300507648987,0.543920792,1.787168317,-2.272811881
8,0.2-6.4,0.3274736989329533,-0.271960396,1.787168317,-2.272811881
8,0.2-6.4,-0.4387099008271582,-0.786742574,1.787168317,-2.272811881
8,0.2-6.4,-0.915453817369017,-1.35980198,1.787168317,-2.272811881
8,0.2-6.4,-1.4484071971431347,-1.826019802,1.787168317,-2.272811881
8,0.2-6.4,-1.9669122908450865,-2.146544554,1.787168317,-2.272811881
8,0.2-6.4,-1.9855101914275983,-1.534633663,1.787168317,-2.272811881
8,0.2-6.4,-1.2466772614516974,-0.582772277,1.787168317,-2.272811881
8,0.2-6.4,-0.4488098337012728,-0.126267327,1.787168317,-2.272811881
8,0.2-6.4,-0.0333704070073994,0.203970297,1.787168317,-2.272811881
8,0.2-6.4,0.2655835167533042,0.475930693,1.787168317,-2.272811881
8,0.2-6.4,0.6927088026909667,1.252960396,1.787168317,-2.272811881
8,0.2-6.4,1.3544609279002795,1.622049505,1.787168317,-2.272811881
8,0.2-6.4,1.7153144402874845,1.73860396,1.787168317,-2.272811881
8,0.2-6.4,1.673753047823277,1.350089109,1.787168317,-2.272811881
8,0.2-6.4,1.4628623447562323,1.039277228,1.787168317,-2.272811881
8,0.2-6.4,0.9125251731435952,0.174831683,1.787168317,-2.272811881
8,0.2-6.4,0.2001520573183277,-0.45650495,1.787168317,-2.272811881
8,0.2-6.4,-0.4354329761123718,-0.932435644,1.787168317,-2.272811881
8,0.2-6.4,-0.8889728075137372,-1.495782178,1.787168317,-2.272811881
8,0.2-6.4,-1.490131827736194,-2.165970297,1.787168317,-2.272811881
8,0.2-6.4,-2.085388922425712,-1.991138614,1.787168317,-2.272811881
8,0.2-6.4,-1.881049014641832,-1.116980198,1.787168317,-2.272811881
8,0.2-6.4,-0.9692365158135164,-0.310811881,1.787168317,-2.272811881
8,0.2-6.4,-0.3069885844563827,-0.038851485,1.787168317,-2.272811881
8,0.2-6.4,0.044812327608942,0.213683168,1.787168317,-2.272811881
8,0.2-6.4,0.3379523356410909,0.728465347,1.787168317,-2.272811881
8,0.2-6.4,0.9184035998037066,1.50549505,1.787168317,-2.272811881
8,0.2-6.4,1.5648159168980973,1.777455446,1.787168317,-2.272811881
8,0.2-6.4,1.7799250671385238,1.592910891,1.787168317,-2.272811881
8,0.2-6.4,1.6626552142292923,1.35980198,1.787168317,-2.272811881
8,0.2-6.4,1.3342154065986715,0.631336634,1.787168317,-2.272811881
8,0.2-6.4,0.5917521195134416,-0.135980198,1.787168317,-2.272811881
8,0.2-6.4,-0.1795386663675404,-0.67990099,1.787168317,-2.272811881
8,0.2-6.4,-0.7382668024498326,-1.126693069,1.787168317,-2.272811881
8,0.2-6.4,-1.270108178983727,-1.709465347,1.787168317,-2.272811881
8,0.2-6.4,-1.8107230874308549,-2.029990099,1.787168317,-2.272811881
8,0.2-6.4,-1.9906865199292336,-1.777455446,1.787168317,-2.272811881
8,0.2-6.4,-1.3626345518060952,-0.825594059,1.787168317,-2.272811881
8,0.2-6.4,-0.5441582911139783,-0.242821782,1.787168317,-2.272811881
8,0.2-6.4,-0.0754947500681474,0.097128713,1.787168317,-2.272811881
8,0.2-6.4,0.2057696679521047,0.37880198,1.787168317,-2.272811881
8,0.2-6.4,0.683067188144975,0.961574257,1.787168317,-2.272811881
8,0.2-6.4,1.3891919550879734,1.66090099,1.787168317,-2.272811881
8,0.2-6.4,1.730784151860616,1.631762376,1.787168317,-2.272811881
8,0.2-6.4,1.668596339345961,1.534633663,1.787168317,-2.272811881
8,0.2-6.4,1.4214185902016978,1.087841584,1.787168317,-2.272811881
8,0.2-6.4,0.80427236388756,0.446792079,1.787168317,-2.272811881
8,0.2-6.4,0.0213412512140322,-0.37880198,1.787168317,-2.272811881
8,0.2-6.4,-0.5067130943279676,-0.777029703,1.787168317,-2.272811881
8,0.2-6.4,-0.9449929884316902,-1.311237624,1.787168317,-2.272811881
8,0.2-6.4,-1.4601867517986666,-1.748316832,1.787168317,-2.272811881
8,0.2-6.4,-2.05634364631774,-2.26309901,1.787168317,-2.272811881
8,0.2-6.4,-1.994370881090601,-1.495782178,1.787168317,-2.272811881
8,0.2-6.4,-1.0235735475902077,-0.563346535,1.787168317,-2.272811881
8,0.2-6.4,-0.2221598719778428,-0.029138614,1.787168317,-2.272811881
8,0.2-6.4,0.1071488629086318,0.203970297,1.787168317,-2.272811881
8,0.2-6.4,0.3627154249256951,0.582772277,1.787168317,-2.272811881
8,0.2-6.4,0.9642911561360186,1.233534653,1.787168317,-2.272811881
8,0.2-6.4,1.618106622043779,1.699752475,1.787168317,-2.272811881
8,0.2-6.4,1.7798240707220396,1.592910891,1.787168317,-2.272811881
8,0.2-6.4,1.6378622765656057,1.398653465,1.787168317,-2.272811881
8,0.2-6.4,1.2994508787751151,0.90329703,1.787168317,-2.272811881
8,0.2-6.4,0.5098317113914633,0.029138614,1.787168317,-2.272811881
8,0.2-6.4,-0.2717639932375199,-0.553633663,1.787168317,-2.272811881
8,0.2-6.4,-0.8007851512442126,-1.097554455,1.787168317,-2.272811881
8,0.2-6.4,-1.2595374224788602,-1.43750495,1.787168317,-2.272811881
8,0.2-6.4,-1.7857657410376142,-2.156257426,1.787168317,-2.272811881
8,0.2-6.4,-1.9836423506005163,-1.835732673,1.787168317,-2.272811881
8,0.2-6.4,-1.4714794755376603,-1.155831683,1.787168317,-2.272811881
8,0.2-6.4,-0.630524950470662,-0.339950495,1.787168317,-2.272811881
8,0.2-6.4,-0.0946260830024807,0.019425743,1.787168317,-2.272811881
8,0.2-6.4,0.2232041300321595,0.398227723,1.787168317,-2.272811881
8,0.2-6.4,0.6307046116607598,0.835306931,1.787168317,-2.272811881
8,0.2-6.4,1.2260951139820857,1.418079208,1.787168317,-2.272811881
8,0.2-6.4,1.7236875424044755,1.777455446,1.787168317,-2.272811881
8,0.2-6.4,1.6865828115358426,1.476356436,1.787168317,-2.272811881
8,0.2-6.4,1.4973534006213958,1.330663366,1.787168317,-2.272811881
8,0.2-6.4,1.0026007956183116,0.514782178,1.787168317,-2.272811881
8,0.2-6.4,0.1227477013300585,-0.145693069,1.787168317,-2.272811881
8,0.2-6.4,-0.4674547668038411,-0.747891089,1.787168317,-2.272811881
8,0.2-6.4,-0.8853553690923761,-1.136405941,1.787168317,-2.272811881
8,0.2-6.4,-1.4024547289772862,-1.777455446,1.787168317,-2.272811881
8,0.2-6.4,-2.011781809616819,-2.233960396,1.787168317,-2.272811881
8,0.2-6.4,-1.930015953575264,-1.66090099,1.787168317,-2.272811881
8,0.2-6.4,-1.1433307297879254,-0.728465347,1.787168317,-2.272811881
8,0.2-6.4,-0.3799139648750673,-0.174831683,1.787168317,-2.272811881
8,0.2-6.4,-0.0032001986788745,0.165118812,1.787168317,-2.272811881
8,0.2-6.4,0.2670159410744359,0.359376238,1.787168317,-2.272811881
8,0.2-6.4,0.7190185635718452,1.136405941,1.787168317,-2.272811881
8,0.2-6.4,1.3855694796161553,1.573485149,1.787168317,-2.272811881
8,0.2-6.4,1.7788728746124745,1.73860396,1.787168317,-2.272811881
8,0.2-6.4,1.6957278320877156,1.408366337,1.787168317,-2.272811881
8,0.2-6.4,1.4550331957017373,1.05870297,1.787168317,-2.272811881
8,0.2-6.4,0.9269690030405752,0.330237624,1.787168317,-2.272811881
8,0.2-6.4,0.1563082370625892,-0.475930693,1.787168317,-2.272811881
8,0.2-6.4,-0.463255084603163,-0.883871287,1.787168317,-2.272811881
8,0.2-6.4,-0.9856059371010212,-1.476356436,1.787168317,-2.272811881
8,0.2-6.4,-1.5144028679087225,-1.874584158,1.787168317,-2.272811881
8,0.2-6.4,-1.9514410671259037,-2.117405941,1.787168317,-2.272811881
8,0.2-6.4,-1.7724728338702584,-1.233534653,1.787168317,-2.272811881
8,0.2-6.4,-0.9423454968142928,-0.52449505,1.787168317,-2.272811881
8,0.2-6.4,-0.2340990313227591,-0.029138614,1.787168317,-2.272811881
8,0.2-6.4,0.121941964558824,0.271960396,1.787168317,-2.272811881
8,0.2-6.4,0.5203207023836295,0.631336634,1.787168317,-2.272811881
8,0.2-6.4,1.130604007264728,1.28209901,1.787168317,-2.272811881
8,0.2-6.4,1.6643614741126194,1.631762376,1.787168317,-2.272811881
8,0.2-6.4,1.7103186390653395,1.641475248,1.787168317,-2.272811881
8,0.2-6.4,1.53761077809165,1.369514851,1.787168317,-2.272811881
8,0.2-6.4,1.1165325196934444,0.883871287,1.787168317,-2.272811881
8,0.2-6.4,0.3299544881921201,-0.029138614,1.787168317,-2.272811881
8,0.2-6.4,-0.3322456802878761,-0.563346535,1.787168317,-2.272811881
8,0.2-6.4,-0.7871763409807047,-0.990712871,1.787168317,-2.272811881
8,0.2-6.4,-1.2822782361670395,-1.554059406,1.787168317,-2.272811881
8,0.2-6.4,-1.897491129478535,-2.195108911,1.787168317,-2.272811881
8,0.2-6.4,-2.04331970372308,-1.874584158,1.787168317,-2.272811881
8,0.2-6.4,-1.370529006493596,-0.981,1.787168317,-2.272811881
8,0.2-6.4,-0.5605999239958455,-0.252534653,1.787168317,-2.272811881
8,0.2-6.4,-0.0263831194689656,0.029138614,1.787168317,-2.272811881
8,0.2-6.4,0.2512144185788286,0.37880198,1.787168317,-2.272811881
8,0.2-6.4,0.709585656124559,0.864445545,1.787168317,-2.272811881
8,0.2-6.4,1.3725772715860958,1.515207921,1.787168317,-2.272811881
8,0.2-6.4,1.7441364590757475,1.670613861,1.787168317,-2.272811881
8,0.2-6.4,1.7174628123675026,1.641475248,1.787168317,-2.272811881
8,0.2-6.4,1.5071511700759148,1.20439604,1.787168317,-2.272811881
8,0.2-6.4,0.9242808550850768,0.495356436,1.787168317,-2.272811881
8,0.2-6.4,0.1214891000971706,-0.30109901,1.787168317,-2.272811881
8,0.2-6.4,-0.4582699279129329,-0.796455446,1.787168317,-2.272811881
8,0.2-6.4,-0.9713452224986748,-1.272386139,1.787168317,-2.272811881
8,0.2-6.4,-1.4508318082285896,-1.874584158,1.787168317,-2.272811881
8,0.2-6.4,-1.940959775678036,-1.962,1.787168317,-2.272811881
8,0.2-6.4,-1.8521566238347968,-1.534633663,1.787168317,-2.272811881
8,0.2-6.4,-1.1673973042460313,-0.718752475,1.787168317,-2.272811881
8,0.2-6.4,-0.4459724360918066,-0.22339604,1.787168317,-2.272811881
8,0.2-6.4,-0.0221648680528162,0.203970297,1.787168317,-2.272811881
8,0.2-6.4,0.3040334042823314,0.534207921,1.787168317,-2.272811881
8,0.2-6.4,0.8431768864525933,1.194683168,1.787168317,-2.272811881
8,0.2-6.4,1.4559083987853847,1.58319802,1.787168317,-2.272811881
8,0.2-6.4,1.6933224508374067,1.554059406,1.787168317,-2.272811881
8,0.2-6.4,1.6145173366437635,1.534633663,1.787168317,-2.272811881
8,0.2-6.4,1.356714971673562,1.068415842,1.787168317,-2.272811881
8,0.2-6.4,0.6896920394624763,0.233108911,1.787168317,-2.272811881
8,0.2-6.4,-0.1831764436367529,-0.514782178,1.787168317,-2.272811881
8,0.2-6.4,-0.6663425092401117,-0.90329703,1.787168317,-2.272811881
8,0.2-6.4,-1.1851261728716374,-1.43750495,1.787168317,-2.272811881
8,0.2-6.4,-1.808596546675245,-2.107693069,1.787168317,-2.272811881
8,0.2-6.4,-2.07148231986085,-2.059128713,1.787168317,-2.272811881
8,0.2-6.4,-1.2935750939378554,-1.175257426,1.787168317,-2.272811881
8,0.2-6.4,-0.4550721109396028,-0.437079208,1.787168317,-2.272811881
8,0.2-6.4,-0.0053763827351342,0.067990099,1.787168317,-2.272811881
8,0.2-6.4,0.2788811969812332,0.145693069,1.787168317,-2.272811881
8,0.2-6.4,0.8255221358063318,0.728465347,1.787168317,-2.272811881
8,0.2-6.4,1.4667484773721786,1.350089109,1.787168317,-2.272811881
8,0.2-6.4,1.7509891870828187,1.787168317,1.787168317,-2.272811881
8,0.2-6.4,1.6567456856032765,1.476356436,1.787168317,-2.272811881
8,0.2-6.4,1.420237565412088,1.408366337,1.787168317,-2.272811881
8,0.2-6.4,0.6511224292367981,0.67990099,1.787168317,-2.272811881
8,0.2-6.4,-0.1544020993627073,-0.135980198,1.787168317,-2.272811881
8,0.2-6.4,-0.6842358315818441,-0.709039604,1.787168317,-2.272811881
8,0.2-6.4,-1.1736479674954656,-1.155831683,1.787168317,-2.272811881
8,0.2-6.4,-1.7054851964544246,-1.554059406,1.787168317,-2.272811881
8,0.2-6.4,-2.009455988996983,-2.146544554,1.787168317,-2.272811881
8,0.2-6.4,-1.5655092183134494,-1.670613861,1.787168317,-2.272811881
8,0.2-6.4,-0.8305252005216412,-1.048990099,1.787168317,-2.272811881
8,0.2-6.4,-0.1691895574000216,-0.252534653,1.787168317,-2.272811881
8,0.2-6.4,0.2104045654566364,0.07770297,1.787168317,-2.272811881
8,0.2-6.4,0.6192189704228669,0.475930693,1.787168317,-2.272811881
8,0.2-6.4,1.2320119840183483,0.981,1.787168317,-2.272811881
8,0.2-6.4,1.702103579754721,1.544346535,1.787168317,-2.272811881
8,0.2-6.4,1.687050347649048,1.66090099,1.787168317,-2.272811881
8,0.2-6.4,1.5222065838114514,1.534633663,1.787168317,-2.272811881
8,0.2-6.4,1.0720009295914843,1.214108911,1.787168317,-2.272811881
8,0.2-6.4,0.1992259482046573,0.407940594,1.787168317,-2.272811881
8,0.2-6.4,-0.4234469327025429,-0.359376238,1.787168317,-2.272811881
8,0.2-6.4,-0.8872580247066281,-0.806168317,1.787168317,-2.272811881
8,0.2-6.4,-1.4117159827840966,-1.340376238,1.787168317,-2.272811881
8,0.2-6.4,-1.984216504788444,-1.826019802,1.787168317,-2.272811881
8,0.2-6.4,-1.911297540568213,-2.204821782,1.787168317,-2.272811881
8,0.2-6.4,-1.0406069913010747,-1.495782178,1.787168317,-2.272811881
8,0.2-6.4,-0.3579519416077514,-0.534207921,1.787168317,-2.272811881
8,0.2-6.4,0.0379632319805986,-0.135980198,1.787168317,-2.272811881
8,0.2-6.4,0.3665431800037795,0.242821782,1.787168317,-2.272811881
8,0.2-6.4,0.8893507549406163,0.505069307,1.787168317,-2.272811881
8,0.2-6.4,1.6013268414574229,1.320950495,1.787168317,-2.272811881
8,0.2-6.4,1.6826438857311026,1.680326733,1.787168317,-2.272811881
8,0.2-6.4,1.5160822701209464,1.388940594,1.787168317,-2.272811881
8,0.2-6.4,1.4386310092466996,1.515207921,1.787168317,-2.272811881
8,0.2-6.4,0.4248860931761411,1.165544554,1.787168317,-2.272811881
8,0.2-6.4,-0.4319475667311731,0.0,1.787168317,-2.272811881
8,0.2-6.4,-0.9903134181833908,-0.718752475,1.787168317,-2.272811881
8,0.2-6.4,-1.3589942067931362,-1.233534653,1.787168317,-2.272811881
8,0.2-6.4,-1.6636548185833813,-1.524920792,1.787168317,-2.272811881
8,0.2-6.4,-1.6748884562844746,-1.826019802,1.787168317,-2.272811881
8,0.2-6.4,-1.096444039132228,-1.515207921,1.787168317,-2.272811881
8,0.2-6.4,-0.3296040667537409,-0.718752475,1.787168317,-2.272811881
8,0.2-6.4,0.0966045987682137,-0.097128713,1.787168317,-2.272811881
8,0.2-6.4,0.3170876271789049,0.242821782,1.787168317,-2.272811881
8,0.2-6.4,0.5662908097624194,0.398227723,1.787168317,-2.272811881
8,0.2-6.4,0.9312560631958278,0.767316832,1.787168317,-2.272811881
8,0.2-6.4,1.1144872375300223,1.010138614,1.787168317,-2.272811881
8,0.2-6.4,0.997220966465504,1.068415842,1.787168317,-2.272811881
8,0.2-6.4,0.739962630494402,0.75760396,1.787168317,-2.272811881
8,0.2-6.4,0.5215017705229938,0.631336634,1.787168317,-2.272811881
8,0.2-6.4,0.0187598085906736,0.242821782,1.787168317,-2.272811881
8,0.2-6.4,-0.3844668178985041,-0.233108911,1.787168317,-2.272811881
8,0.2-6.4,-0.6661758092234856,-0.543920792,1.787168317,-2.272811881
8,0.2-6.4,-1.0103599639887644,-0.90329703,1.787168317,-2.272811881
8,0.2-6.4,-0.8962309558244742,-1.155831683,1.787168317,-2.272811881
8,0.2-6.4,-0.434852726205895,-0.796455446,1.787168317,-2.272811881
8,0.2-6.4,-0.1731658747451462,-0.291386139,1.787168317,-2.272811881
8,0.2-6.4,0.0147990553419163,-0.145693069,1.787168317,-2.272811881
8,0.2-6.4,0.1246502783581886,0.058277228,1.787168317,-2.272811881
8,0.2-6.4,0.3326647000363729,0.135980198,1.787168317,-2.272811881
8,0.2-6.4,0.414018252138648,0.398227723,1.787168317,-2.272811881
8,0.2-6.4,0.4199730133667352,0.310811881,1.787168317,-2.272811881
8,0.2-6.4,0.225396341304554,0.330237624,1.787168317,-2.272811881
8,0.2-6.4,0.0679274850318265,0.097128713,1.787168317,-2.272811881
8,0.2-6.4,-0.0566741894728088,0.0,1.787168317,-2.272811881
8,0.2-6.4,-0.087370374622862,-0.165118812,1.787168317,-2.272811881
8,0.2-6.4,-0.0584226943611616,-0.097128713,1.787168317,-2.272811881
8,0.2-6.4,-0.0294655314648766,-0.145693069,1.787168317,-2.272811881
8,0.2-6.4,-0.008719802723497,-0.029138614,1.787168317,-2.272811881
8,0.2-6.4,-0.0271394576016712,-0.116554455,1.787168317,-2.272811881
8,0.2-6.4,-0.0505578245292568,-0.097128713,1.787168317,-2.272811881
8,0.2-6.4,-0.0206417650087699,-0.106841584,1.787168317,-2.272811881
8,0.2-6.4,-0.0137762771846889,-0.07770297,1.787168317,-2.272811881
8,0.2-6.4,-0.0040868702561632,-0.019425743,1.787168317,-2.272811881
8,0.2-6.4,0.005379017219796,-0.029138614,1.787168317,-2.272811881
8,0.2-6.4,-0.0120360481225808,0.009712871,1.787168317,-2.272811881
8,0.2-6.4,-0.0062014840519178,-0.126267327,1.787168317,-2.272811881
8,0.2-6.4,-0.0013396764190524,-0.009712871,1.787168317,-2.272811881
8,0.2-6.4,-0.0066935968305867,-0.07770297,1.787168317,-2.272811881
9,0.2-6.4,0.0260790960848056,-0.019425743,1.787168317,-2.272811881
9,0.2-6.4,0.0306442950848056,-0.097128713,1.787168317,-2.272811881
9,0.2-6.4,0.1290354590848056,-0.048564356,1.787168317,-2.272811881
9,0.2-6.4,-0.0235161659151943,-0.048564356,1.787168317,-2.272811881
9,0.2-6.4,0.0260790960848056,-0.009712871,1.787168317,-2.272811881
9,0.2-6.4,0.0306442950848056,-0.038851485,1.787168317,-2.272811881
9,0.2-6.4,0.1290354590848056,0.067990099,1.787168317,-2.272811881
9,0.2-6.4,0.1781116210848056,0.116554455,1.787168317,-2.272811881
9,0.2-6.4,0.1122647100848056,0.048564356,1.787168317,-2.272811881
9,0.2-6.4,-0.0986235889151943,-0.213683168,1.787168317,-2.272811881
9,0.2-6.4,-0.3574711629151944,-0.466217822,1.787168317,-2.272811881
9,0.2-6.4,-0.4782003069151943,-0.534207921,1.787168317,-2.272811881
9,0.2-6.4,-0.4971500439151943,-0.573059406,1.787168317,-2.272811881
9,0.2-6.4,-0.2429481069151943,-0.233108911,1.787168317,-2.272811881
9,0.2-6.4,0.0409930780848056,-0.106841584,1.787168317,-2.272811881
9,0.2-6.4,0.2765395080848056,0.271960396,1.787168317,-2.272811881
9,0.2-6.4,0.5287098400848056,0.514782178,1.787168317,-2.272811881
9,0.2-6.4,0.7753017140848056,0.777029703,1.787168317,-2.272811881
9,0.2-6.4,0.7503377590848056,0.786742574,1.787168317,-2.272811881
9,0.2-6.4,0.7504737130848056,0.718752475,1.787168317,-2.272811881
9,0.2-6.4,0.6033423430848056,0.563346535,1.787168317,-2.272811881
9,0.2-6.4,0.1562957550848056,0.058277228,1.787168317,-2.272811881
9,0.2-6.4,-0.3915704059151944,-0.495356436,1.787168317,-2.272811881
9,0.2-6.4,-0.9270725589151944,-0.990712871,1.787168317,-2.272811881
9,0.2-6.4,-1.4553994689151943,-1.602623762,1.787168317,-2.272811881
9,0.2-6.4,-1.3008102209151944,-1.379227723,1.787168317,-2.272811881
9,0.2-6.4,-0.9372153629151944,-0.981,1.787168317,-2.272811881
9,0.2-6.4,-0.4065085839151943,-0.543920792,1.787168317,-2.272811881
9,0.2-6.4,-0.1657600399151943,-0.165118812,1.787168317,-2.272811881
9,0.2-6.4,0.1597850700848056,-0.009712871,1.787168317,-2.272811881
9,0.2-6.4,0.3834368220848057,0.514782178,1.787168317,-2.272811881
9,0.2-6.4,1.0334221800848056,0.874158416,1.787168317,-2.272811881
9,0.2-6.4,1.4503551210848056,1.602623762,1.787168317,-2.272811881
9,0.2-6.4,1.5565389290848055,1.447217822,1.787168317,-2.272811881
9,0.2-6.4,1.4314459460848057,1.544346535,1.787168317,-2.272811881
9,0.2-6.4,0.9696346010848056,0.913009901,1.787168317,-2.272811881
9,0.2-6.4,0.1308452140848056,0.184544554,1.787168317,-2.272811881
9,0.2-6.4,-0.4380799929151943,-0.573059406,1.787168317,-2.272811881
9,0.2-6.4,-1.0394634369151945,-1.136405941,1.787168317,-2.272811881
9,0.2-6.4,-1.7032138439151945,-1.709465347,1.787168317,-2.272811881
9,0.2-6.4,-2.1009540339151944,-2.272811881,1.787168317,-2.272811881
9,0.2-6.4,-1.7411088679151945,-1.816306931,1.787168317,-2.272811881
9,0.2-6.4,-0.8240489119151944,-0.922722772,1.787168317,-2.272811881
9,0.2-6.4,-0.1366256919151943,-0.194257426,1.787168317,-2.272811881
9,0.2-6.4,0.0551128520848056,-0.048564356,1.787168317,-2.272811881
9,0.2-6.4,0.3914601290848056,0.330237624,1.787168317,-2.272811881
9,0.2-6.4,0.9165097220848056,0.893584158,1.787168317,-2.272811881
9,0.2-6.4,1.6059723640848056,1.573485149,1.787168317,-2.272811881
9,0.2-6.4,1.7460491310848056,1.699752475,1.787168317,-2.272811881
9,0.2-6.4,1.5596213860848056,1.476356436,1.787168317,-2.272811881
9,0.2-6.4,1.2347465680848055,1.214108911,1.787168317,-2.272811881
9,0.2-6.4,0.5682997420848056,0.543920792,1.787168317,-2.272811881
9,0.2-6.4,-0.2094198479151943,-0.271960396,1.787168317,-2.272811881
9,0.2-6.4,-0.7271337059151943,-0.786742574,1.787168317,-2.272811881
9,0.2-6.4,-1.2661588619151944,-1.35980198,1.787168317,-2.272811881
9,0.2-6.4,-1.7675670769151943,-1.826019802,1.787168317,-2.272811881
9,0.2-6.4,-2.1153244989151943,-2.146544554,1.787168317,-2.272811881
9,0.2-6.4,-1.4465907089151944,-1.534633663,1.787168317,-2.272811881
9,0.2-6.4,-0.6312266429151944,-0.582772277,1.787168317,-2.272811881
9,0.2-6.4,-0.0037034529151943,-0.126267327,1.787168317,-2.272811881
9,0.2-6.4,0.1757124220848056,0.203970297,1.787168317,-2.272811881
9,0.2-6.4,0.5455388320848057,0.475930693,1.787168317,-2.272811881
9,0.2-6.4,1.1757883380848055,1.252960396,1.787168317,-2.272811881
9,0.2-6.4,1.6808033900848056,1.622049505,1.787168317,-2.272811881
9,0.2-6.4,1.6104732320848056,1.73860396,1.787168317,-2.272811881
9,0.2-6.4,1.4869192220848055,1.350089109,1.787168317,-2.272811881
9,0.2-6.4,0.9633359980848056,1.039277228,1.787168317,-2.272811881
9,0.2-6.4,0.2344032700848056,0.174831683,1.787168317,-2.272811881
9,0.2-6.4,-0.3830265749151944,-0.45650495,1.787168317,-2.272811881
9,0.2-6.4,-0.8347874809151944,-0.932435644,1.787168317,-2.272811881
9,0.2-6.4,-1.4084116159151945,-1.495782178,1.787168317,-2.272811881
9,0.2-6.4,-2.0717687749151943,-2.165970297,1.787168317,-2.272811881
9,0.2-6.4,-2.0219735629151945,-1.991138614,1.787168317,-2.272811881
9,0.2-6.4,-1.0497868219151945,-1.116980198,1.787168317,-2.272811881
9,0.2-6.4,-0.2768209139151943,-0.310811881,1.787168317,-2.272811881
9,0.2-6.4,0.1045503020848056,-0.038851485,1.787168317,-2.272811881
9,0.2-6.4,0.2295279170848056,0.213683168,1.787168317,-2.272811881
9,0.2-6.4,0.7449102800848056,0.728465347,1.787168317,-2.272811881
9,0.2-6.4,1.4573640420848055,1.50549505,1.787168317,-2.272811881
9,0.2-6.4,1.7540960440848057,1.777455446,1.787168317,-2.272811881
9,0.2-6.4,1.6212933830848058,1.592910891,1.787168317,-2.272811881
9,0.2-6.4,1.3820607720848057,1.35980198,1.787168317,-2.272811881
9,0.2-6.4,0.6833103340848057,0.631336634,1.787168317,-2.272811881
9,0.2-6.4,-0.0623302879151943,-0.135980198,1.787168317,-2.272811881
9,0.2-6.4,-0.6257922419151943,-0.67990099,1.787168317,-2.272811881
9,0.2-6.4,-1.0824280969151945,-1.126693069,1.787168317,-2.272811881
9,0.2-6.4,-1.6149985199151944,-1.709465347,1.787168317,-2.272811881
9,0.2-6.4,-1.9903492369151945,-2.029990099,1.787168317,-2.272811881
9,0.2-6.4,-1.7344203239151943,-1.777455446,1.787168317,-2.272811881
9,0.2-6.4,-0.7472292889151944,-0.825594059,1.787168317,-2.272811881
9,0.2-6.4,-0.1947348139151943,-0.242821782,1.787168317,-2.272811881
9,0.2-6.4,0.1631318270848056,0.097128713,1.787168317,-2.272811881
9,0.2-6.4,0.3643550800848056,0.37880198,1.787168317,-2.272811881
9,0.2-6.4,1.0388344790848056,0.961574257,1.787168317,-2.272811881
9,0.2-6.4,1.5855609590848057,1.66090099,1.787168317,-2.272811881
9,0.2-6.4,1.7159690430848056,1.631762376,1.787168317,-2.272811881
9,0.2-6.4,1.5755645040848056,1.534633663,1.787168317,-2.272811881
9,0.2-6.4,1.1704437430848056,1.087841584,1.787168317,-2.272811881
9,0.2-6.4,0.3847945020848056,0.446792079,1.787168317,-2.272811881
9,0.2-6.4,-0.2659537289151943,-0.37880198,1.787168317,-2.272811881
9,0.2-6.4,-0.6856035599151944,-0.777029703,1.787168317,-2.272811881
9,0.2-6.4,-1.1556907449151943,-1.311237624,1.787168317,-2.272811881
9,0.2-6.4,-1.8095584039151944,-1.748316832,1.787168317,-2.272811881
9,0.2-6.4,-2.1755151549151943,-2.26309901,1.787168317,-2.272811881
9,0.2-6.4,-1.5084499189151943,-1.495782178,1.787168317,-2.272811881
9,0.2-6.4,-0.4065089749151943,-0.563346535,1.787168317,-2.272811881
9,0.2-6.4,0.0178634390848056,-0.029138614,1.787168317,-2.272811881
9,0.2-6.4,0.2177912150848056,0.203970297,1.787168317,-2.272811881
9,0.2-6.4,0.5514983230848056,0.582772277,1.787168317,-2.272811881
9,0.2-6.4,1.2790396440848055,1.233534653,1.787168317,-2.272811881
9,0.2-6.4,1.7349372430848056,1.699752475,1.787168317,-2.272811881
9,0.2-6.4,1.6747551720848055,1.592910891,1.787168317,-2.272811881
9,0.2-6.4,1.4568614010848056,1.398653465,1.787168317,-2.272811881
9,0.2-6.4,0.9566490580848056,0.90329703,1.787168317,-2.272811881
9,0.2-6.4,0.0655841380848056,0.029138614,1.787168317,-2.272811881
9,0.2-6.4,-0.4966098419151943,-0.553633663,1.787168317,-2.272811881
9,0.2-6.4,-0.9727146329151944,-1.097554455,1.787168317,-2.272811881
9,0.2-6.4,-1.4439490819151943,-1.43750495,1.787168317,-2.272811881
9,0.2-6.4,-1.9899496739151945,-2.156257426,1.787168317,-2.272811881
9,0.2-6.4,-1.7966581489151945,-1.835732673,1.787168317,-2.272811881
9,0.2-6.4,-1.0705487229151944,-1.155831683,1.787168317,-2.272811881
9,0.2-6.4,-0.2810252079151943,-0.339950495,1.787168317,-2.272811881
9,0.2-6.4,0.0563202780848056,0.019425743,1.787168317,-2.272811881
9,0.2-6.4,0.3955398080848056,0.398227723,1.787168317,-2.272811881
9,0.2-6.4,0.8450741520848056,0.835306931,1.787168317,-2.272811881
9,0.2-6.4,1.5013015780848056,1.418079208,1.787168317,-2.272811881
9,0.2-6.4,1.7465359200848056,1.777455446,1.787168317,-2.272811881
9,0.2-6.4,1.5854371210848055,1.476356436,1.787168317,-2.272811881
9,0.2-6.4,1.3206464370848057,1.330663366,1.787168317,-2.272811881
9,0.2-6.4,0.6087192180848057,0.514782178,1.787168317,-2.272811881
9,0.2-6.4,-0.1761232379151943,-0.145693069,1.787168317,-2.272811881
9,0.2-6.4,-0.6340136739151944,-0.747891089,1.787168317,-2.272811881
9,0.2-6.4,-1.0482719229151944,-1.136405941,1.787168317,-2.272811881
9,0.2-6.4,-1.6801562139151944,-1.777455446,1.787168317,-2.272811881
9,0.2-6.4,-2.1285902789151945,-2.233960396,1.787168317,-2.272811881
9,0.2-6.4,-1.5922030239151943,-1.66090099,1.787168317,-2.272811881
9,0.2-6.4,-0.7165093779151943,-0.728465347,1.787168317,-2.272811881
9,0.2-6.4,-0.0916558439151943,-0.174831683,1.787168317,-2.272811881
9,0.2-6.4,0.1407772370848056,0.165118812,1.787168317,-2.272811881
9,0.2-6.4,0.4507698830848056,0.359376238,1.787168317,-2.272811881
9,0.2-6.4,1.0096600220848055,1.136405941,1.787168317,-2.272811881
9,0.2-6.4,1.7075075150848056,1.573485149,1.787168317,-2.272811881
9,0.2-6.4,1.7434401840848055,1.73860396,1.787168317,-2.272811881
9,0.2-6.4,1.5205734360848056,1.408366337,1.787168317,-2.272811881
9,0.2-6.4,1.0944388400848055,1.05870297,1.787168317,-2.272811881
9,0.2-6.4,0.3212992390848056,0.330237624,1.787168317,-2.272811881
9,0.2-6.4,-0.3376746219151944,-0.475930693,1.787168317,-2.272811881
9,0.2-6.4,-0.8409269239151943,-0.883871287,1.787168317,-2.272811881
9,0.2-6.4,-1.3246885019151944,-1.476356436,1.787168317,-2.272811881
9,0.2-6.4,-1.8048859259151944,-1.874584158,1.787168317,-2.272811881
9,0.2-6.4,-2.0232991679151944,-2.117405941,1.787168317,-2.272811881
9,0.2-6.4,-1.1957665229151944,-1.233534653,1.787168317,-2.272811881
9,0.2-6.4,-0.4754530589151943,-0.52449505,1.787168317,-2.272811881
9,0.2-6.4,0.0117253570848056,-0.029138614,1.787168317,-2.272811881
9,0.2-6.4,0.2658307250848056,0.271960396,1.787168317,-2.272811881
9,0.2-6.4,0.6813756700848056,0.631336634,1.787168317,-2.272811881
9,0.2-6.4,1.3066574210848056,1.28209901,1.787168317,-2.272811881
9,0.2-6.4,1.6967108460848055,1.631762376,1.787168317,-2.272811881
9,0.2-6.4,1.6108989460848055,1.641475248,1.787168317,-2.272811881
9,0.2-6.4,1.4527551220848056,1.369514851,1.787168317,-2.272811881
9,0.2-6.4,0.8298845070848057,0.883871287,1.787168317,-2.272811881
9,0.2-6.4,0.0374928100848056,-0.029138614,1.787168317,-2.272811881
9,0.2-6.4,-0.5170649589151943,-0.563346535,1.787168317,-2.272811881
9,0.2-6.4,-0.9472043149151944,-0.990712871,1.787168317,-2.272811881
9,0.2-6.4,-1.5364988699151942,-1.554059406,1.787168317,-2.272811881
9,0.2-6.4,-2.0664792129151945,-2.195108911,1.787168317,-2.272811881
9,0.2-6.4,-1.8511177189151944,-1.874584158,1.787168317,-2.272811881
9,0.2-6.4,-0.8407291899151944,-0.981,1.787168317,-2.272811881
9,0.2-6.4,-0.2367024769151943,-0.252534653,1.787168317,-2.272811881
9,0.2-6.4,0.1714685140848056,0.029138614,1.787168317,-2.272811881
9,0.2-6.4,0.3505894320848056,0.37880198,1.787168317,-2.272811881
9,0.2-6.4,0.9330441610848056,0.864445545,1.787168317,-2.272811881
9,0.2-6.4,1.5319509280848056,1.515207921,1.787168317,-2.272811881
9,0.2-6.4,1.7483839980848055,1.670613861,1.787168317,-2.272811881
9,0.2-6.4,1.6308519540848057,1.641475248,1.787168317,-2.272811881
9,0.2-6.4,1.2999500050848056,1.20439604,1.787168317,-2.272811881
9,0.2-6.4,0.5074496040848057,0.495356436,1.787168317,-2.272811881
9,0.2-6.4,-0.1994902019151943,-0.30109901,1.787168317,-2.272811881
9,0.2-6.4,-0.7151614129151943,-0.796455446,1.787168317,-2.272811881
9,0.2-6.4,-1.1821925169151943,-1.272386139,1.787168317,-2.272811881
9,0.2-6.4,-1.7333033249151943,-1.874584158,1.787168317,-2.272811881
9,0.2-6.4,-1.9758616539151943,-1.962,1.787168317,-2.272811881
9,0.2-6.4,-1.4825675219151944,-1.534633663,1.787168317,-2.272811881
9,0.2-6.4,-0.6217032649151943,-0.718752475,1.787168317,-2.272811881
9,0.2-6.4,-0.1142143409151943,-0.22339604,1.787168317,-2.272811881
9,0.2-6.4,0.2199534930848056,0.203970297,1.787168317,-2.272811881
9,0.2-6.4,0.5392965400848057,0.534207921,1.787168317,-2.272811881
9,0.2-6.4,1.2100293010848056,1.194683168,1.787168317,-2.272811881
9,0.2-6.4,1.6403995020848057,1.58319802,1.787168317,-2.272811881
9,0.2-6.4,1.6152357590848057,1.554059406,1.787168317,-2.272811881
9,0.2-6.4,1.5084017230848057,1.534633663,1.787168317,-2.272811881
9,0.2-6.4,1.1168094380848057,1.068415842,1.787168317,-2.272811881
9,0.2-6.4,0.2347474170848056,0.233108911,1.787168317,-2.272811881
9,0.2-6.4,-0.3854366679151944,-0.514782178,1.787168317,-2.272811881
9,0.2-6.4,-0.8558112109151944,-0.90329703,1.787168317,-2.272811881
9,0.2-6.4,-1.3273614109151943,-1.43750495,1.787168317,-2.272811881
9,0.2-6.4,-2.0286426209151944,-2.107693069,1.787168317,-2.272811881
9,0.2-6.4,-1.9501932839151943,-2.059128713,1.787168317,-2.272811881
9,0.2-6.4,-1.1994902749151943,-1.175257426,1.787168317,-2.272811881
9,0.2-6.4,-0.3061796559151943,-0.437079208,1.787168317,-2.272811881
9,0.2-6.4,0.0084169030848056,0.067990099,1.787168317,-2.272811881
9,0.2-6.4,0.3192912540848056,0.145693069,1.787168317,-2.272811881
9,0.2-6.4,0.7062791540848057,0.728465347,1.787168317,-2.272811881
9,0.2-6.4,1.4066567420848055,1.350089109,1.787168317,-2.272811881
9,0.2-6.4,1.7297739230848057,1.787168317,1.787168317,-2.272811881
9,0.2-6.4,1.6574959460848055,1.476356436,1.787168317,-2.272811881
9,0.2-6.4,1.3739874140848056,1.408366337,1.787168317,-2.272811881
9,0.2-6.4,0.7207830280848057,0.67990099,1.787168317,-2.272811881
9,0.2-6.4,-0.0944449839151943,-0.135980198,1.787168317,-2.272811881
9,0.2-6.4,-0.5881013139151944,-0.709039604,1.787168317,-2.272811881
9,0.2-6.4,-1.0428176169151944,-1.155831683,1.787168317,-2.272811881
9,0.2-6.4,-1.5695687389151944,-1.554059406,1.787168317,-2.272811881
9,0.2-6.4,-2.0310511259151944,-2.146544554,1.787168317,-2.272811881
9,0.2-6.4,-1.6536810459151945,-1.670613861,1.787168317,-2.272811881
9,0.2-6.4,-0.8991233059151944,-1.048990099,1.787168317,-2.272811881
9,0.2-6.4,-0.2121297579151943,-0.252534653,1.787168317,-2.272811881
9,0.2-6.4,0.1209218130848056,0.07770297,1.787168317,-2.272811881
9,0.2-6.4,0.4601132030848056,0.475930693,1.787168317,-2.272811881
9,0.2-6.4,1.0205738530848056,0.981,1.787168317,-2.272811881
9,0.2-6.4,1.6262572150848056,1.544346535,1.787168317,-2.272811881
9,0.2-6.4,1.6885894070848055,1.66090099,1.787168317,-2.272811881
9,0.2-6.4,1.5939496360848056,1.534633663,1.787168317,-2.272811881
9,0.2-6.4,1.2232965340848057,1.214108911,1.787168317,-2.272811881
9,0.2-6.4,0.4621334370848056,0.407940594,1.787168317,-2.272811881
9,0.2-6.4,-0.3340651129151943,-0.359376238,1.787168317,-2.272811881
9,0.2-6.4,-0.7253506619151944,-0.806168317,1.787168317,-2.272811881
9,0.2-6.4,-1.1943743049151945,-1.340376238,1.787168317,-2.272811881
9,0.2-6.4,-1.7318661589151945,-1.826019802,1.787168317,-2.272811881
9,0.2-6.4,-2.1245570369151943,-2.204821782,1.787168317,-2.272811881
9,0.2-6.4,-1.3606027339151945,-1.495782178,1.787168317,-2.272811881
9,0.2-6.4,-0.5555341739151943,-0.534207921,1.787168317,-2.272811881
9,0.2-6.4,-0.0173548749151943,-0.135980198,1.787168317,-2.272811881
9,0.2-6.4,0.1961119180848056,0.242821782,1.787168317,-2.272811881
9,0.2-6.4,0.5856554520848056,0.505069307,1.787168317,-2.272811881
9,0.2-6.4,1.2592444450848057,1.320950495,1.787168317,-2.272811881
9,0.2-6.4,1.7366029970848056,1.680326733,1.787168317,-2.272811881
9,0.2-6.4,1.4789374760848055,1.388940594,1.787168317,-2.272811881
9,0.2-6.4,1.5518426230848057,1.515207921,1.787168317,-2.272811881
9,0.2-6.4,1.1343409720848057,1.165544554,1.787168317,-2.272811881
9,0.2-6.4,0.0907958610848056,0.0,1.787168317,-2.272811881
9,0.2-6.4,-0.6870437119151943,-0.718752475,1.787168317,-2.272811881
9,0.2-6.4,-1.1277970689151944,-1.233534653,1.787168317,-2.272811881
9,0.2-6.4,-1.4672815759151945,-1.524920792,1.787168317,-2.272811881
9,0.2-6.4,-1.7309862589151943,-1.826019802,1.787168317,-2.272811881
9,0.2-6.4,-1.4930721189151943,-1.515207921,1.787168317,-2.272811881
9,0.2-6.4,-0.6229508589151943,-0.718752475,1.787168317,-2.272811881
9,0.2-6.4,-0.0393579729151943,-0.097128713,1.787168317,-2.272811881
9,0.2-6.4,0.2492161280848056,0.242821782,1.787168317,-2.272811881
9,0.2-6.4,0.3945238910848056,0.398227723,1.787168317,-2.272811881
9,0.2-6.4,0.7015426400848056,0.767316832,1.787168317,-2.272811881
9,0.2-6.4,1.0184808910848056,1.010138614,1.787168317,-2.272811881
9,0.2-6.4,1.0975250070848055,1.068415842,1.787168317,-2.272811881
9,0.2-6.4,0.8363282130848056,0.75760396,1.787168317,-2.272811881
9,0.2-6.4,0.6448450800848057,0.631336634,1.787168317,-2.272811881
9,0.2-6.4,0.2621721030848056,0.242821782,1.787168317,-2.272811881
9,0.2-6.4,-0.1285212369151943,-0.233108911,1.787168317,-2.272811881
9,0.2-6.4,-0.4854510179151943,-0.543920792,1.787168317,-2.272811881
9,0.2-6.4,-0.7927970389151944,-0.90329703,1.787168317,-2.272811881
9,0.2-6.4,-1.1299784509151944,-1.155831683,1.787168317,-2.272811881
9,0.2-6.4,-0.6844533209151944,-0.796455446,1.787168317,-2.272811881
9,0.2-6.4,-0.3116817989151944,-0.291386139,1.787168317,-2.272811881
9,0.2-6.4,0.0129596140848056,-0.145693069,1.787168317,-2.272811881
9,0.2-6.4,0.0337615820848056,0.058277228,1.787168317,-2.272811881
9,0.2-6.4,0.2636356860848056,0.135980198,1.787168317,-2.272811881
9,0.2-6.4,0.3863776100848056,0.398227723,1.787168317,-2.272811881
9,0.2-6.4,0.4428031170848056,0.310811881,1.787168317,-2.272811881
9,0.2-6.4,0.2767851660848056,0.330237624,1.787168317,-2.272811881
9,0.2-6.4,0.1361581320848056,0.097128713,1.787168317,-2.272811881
9,0.2-6.4,0.0114096930848056,0.0,1.787168317,-2.272811881
9,0.2-6.4,-0.0592185409151943,-0.165118812,1.787168317,-2.272811881
9,0.2-6.4,-0.0604917609151943,-0.097128713,1.787168317,-2.272811881
9,0.2-6.4,0.0184001450848056,-0.145693069,1.787168317,-2.272811881
9,0.2-6.4,-0.0081604349151943,-0.029138614,1.787168317,-2.272811881
9,0.2-6.4,0.0113790290848056,-0.116554455,1.787168317,-2.272811881
9,0.2-6.4,-0.0730411769151943,-0.097128713,1.787168317,-2.272811881
9,0.2-6.4,-0.0016507669151943,-0.106841584,1.787168317,-2.272811881
9,0.2-6.4,-0.0143757009151943,-0.07770297,1.787168317,-2.272811881
9,0.2-6.4,0.0220054070848056,-0.019425743,1.787168317,-2.272811881
9,0.2-6.4,0.0037055880848056,-0.029138614,1.787168317,-2.272811881
9,0.2-6.4,0.0393460480848056,0.009712871,1.787168317,-2.272811881
9,0.2-6.4,0.0009535060848056,-0.126267327,1.787168317,-2.272811881
9,0.2-6.4,0.0072271800848056,-0.009712871,1.787168317,-2.272811881
9,0.2-6.4,0.0226463260848056,-0.07770297,1.787168317,-2.272811881
10,0.2-6.4,0.017185288446192,-0.019425743,1.787168317,-2.272811881
10,0.2-6.4,0.0077831926783951,-0.097128713,1.787168317,-2.272811881
10,0.2-6.4,0.0047923750569615,-0.048564356,1.787168317,-2.272811881
10,0.2-6.4,-0.0061448879859867,-0.048564356,1.787168317,-2.272811881
10,0.2-6.4,0.0042704291187796,-0.009712871,1.787168317,-2.272811881
10,0.2-6.4,-0.0014570293758445,-0.038851485,1.787168317,-2.272811881
10,0.2-6.4,0.1219561782288961,0.067990099,1.787168317,-2.272811881
10,0.2-6.4,0.181020008125096,0.116554455,1.787168317,-2.272811881
10,0.2-6.4,0.1108218852407581,0.048564356,1.787168317,-2.272811881
10,0.2-6.4,-0.093374256940106,-0.213683168,1.787168317,-2.272811881
10,0.2-6.4,-0.3465728109159813,-0.466217822,1.787168317,-2.272811881
10,0.2-6.4,-0.4579604801172398,-0.534207921,1.787168317,-2.272811881
10,0.2-6.4,-0.4761884740850705,-0.573059406,1.787168317,-2.272811881
10,0.2-6.4,-0.3010460814483439,-0.233108911,1.787168317,-2.272811881
10,0.2-6.4,0.0313193753398581,-0.106841584,1.787168317,-2.272811881
10,0.2-6.4,0.2547335921014244,0.271960396,1.787168317,-2.272811881
10,0.2-6.4,0.5898631554039279,0.514782178,1.787168317,-2.272811881
10,0.2-6.4,0.808329788367588,0.777029703,1.787168317,-2.272811881
10,0.2-6.4,0.8417488029824461,0.786742574,1.787168317,-2.272811881
10,0.2-6.4,0.7555366748598428,0.718752475,1.787168317,-2.272811881
10,0.2-6.4,0.5958691136787981,0.563346535,1.787168317,-2.272811881
10,0.2-6.4,0.1418951464727701,0.058277228,1.787168317,-2.272811881
10,0.2-6.4,-0.4290876504482209,-0.495356436,1.787168317,-2.272811881
10,0.2-6.4,-0.9381117054446758,-0.990712871,1.787168317,-2.272811881
10,0.2-6.4,-1.4945383692861671,-1.602623762,1.787168317,-2.272811881
10,0.2-6.4,-1.447816768956157,-1.379227723,1.787168317,-2.272811881
10,0.2-6.4,-0.9669787254240454,-0.981,1.787168317,-2.272811881
10,0.2-6.4,-0.4444236937486573,-0.543920792,1.787168317,-2.272811881
10,0.2-6.4,-0.0813059563861865,-0.165118812,1.787168317,-2.272811881
10,0.2-6.4,0.2116247143056132,-0.009712871,1.787168317,-2.272811881
10,0.2-6.4,0.5362863141241233,0.514782178,1.787168317,-2.272811881
10,0.2-6.4,1.0466064264418198,0.874158416,1.787168317,-2.272811881
10,0.2-6.4,1.6098294275098546,1.602623762,1.787168317,-2.272811881
10,0.2-6.4,1.669790032085014,1.447217822,1.787168317,-2.272811881
10,0.2-6.4,1.5076772635923084,1.544346535,1.787168317,-2.272811881
10,0.2-6.4,1.0228824509184578,0.913009901,1.787168317,-2.272811881
10,0.2-6.4,0.2032257808721515,0.184544554,1.787168317,-2.272811881
10,0.2-6.4,-0.5468923374970008,-0.573059406,1.787168317,-2.272811881
10,0.2-6.4,-1.0810312196698129,-1.136405941,1.787168317,-2.272811881
10,0.2-6.4,-1.7953935982327722,-1.709465347,1.787168317,-2.272811881
10,0.2-6.4,-2.17238673204599,-2.272811881,1.787168317,-2.272811881
10,0.2-6.4,-1.8687004847312505,-1.816306931,1.787168317,-2.272811881
10,0.2-6.4,-0.8613480600287766,-0.922722772,1.787168317,-2.272811881
10,0.2-6.4,-0.1304101725671864,-0.194257426,1.787168317,-2.272811881
10,0.2-6.4,0.156074492889775,-0.048564356,1.787168317,-2.272811881
10,0.2-6.4,0.4812408026794254,0.330237624,1.787168317,-2.272811881
10,0.2-6.4,1.0333192616884108,0.893584158,1.787168317,-2.272811881
10,0.2-6.4,1.713417409759437,1.573485149,1.787168317,-2.272811881
10,0.2-6.4,1.8783727143512048,1.699752475,1.787168317,-2.272811881
10,0.2-6.4,1.6273049015967005,1.476356436,1.787168317,-2.272811881
10,0.2-6.4,1.2999672456554066,1.214108911,1.787168317,-2.272811881
10,0.2-6.4,0.6050650051600782,0.543920792,1.787168317,-2.272811881
10,0.2-6.4,-0.2766184412130227,-0.271960396,1.787168317,-2.272811881
10,0.2-6.4,-0.8575785480518173,-0.786742574,1.787168317,-2.272811881
10,0.2-6.4,-1.284627598467399,-1.35980198,1.787168317,-2.272811881
10,0.2-6.4,-1.8708523831551904,-1.826019802,1.787168317,-2.272811881
10,0.2-6.4,-2.1677714541750746,-2.146544554,1.787168317,-2.272811881
10,0.2-6.4,-1.5429566902385023,-1.534633663,1.787168317,-2.272811881
10,0.2-6.4,-0.5983394419964756,-0.582772277,1.787168317,-2.272811881
10,0.2-6.4,-0.0495965046060005,-0.126267327,1.787168317,-2.272811881
10,0.2-6.4,0.2871863363763362,0.203970297,1.787168317,-2.272811881
10,0.2-6.4,0.6494413311974272,0.475930693,1.787168317,-2.272811881
10,0.2-6.4,1.2864219099315564,1.252960396,1.787168317,-2.272811881
10,0.2-6.4,1.7921923356447442,1.622049505,1.787168317,-2.272811881
10,0.2-6.4,1.7366113809638044,1.73860396,1.787168317,-2.272811881
10,0.2-6.4,1.4966004109384086,1.350089109,1.787168317,-2.272811881
10,0.2-6.4,1.0169016264599868,1.039277228,1.787168317,-2.272811881
10,0.2-6.4,0.2349624325274064,0.174831683,1.787168317,-2.272811881
10,0.2-6.4,-0.509446577830791,-0.45650495,1.787168317,-2.272811881
10,0.2-6.4,-0.9259039398819412,-0.932435644,1.787168317,-2.272811881
10,0.2-6.4,-1.4866632507298607,-1.495782178,1.787168317,-2.272811881
10,0.2-6.4,-2.149036371456429,-2.165970297,1.787168317,-2.272811881
10,0.2-6.4,-2.105645066575116,-1.991138614,1.787168317,-2.272811881
10,0.2-6.4,-1.1286261155154031,-1.116980198,1.787168317,-2.272811881
10,0.2-6.4,-0.3247903760866756,-0.310811881,1.787168317,-2.272811881
10,0.2-6.4,0.0861450666993412,-0.038851485,1.787168317,-2.272811881
10,0.2-6.4,0.4003747451620405,0.213683168,1.787168317,-2.272811881
10,0.2-6.4,0.825465768328935,0.728465347,1.787168317,-2.272811881
10,0.2-6.4,1.548846383372432,1.50549505,1.787168317,-2.272811881
10,0.2-6.4,1.8765199353698228,1.777455446,1.787168317,-2.272811881
10,0.2-6.4,1.7086103831654262,1.592910891,1.787168317,-2.272811881
10,0.2-6.4,1.4069436669749678,1.35980198,1.787168317,-2.272811881
10,0.2-6.4,0.7690590917854265,0.631336634,1.787168317,-2.272811881
10,0.2-6.4,-0.1295514900370768,-0.135980198,1.787168317,-2.272811881
10,0.2-6.4,-0.6632809973987492,-0.67990099,1.787168317,-2.272811881
10,0.2-6.4,-1.158105570009582,-1.126693069,1.787168317,-2.272811881
10,0.2-6.4,-1.6654174708958618,-1.709465347,1.787168317,-2.272811881
10,0.2-6.4,-2.0688926940767733,-2.029990099,1.787168317,-2.272811881
10,0.2-6.4,-1.7761175833549911,-1.777455446,1.787168317,-2.272811881
10,0.2-6.4,-0.7725075097498252,-0.825594059,1.787168317,-2.272811881
10,0.2-6.4,-0.1451219235254709,-0.242821782,1.787168317,-2.272811881
10,0.2-6.4,0.2686555388282459,0.097128713,1.787168317,-2.272811881
10,0.2-6.4,0.539485010928449,0.37880198,1.787168317,-2.272811881
10,0.2-6.4,1.1005350731899892,0.961574257,1.787168317,-2.272811881
10,0.2-6.4,1.7377128572136638,1.66090099,1.787168317,-2.272811881
10,0.2-6.4,1.8237884314348944,1.631762376,1.787168317,-2.272811881
10,0.2-6.4,1.6212103614128988,1.534633663,1.787168317,-2.272811881
10,0.2-6.4,1.258823014796843,1.087841584,1.787168317,-2.272811881
10,0.2-6.4,0.4076727548190034,0.446792079,1.787168317,-2.272811881
10,0.2-6.4,-0.3626552652051087,-0.37880198,1.787168317,-2.272811881
10,0.2-6.4,-0.797439724662223,-0.777029703,1.787168317,-2.272811881
10,0.2-6.4,-1.3018161828664443,-1.311237624,1.787168317,-2.272811881
10,0.2-6.4,-1.8459786299205063,-1.748316832,1.787168317,-2.272811881
10,0.2-6.4,-2.250994524143004,-2.26309901,1.787168317,-2.272811881
10,0.2-6.4,-1.500354717484891,-1.495782178,1.787168317,-2.272811881
10,0.2-6.4,-0.4942958378600809,-0.563346535,1.787168317,-2.272811881
10,0.2-6.4,0.0487273014836414,-0.029138614,1.787168317,-2.272811881
10,0.2-6.4,0.298142176425243,0.203970297,1.787168317,-2.272811881
10,0.2-6.4,0.6482752646363182,0.582772277,1.787168317,-2.272811881
10,0.2-6.4,1.3556630488000263,1.233534653,1.787168317,-2.272811881
10,0.2-6.4,1.815001998218336,1.699752475,1.787168317,-2.272811881
10,0.2-6.4,1.7593514571578326,1.592910891,1.787168317,-2.272811881
10,0.2-6.4,1.453080705367468,1.398653465,1.787168317,-2.272811881
10,0.2-6.4,0.9703958617333506,0.90329703,1.787168317,-2.272811881
10,0.2-6.4,0.0247261567696252,0.029138614,1.787168317,-2.272811881
10,0.2-6.4,-0.6230443336005661,-0.553633663,1.787168317,-2.272811881
10,0.2-6.4,-1.0686529458858671,-1.097554455,1.787168317,-2.272811881
10,0.2-6.4,-1.5840142436473668,-1.43750495,1.787168317,-2.272811881
10,0.2-6.4,-2.045726239374885,-2.156257426,1.787168317,-2.272811881
10,0.2-6.4,-1.9311841472565063,-1.835732673,1.787168317,-2.272811881
10,0.2-6.4,-1.11272300489687,-1.155831683,1.787168317,-2.272811881
10,0.2-6.4,-0.3093893065472925,-0.339950495,1.787168317,-2.272811881
10,0.2-6.4,0.1330427861347348,0.019425743,1.787168317,-2.272811881
10,0.2-6.4,0.4576763851109968,0.398227723,1.787168317,-2.272811881
10,0.2-6.4,0.9757459722123322,0.835306931,1.787168317,-2.272811881
10,0.2-6.4,1.6020282720797632,1.418079208,1.787168317,-2.272811881
10,0.2-6.4,1.8265710150822356,1.777455446,1.787168317,-2.272811881
10,0.2-6.4,1.6467630970124454,1.476356436,1.787168317,-2.272811881
10,0.2-6.4,1.3416002900038568,1.330663366,1.787168317,-2.272811881
10,0.2-6.4,0.6298513112325211,0.514782178,1.787168317,-2.272811881
10,0.2-6.4,-0.2166435721606193,-0.145693069,1.787168317,-2.272811881
10,0.2-6.4,-0.7186394300712957,-0.747891089,1.787168317,-2.272811881
10,0.2-6.4,-1.1698111678743923,-1.136405941,1.787168317,-2.272811881
10,0.2-6.4,-1.7119756059162348,-1.777455446,1.787168317,-2.272811881
10,0.2-6.4,-2.1881923564146524,-2.233960396,1.787168317,-2.272811881
10,0.2-6.4,-1.631145825808448,-1.66090099,1.787168317,-2.272811881
10,0.2-6.4,-0.7199831402688754,-0.728465347,1.787168317,-2.272811881
10,0.2-6.4,-0.0700940139366737,-0.174831683,1.787168317,-2.272811881
10,0.2-6.4,0.236022636325625,0.165118812,1.787168317,-2.272811881
10,0.2-6.4,0.5350046618926249,0.359376238,1.787168317,-2.272811881
10,0.2-6.4,1.1570252267617591,1.136405941,1.787168317,-2.272811881
10,0.2-6.4,1.7583414995576774,1.573485149,1.787168317,-2.272811881
10,0.2-6.4,1.820030781268076,1.73860396,1.787168317,-2.272811881
10,0.2-6.4,1.5539984704013716,1.408366337,1.787168317,-2.272811881
10,0.2-6.4,1.1082481681822678,1.05870297,1.787168317,-2.272811881
10,0.2-6.4,0.2617048959956179,0.330237624,1.787168317,-2.272811881
10,0.2-6.4,-0.428176826800186,-0.475930693,1.787168317,-2.272811881
10,0.2-6.4,-0.9970740933042364,-0.883871287,1.787168317,-2.272811881
10,0.2-6.4,-1.4469635715105191,-1.476356436,1.787168317,-2.272811881
10,0.2-6.4,-1.922064678176792,-1.874584158,1.787168317,-2.272811881
10,0.2-6.4,-2.045884567132867,-2.117405941,1.787168317,-2.272811881
10,0.2-6.4,-1.359823614121582,-1.233534653,1.787168317,-2.272811881
10,0.2-6.4,-0.4789341181602305,-0.52449505,1.787168317,-2.272811881
10,0.2-6.4,0.0507970813483684,-0.029138614,1.787168317,-2.272811881
10,0.2-6.4,0.3649290314972849,0.271960396,1.787168317,-2.272811881
10,0.2-6.4,0.7935894061774152,0.631336634,1.787168317,-2.272811881
10,0.2-6.4,1.3978821195097215,1.28209901,1.787168317,-2.272811881
10,0.2-6.4,1.784794678988669,1.631762376,1.787168317,-2.272811881
10,0.2-6.4,1.7080665864534244,1.641475248,1.787168317,-2.272811881
10,0.2-6.4,1.47881808959605,1.369514851,1.787168317,-2.272811881
10,0.2-6.4,0.8371347409288917,0.883871287,1.787168317,-2.272811881
10,0.2-6.4,-0.0427866138664266,-0.029138614,1.787168317,-2.272811881
10,0.2-6.4,-0.6075995487514796,-0.563346535,1.787168317,-2.272811881
10,0.2-6.4,-1.048548758551577,-0.990712871,1.787168317,-2.272811881
10,0.2-6.4,-1.5995683883017884,-1.554059406,1.787168317,-2.272811881
10,0.2-6.4,-2.1542180832784306,-2.195108911,1.787168317,-2.272811881
10,0.2-6.4,-1.8908716919641757,-1.874584158,1.787168317,-2.272811881
10,0.2-6.4,-0.975515686246192,-0.981,1.787168317,-2.272811881
10,0.2-6.4,-0.1868730236194075,-0.252534653,1.787168317,-2.272811881
10,0.2-6.4,0.1622922773697957,0.029138614,1.787168317,-2.272811881
10,0.2-6.4,0.4846276187009983,0.37880198,1.787168317,-2.272811881
10,0.2-6.4,1.006956717981869,0.864445545,1.787168317,-2.272811881
10,0.2-6.4,1.6228998177606635,1.515207921,1.787168317,-2.272811881
10,0.2-6.4,1.7941985794342146,1.670613861,1.787168317,-2.272811881
10,0.2-6.4,1.661484737112361,1.641475248,1.787168317,-2.272811881
10,0.2-6.4,1.296795525161119,1.20439604,1.787168317,-2.272811881
10,0.2-6.4,0.4470046176582046,0.495356436,1.787168317,-2.272811881
10,0.2-6.4,-0.299129784096193,-0.30109901,1.787168317,-2.272811881
10,0.2-6.4,-0.8589324576300096,-0.796455446,1.787168317,-2.272811881
10,0.2-6.4,-1.3394832073703555,-1.272386139,1.787168317,-2.272811881
10,0.2-6.4,-1.8349466931367977,-1.874584158,1.787168317,-2.272811881
10,0.2-6.4,-2.102433925972299,-1.962,1.787168317,-2.272811881
10,0.2-6.4,-1.5473800993851494,-1.534633663,1.787168317,-2.272811881
10,0.2-6.4,-0.638202446798457,-0.718752475,1.787168317,-2.272811881
10,0.2-6.4,-0.0862905103012707,-0.22339604,1.787168317,-2.272811881
10,0.2-6.4,0.2920954906730888,0.203970297,1.787168317,-2.272811881
10,0.2-6.4,0.7064839552028909,0.534207921,1.787168317,-2.272811881
10,0.2-6.4,1.303223834979229,1.194683168,1.787168317,-2.272811881
10,0.2-6.4,1.7793516872200548,1.58319802,1.787168317,-2.272811881
10,0.2-6.4,1.7115909549485036,1.554059406,1.787168317,-2.272811881
10,0.2-6.4,1.5388858895075594,1.534633663,1.787168317,-2.272811881
10,0.2-6.4,1.0577658664616545,1.068415842,1.787168317,-2.272811881
10,0.2-6.4,0.23319695326517,0.233108911,1.787168317,-2.272811881
10,0.2-6.4,-0.5538745269984118,-0.514782178,1.787168317,-2.272811881
10,0.2-6.4,-0.956817576434436,-0.90329703,1.787168317,-2.272811881
10,0.2-6.4,-1.4558805358356564,-1.43750495,1.787168317,-2.272811881
10,0.2-6.4,-2.080424498066055,-2.107693069,1.787168317,-2.272811881
10,0.2-6.4,-2.0966696799130133,-2.059128713,1.787168317,-2.272811881
10,0.2-6.4,-1.2291952944820894,-1.175257426,1.787168317,-2.272811881
10,0.2-6.4,-0.3224939447824046,-0.437079208,1.787168317,-2.272811881
10,0.2-6.4,0.0614710066002012,0.067990099,1.787168317,-2.272811881
10,0.2-6.4,0.3765274327694114,0.145693069,1.787168317,-2.272811881
10,0.2-6.4,0.8269774579209754,0.728465347,1.787168317,-2.272811881
10,0.2-6.4,1.4680237612975509,1.350089109,1.787168317,-2.272811881
10,0.2-6.4,1.8405213384060293,1.787168317,1.787168317,-2.272811881
10,0.2-6.4,1.6647682487074842,1.476356436,1.787168317,-2.272811881
10,0.2-6.4,1.3888688409046606,1.408366337,1.787168317,-2.272811881
10,0.2-6.4,0.6500915748253228,0.67990099,1.787168317,-2.272811881
10,0.2-6.4,-0.181085906230682,-0.135980198,1.787168317,-2.272811881
10,0.2-6.4,-0.7469036346694286,-0.709039604,1.787168317,-2.272811881
10,0.2-6.4,-1.2178726799560922,-1.155831683,1.787168317,-2.272811881
10,0.2-6.4,-1.6900918343596014,-1.554059406,1.787168317,-2.272811881
10,0.2-6.4,-2.1161211742899586,-2.146544554,1.787168317,-2.272811881
10,0.2-6.4,-1.7711676969178272,-1.670613861,1.787168317,-2.272811881
10,0.2-6.4,-0.8905600161000898,-1.048990099,1.787168317,-2.272811881
10,0.2-6.4,-0.1848433065160644,-0.252534653,1.787168317,-2.272811881
10,0.2-6.4,0.2251506449851838,0.07770297,1.787168317,-2.272811881
10,0.2-6.4,0.5740862105140406,0.475930693,1.787168317,-2.272811881
10,0.2-6.4,1.0948499925467643,0.981,1.787168317,-2.272811881
10,0.2-6.4,1.7181769305161874,1.544346535,1.787168317,-2.272811881
10,0.2-6.4,1.7922939624410603,1.66090099,1.787168317,-2.272811881
10,0.2-6.4,1.610412128829224,1.534633663,1.787168317,-2.272811881
10,0.2-6.4,1.204387153493967,1.214108911,1.787168317,-2.272811881
10,0.2-6.4,0.4255110003909766,0.407940594,1.787168317,-2.272811881
10,0.2-6.4,-0.4248538575038572,-0.359376238,1.787168317,-2.272811881
10,0.2-6.4,-0.8922774619723423,-0.806168317,1.787168317,-2.272811881
10,0.2-6.4,-1.297957595553747,-1.340376238,1.787168317,-2.272811881
10,0.2-6.4,-1.9155883906819609,-1.826019802,1.787168317,-2.272811881
10,0.2-6.4,-2.1720404122815973,-2.204821782,1.787168317,-2.272811881
10,0.2-6.4,-1.48197371160766,-1.495782178,1.787168317,-2.272811881
10,0.2-6.4,-0.4508150875008708,-0.534207921,1.787168317,-2.272811881
10,0.2-6.4,0.0108697809015621,-0.135980198,1.787168317,-2.272811881
10,0.2-6.4,0.3624576870612958,0.242821782,1.787168317,-2.272811881
10,0.2-6.4,0.7167708117558654,0.505069307,1.787168317,-2.272811881
10,0.2-6.4,1.3478621334369811,1.320950495,1.787168317,-2.272811881
10,0.2-6.4,1.8537116868574892,1.680326733,1.787168317,-2.272811881
10,0.2-6.4,1.5629667677982406,1.388940594,1.787168317,-2.272811881
10,0.2-6.4,1.5397846429751323,1.515207921,1.787168317,-2.272811881
10,0.2-6.4,1.1204414963164446,1.165544554,1.787168317,-2.272811881
10,0.2-6.4,0.0182069256648563,0.0,1.787168317,-2.272811881
10,0.2-6.4,-0.8206826652272834,-0.718752475,1.787168317,-2.272811881
10,0.2-6.4,-1.2368143955125728,-1.233534653,1.787168317,-2.272811881
10,0.2-6.4,-1.6178487214990096,-1.524920792,1.787168317,-2.272811881
10,0.2-6.4,-1.806682220647361,-1.826019802,1.787168317,-2.272811881
10,0.2-6.4,-1.5732346517184703,-1.515207921,1.787168317,-2.272811881
10,0.2-6.4,-0.6850791589734397,-0.718752475,1.787168317,-2.272811881
10,0.2-6.4,-0.0127801539782666,-0.097128713,1.787168317,-2.272811881
10,0.2-6.4,0.3464236210782627,0.242821782,1.787168317,-2.272811881
10,0.2-6.4,0.5519134725312127,0.398227723,1.787168317,-2.272811881
10,0.2-6.4,0.828143925147975,0.767316832,1.787168317,-2.272811881
10,0.2-6.4,1.1458162498128008,1.010138614,1.787168317,-2.272811881
10,0.2-6.4,1.1424299180364086,1.068415842,1.787168317,-2.272811881
10,0.2-6.4,0.9107707513520432,0.75760396,1.787168317,-2.272811881
10,0.2-6.4,0.6609342160045888,0.631336634,1.787168317,-2.272811881
10,0.2-6.4,0.3255792919297072,0.242821782,1.787168317,-2.272811881
10,0.2-6.4,-0.2033726242603835,-0.233108911,1.787168317,-2.272811881
10,0.2-6.4,-0.535032126844349,-0.543920792,1.787168317,-2.272811881
10,0.2-6.4,-0.8638569336850528,-0.90329703,1.787168317,-2.272811881
10,0.2-6.4,-1.1364643494162596,-1.155831683,1.787168317,-2.272811881
10,0.2-6.4,-0.7692968499292009,-0.796455446,1.787168317,-2.272811881
10,0.2-6.4,-0.2859462311959704,-0.291386139,1.787168317,-2.272811881
10,0.2-6.4,-0.035774277737268,-0.145693069,1.787168317,-2.272811881
10,0.2-6.4,0.0787154941015349,0.058277228,1.787168317,-2.272811881
10,0.2-6.4,0.257012326883712,0.135980198,1.787168317,-2.272811881
10,0.2-6.4,0.3891339791712412,0.398227723,1.787168317,-2.272811881
10,0.2-6.4,0.4535745326520476,0.310811881,1.787168317,-2.272811881
10,0.2-6.4,0.3523753567579009,0.330237624,1.787168317,-2.272811881
10,0.2-6.4,0.1526602905257636,0.097128713,1.787168317,-2.272811881
10,0.2-6.4,0.0011896109757996,0.0,1.787168317,-2.272811881
10,0.2-6.4,-0.0712625419244294,-0.165118812,1.787168317,-2.272811881
10,0.2-6.4,-0.0606498841125641,-0.097128713,1.787168317,-2.272811881
10,0.2-6.4,-0.0137636013891449,-0.145693069,1.787168317,-2.272811881
10,0.2-6.4,0.0089519633659486,-0.029138614,1.787168317,-2.272811881
10,0.2-6.4,-0.0233044934834659,-0.116554455,1.787168317,-2.272811881
10,0.2-6.4,-0.0177456320566398,-0.097128713,1.787168317,-2.272811881
10,0.2-6.4,-0.015279666586796,-0.106841584,1.787168317,-2.272811881
10,0.2-6.4,0.0132974950736017,-0.07770297,1.787168317,-2.272811881
10,0.2-6.4,0.0143976766049061,-0.019425743,1.787168317,-2.272811881
10,0.2-6.4,0.0282333247156328,-0.029138614,1.787168317,-2.272811881
10,0.2-6.4,0.0149583599807963,0.009712871,1.787168317,-2.272811881
10,0.2-6.4,0.01394508391035,-0.126267327,1.787168317,-2.272811881
10,0.2-6.4,0.0198334626163608,-0.009712871,1.787168317,-2.272811881
10,0.2-6.4,0.0121132852924891,-0.07770297,1.787168317,-2.272811881
8,0.2-8,0.0005742882132049,-0.106841584,1.466643564,-2.292237624
8,0.2-8,0.0108924324068956,-0.07770297,1.466643564,-2.292237624
8,0.2-8,-0.0212558519891994,-0.07770297,1.466643564,-2.292237624
8,0.2-8,-0.018695981351305,-0.058277228,1.466643564,-2.292237624
8,0.2-8,0.0036031417495573,-0.07770297,1.466643564,-2.292237624
8,0.2-8,-0.0049518764756651,-0.019425743,1.466643564,-2.292237624
8,0.2-8,-0.0113316805396136,-0.058277228,1.466643564,-2.292237624
8,0.2-8,-0.0214740944835873,-0.038851485,1.466643564,-2.292237624
8,0.2-8,0.0291180018747816,-0.058277228,1.466643564,-2.292237624
8,0.2-8,0.0348860330613329,0.048564356,1.466643564,-2.292237624
8,0.2-8,0.1103709565744917,0.087415842,1.466643564,-2.292237624
8,0.2-8,0.0675797853810656,-0.126267327,1.466643564,-2.292237624
8,0.2-8,-0.1222234311039277,-0.30109901,1.466643564,-2.292237624
8,0.2-8,-0.3062477417589119,-0.446792079,1.466643564,-2.292237624
8,0.2-8,-0.3798180947372325,-0.427366337,1.466643564,-2.292237624
8,0.2-8,-0.3479973129398236,-0.339950495,1.466643564,-2.292237624
8,0.2-8,-0.0326511308592494,0.165118812,1.466643564,-2.292237624
8,0.2-8,0.3606741343793609,0.45650495,1.466643564,-2.292237624
8,0.2-8,0.7400904608830305,0.815881188,1.466643564,-2.292237624
8,0.2-8,0.834146836754456,0.660475248,1.466643564,-2.292237624
8,0.2-8,0.706609842256934,0.466217822,1.466643564,-2.292237624
8,0.2-8,0.2998677297911968,-0.038851485,1.466643564,-2.292237624
8,0.2-8,-0.1769671472955024,-0.52449505,1.466643564,-2.292237624
8,0.2-8,-0.74756979276861,-1.233534653,1.466643564,-2.292237624
8,0.2-8,-1.2472214913847557,-1.35980198,1.466643564,-2.292237624
8,0.2-8,-1.2520916873860537,-1.155831683,1.466643564,-2.292237624
8,0.2-8,-0.793724432940341,-0.437079208,1.466643564,-2.292237624
8,0.2-8,-0.1341919737586129,0.097128713,1.466643564,-2.292237624
8,0.2-8,0.4225388567146169,0.689613861,1.466643564,-2.292237624
8,0.2-8,0.907748188319474,0.981,1.466643564,-2.292237624
8,0.2-8,1.2723870315592485,1.369514851,1.466643564,-2.292237624
8,0.2-8,1.390560864454007,1.291811881,1.466643564,-2.292237624
8,0.2-8,1.295790964204007,1.087841584,1.466643564,-2.292237624
8,0.2-8,0.7639810541295549,0.155405941,1.466643564,-2.292237624
8,0.2-8,-0.159180600205592,-0.67990099,1.466643564,-2.292237624
8,0.2-8,-1.1070368998860445,-1.699752475,1.466643564,-2.292237624
8,0.2-8,-1.9517957163178183,-2.292237624,1.466643564,-2.292237624
8,0.2-8,-2.0479650011091,-1.88429703,1.466643564,-2.292237624
8,0.2-8,-1.2146743496414671,-0.777029703,1.466643564,-2.292237624
8,0.2-8,-0.1661313200120243,0.174831683,1.466643564,-2.292237624
8,0.2-8,0.576152370574464,0.835306931,1.466643564,-2.292237624
8,0.2-8,1.0631952638243778,1.097554455,1.466643564,-2.292237624
8,0.2-8,1.2923434635226618,1.311237624,1.466643564,-2.292237624
8,0.2-8,1.3923688844519342,1.340376238,1.466643564,-2.292237624
8,0.2-8,1.3378388769805305,1.214108911,1.466643564,-2.292237624
8,0.2-8,1.0662997099867484,0.650762376,1.466643564,-2.292237624
8,0.2-8,0.2043721376998664,-0.349663366,1.466643564,-2.292237624
8,0.2-8,-0.6631915196258162,-1.194683168,1.466643564,-2.292237624
8,0.2-8,-1.568816556978765,-2.020277228,1.466643564,-2.292237624
8,0.2-8,-2.082186821141627,-2.097980198,1.466643564,-2.292237624
8,0.2-8,-1.7053294454577328,-1.427792079,1.466643564,-2.292237624
8,0.2-8,-0.6800596294571232,-0.233108911,1.466643564,-2.292237624
8,0.2-8,0.2580580583542361,0.466217822,1.466643564,-2.292237624
8,0.2-8,0.8662065455006054,1.048990099,1.466643564,-2.292237624
8,0.2-8,1.20919211957661,1.223821782,1.466643564,-2.292237624
8,0.2-8,1.337850177036618,1.320950495,1.466643564,-2.292237624
8,0.2-8,1.3480689477757322,1.252960396,1.466643564,-2.292237624
8,0.2-8,1.2669349477864111,1.05870297,1.466643564,-2.292237624
8,0.2-8,0.6586683320663353,0.213683168,1.466643564,-2.292237624
8,0.2-8,-0.2483654997657083,-0.728465347,1.466643564,-2.292237624
8,0.2-8,-1.1814140411294127,-1.651188119,1.466643564,-2.292237624
8,0.2-8,-1.9269262174322432,-2.204821782,1.466643564,-2.292237624
8,0.2-8,-2.005317342080331,-1.796881188,1.466643564,-2.292237624
8,0.2-8,-1.2706980708713458,-0.747891089,1.466643564,-2.292237624
8,0.2-8,-0.2685908097447551,0.165118812,1.466643564,-2.292237624
8,0.2-8,0.5050522948024616,0.75760396,1.466643564,-2.292237624
8,0.2-8,1.052023033258362,1.194683168,1.466643564,-2.292237624
8,0.2-8,1.3051704537779292,1.301524752,1.466643564,-2.292237624
8,0.2-8,1.3734114999072515,1.350089109,1.466643564,-2.292237624
8,0.2-8,1.3764271334033518,1.136405941,1.466643564,-2.292237624
8,0.2-8,1.069979105655061,0.650762376,1.466643564,-2.292237624
8,0.2-8,0.2799443725417551,-0.30109901,1.466643564,-2.292237624
8,0.2-8,-0.6248789374203038,-1.175257426,1.466643564,-2.292237624
8,0.2-8,-1.5468149857646043,-1.991138614,1.466643564,-2.292237624
8,0.2-8,-2.052277377156212,-2.010564356,1.466643564,-2.292237624
8,0.2-8,-1.7266126623013025,-1.427792079,1.466643564,-2.292237624
8,0.2-8,-0.7198648557056528,-0.233108911,1.466643564,-2.292237624
8,0.2-8,0.2084789801014481,0.427366337,1.466643564,-2.292237624
8,0.2-8,0.8221342893077972,1.087841584,1.466643564,-2.292237624
8,0.2-8,1.182479919448499,1.107267327,1.466643564,-2.292237624
8,0.2-8,1.347547093572541,1.379227723,1.466643564,-2.292237624
8,0.2-8,1.3746042809873118,1.272386139,1.466643564,-2.292237624
8,0.2-8,1.2221387243867172,1.048990099,1.466643564,-2.292237624
8,0.2-8,0.6033793763586357,0.174831683,1.466643564,-2.292237624
8,0.2-8,-0.3266354798970282,-0.738178218,1.466643564,-2.292237624
8,0.2-8,-1.221886153829606,-1.651188119,1.466643564,-2.292237624
8,0.2-8,-1.9776360298995157,-2.146544554,1.466643564,-2.292237624
8,0.2-8,-1.9829060603353932,-1.874584158,1.466643564,-2.292237624
8,0.2-8,-1.2316160759451202,-0.835306931,1.466643564,-2.292237624
8,0.2-8,-0.1869744100736249,0.155405941,1.466643564,-2.292237624
8,0.2-8,0.5585289764956687,0.825594059,1.466643564,-2.292237624
8,0.2-8,1.1021150058799876,1.155831683,1.466643564,-2.292237624
8,0.2-8,1.2831670631395518,1.291811881,1.466643564,-2.292237624
8,0.2-8,1.359655784529121,1.233534653,1.466643564,-2.292237624
8,0.2-8,1.3368606563361514,1.214108911,1.466643564,-2.292237624
8,0.2-8,1.0784899912633188,0.641049505,1.466643564,-2.292237624
8,0.2-8,0.2209363915407312,-0.330237624,1.466643564,-2.292237624
8,0.2-8,-0.7053067376004509,-1.214108911,1.466643564,-2.292237624
8,0.2-8,-1.5885142671444,-1.971712871,1.466643564,-2.292237624
8,0.2-8,-2.091285362565673,-2.078554455,1.466643564,-2.292237624
8,0.2-8,-1.75431206879042,-1.408366337,1.466643564,-2.292237624
8,0.2-8,-0.7624500095130977,-0.22339604,1.466643564,-2.292237624
8,0.2-8,0.1250878427311028,0.417653465,1.466643564,-2.292237624
8,0.2-8,0.8075302951163477,1.010138614,1.466643564,-2.292237624
8,0.2-8,1.2235825513715295,1.301524752,1.466643564,-2.292237624
8,0.2-8,1.3937011711540186,1.350089109,1.466643564,-2.292237624
8,0.2-8,1.3906406592910614,1.28209901,1.466643564,-2.292237624
8,0.2-8,1.2355938649702676,0.961574257,1.466643564,-2.292237624
8,0.2-8,0.6116970151645444,0.135980198,1.466643564,-2.292237624
8,0.2-8,-0.3131620432474078,-0.738178218,1.466643564,-2.292237624
8,0.2-8,-1.1559609094492915,-1.641475248,1.466643564,-2.292237624
8,0.2-8,-1.944723629119108,-2.107693069,1.466643564,-2.292237624
8,0.2-8,-1.9503212670411507,-1.874584158,1.466643564,-2.292237624
8,0.2-8,-1.1114377429503852,-0.786742574,1.466643564,-2.292237624
8,0.2-8,-0.1419244366683111,0.116554455,1.466643564,-2.292237624
8,0.2-8,0.5753927865422861,0.67990099,1.466643564,-2.292237624
8,0.2-8,1.0847181325709758,1.175257426,1.466643564,-2.292237624
8,0.2-8,1.301559534886544,1.28209901,1.466643564,-2.292237624
8,0.2-8,1.4010767768653525,1.369514851,1.466643564,-2.292237624
8,0.2-8,1.327761367700964,1.155831683,1.466643564,-2.292237624
8,0.2-8,0.9639996098880156,0.60219802,1.466643564,-2.292237624
8,0.2-8,0.0990313654441813,-0.262247525,1.466643564,-2.292237624
8,0.2-8,-0.7479924469349026,-1.165544554,1.466643564,-2.292237624
8,0.2-8,-1.6178220494769278,-2.020277228,1.466643564,-2.292237624
8,0.2-8,-2.0702204910008577,-2.136831683,1.466643564,-2.292237624
8,0.2-8,-1.7109002036366336,-1.369514851,1.466643564,-2.292237624
8,0.2-8,-0.6795566782548418,-0.213683168,1.466643564,-2.292237624
8,0.2-8,0.1975298236524882,0.398227723,1.466643564,-2.292237624
8,0.2-8,0.8554660765061051,1.107267327,1.466643564,-2.292237624
8,0.2-8,1.1937573332712788,1.194683168,1.466643564,-2.292237624
8,0.2-8,1.355938844168577,1.408366337,1.466643564,-2.292237624
8,0.2-8,1.3457921834313111,1.233534653,1.466643564,-2.292237624
8,0.2-8,1.217638658133041,1.068415842,1.466643564,-2.292237624
8,0.2-8,0.5691699297634096,0.135980198,1.466643564,-2.292237624
8,0.2-8,-0.3343257605208233,-0.709039604,1.466643564,-2.292237624
8,0.2-8,-1.2341486687237049,-1.651188119,1.466643564,-2.292237624
8,0.2-8,-1.945861096487094,-2.165970297,1.466643564,-2.292237624
8,0.2-8,-1.9558223140789208,-1.913435644,1.466643564,-2.292237624
8,0.2-8,-1.206195152667464,-0.75760396,1.466643564,-2.292237624
8,0.2-8,-0.1867004903751384,0.126267327,1.466643564,-2.292237624
8,0.2-8,0.5508622123271434,0.777029703,1.466643564,-2.292237624
8,0.2-8,1.068393183206256,1.107267327,1.466643564,-2.292237624
8,0.2-8,1.2999510219761896,1.350089109,1.466643564,-2.292237624
8,0.2-8,1.3749119123214777,1.233534653,1.466643564,-2.292237624
8,0.2-8,1.333772636805768,1.223821782,1.466643564,-2.292237624
8,0.2-8,1.0212091957655691,0.631336634,1.466643564,-2.292237624
8,0.2-8,0.2009188457468791,-0.281673267,1.466643564,-2.292237624
8,0.2-8,-0.6826603193750941,-1.136405941,1.466643564,-2.292237624
8,0.2-8,-1.5912192396347975,-2.029990099,1.466643564,-2.292237624
8,0.2-8,-2.040687001758689,-2.029990099,1.466643564,-2.292237624
8,0.2-8,-1.7668340123485875,-1.418079208,1.466643564,-2.292237624
8,0.2-8,-0.7543857076767517,-0.22339604,1.466643564,-2.292237624
8,0.2-8,0.1341615145554614,0.359376238,1.466643564,-2.292237624
8,0.2-8,0.767340892004357,1.039277228,1.466643564,-2.292237624
8,0.2-8,1.1927549823154353,1.272386139,1.466643564,-2.292237624
8,0.2-8,1.4039589728773123,1.398653465,1.466643564,-2.292237624
8,0.2-8,1.4379351816872004,1.320950495,1.466643564,-2.292237624
8,0.2-8,1.202567438299157,1.010138614,1.466643564,-2.292237624
8,0.2-8,0.5748715419656862,0.07770297,1.466643564,-2.292237624
8,0.2-8,-0.3250775416410664,-0.709039604,1.466643564,-2.292237624
8,0.2-8,-1.1827276909743305,-1.66090099,1.466643564,-2.292237624
8,0.2-8,-1.9218397773223408,-2.107693069,1.466643564,-2.292237624
8,0.2-8,-1.951052830317644,-1.835732673,1.466643564,-2.292237624
8,0.2-8,-1.2087107574590614,-0.75760396,1.466643564,-2.292237624
8,0.2-8,-0.2642794979633586,0.087415842,1.466643564,-2.292237624
8,0.2-8,0.4768565174189423,0.728465347,1.466643564,-2.292237624
8,0.2-8,1.0432332923441432,1.175257426,1.466643564,-2.292237624
8,0.2-8,1.3249231442848652,1.330663366,1.466643564,-2.292237624
8,0.2-8,1.3896068753741555,1.350089109,1.466643564,-2.292237624
8,0.2-8,1.3464979394495764,1.214108911,1.466643564,-2.292237624
8,0.2-8,1.0300492161242858,0.611910891,1.466643564,-2.292237624
8,0.2-8,0.2002196668812475,-0.310811881,1.466643564,-2.292237624
8,0.2-8,-0.6443121854030706,-1.146118812,1.466643564,-2.292237624
8,0.2-8,-1.5332080493565077,-1.962,1.466643564,-2.292237624
8,0.2-8,-2.0398843302511085,-2.059128713,1.466643564,-2.292237624
8,0.2-8,-1.7575216542154286,-1.379227723,1.466643564,-2.292237624
8,0.2-8,-0.8009964277633572,-0.233108911,1.466643564,-2.292237624
8,0.2-8,0.0872417670007382,0.37880198,1.466643564,-2.292237624
8,0.2-8,0.7504968943118233,1.019851485,1.466643564,-2.292237624
8,0.2-8,1.156417448097657,1.175257426,1.466643564,-2.292237624
8,0.2-8,1.3520406161322214,1.398653465,1.466643564,-2.292237624
8,0.2-8,1.4029824787739065,1.223821782,1.466643564,-2.292237624
8,0.2-8,1.2504121345084125,1.010138614,1.466643564,-2.292237624
8,0.2-8,0.6408314034923264,0.07770297,1.466643564,-2.292237624
8,0.2-8,-0.2493775615566437,-0.650762376,1.466643564,-2.292237624
8,0.2-8,-1.13959433172944,-1.670613861,1.466643564,-2.292237624
8,0.2-8,-1.8752619441837348,-2.107693069,1.466643564,-2.292237624
8,0.2-8,-1.9832759939210316,-1.894009901,1.466643564,-2.292237624
8,0.2-8,-1.3135526948675706,-0.767316832,1.466643564,-2.292237624
8,0.2-8,-0.3002125185209909,0.058277228,1.466643564,-2.292237624
8,0.2-8,0.440710385328607,0.815881188,1.466643564,-2.292237624
8,0.2-8,1.0783662597495574,1.146118812,1.466643564,-2.292237624
8,0.2-8,1.3312218192681302,1.388940594,1.466643564,-2.292237624
8,0.2-8,1.4121734687441003,1.262673267,1.466643564,-2.292237624
8,0.2-8,1.3363189715105133,1.214108911,1.466643564,-2.292237624
8,0.2-8,1.0075034601324155,0.631336634,1.466643564,-2.292237624
8,0.2-8,0.1662432451623359,-0.242821782,1.466643564,-2.292237624
8,0.2-8,-0.6959524765893923,-1.165544554,1.466643564,-2.292237624
8,0.2-8,-1.5947798756792375,-2.010564356,1.466643564,-2.292237624
8,0.2-8,-2.0782584179246246,-2.03970297,1.466643564,-2.292237624
8,0.2-8,-1.734358737989348,-1.408366337,1.466643564,-2.292237624
8,0.2-8,-0.744647932147311,-0.310811881,1.466643564,-2.292237624
8,0.2-8,0.1494849561313787,0.475930693,1.466643564,-2.292237624
8,0.2-8,0.8132462541273566,1.019851485,1.466643564,-2.292237624
8,0.2-8,1.2470666590310049,1.272386139,1.466643564,-2.292237624
8,0.2-8,1.3478797094840271,1.320950495,1.466643564,-2.292237624
8,0.2-8,1.358308876814451,1.252960396,1.466643564,-2.292237624
8,0.2-8,1.2418641100762082,0.971287129,1.466643564,-2.292237624
8,0.2-8,0.6758099425982609,0.194257426,1.466643564,-2.292237624
8,0.2-8,-0.1895902711314327,-0.611910891,1.466643564,-2.292237624
8,0.2-8,-1.055618998531907,-1.58319802,1.466643564,-2.292237624
8,0.2-8,-1.8890706085235276,-2.136831683,1.466643564,-2.292237624
8,0.2-8,-2.036437881017892,-1.903722772,1.466643564,-2.292237624
8,0.2-8,-1.2846643049553674,-0.845019802,1.466643564,-2.292237624
8,0.2-8,-0.2142731867425124,0.087415842,1.466643564,-2.292237624
8,0.2-8,0.5169068757846351,0.75760396,1.466643564,-2.292237624
8,0.2-8,1.1008180152196598,1.223821782,1.466643564,-2.292237624
8,0.2-8,1.337387415552095,1.330663366,1.466643564,-2.292237624
8,0.2-8,1.3818120976942925,1.233534653,1.466643564,-2.292237624
8,0.2-8,1.305281875620883,1.233534653,1.466643564,-2.292237624
8,0.2-8,0.9005062683756984,0.582772277,1.466643564,-2.292237624
8,0.2-8,0.0981802809007967,-0.30109901,1.466643564,-2.292237624
8,0.2-8,-0.7552599572707341,-1.165544554,1.466643564,-2.292237624
8,0.2-8,-1.653271291716058,-1.962,1.466643564,-2.292237624
8,0.2-8,-2.036477975823277,-2.059128713,1.466643564,-2.292237624
8,0.2-8,-1.6510993316358789,-1.418079208,1.466643564,-2.292237624
8,0.2-8,-0.6736185496895082,-0.330237624,1.466643564,-2.292237624
8,0.2-8,0.1776306940208183,0.417653465,1.466643564,-2.292237624
8,0.2-8,0.850500690989969,1.078128713,1.466643564,-2.292237624
8,0.2-8,1.2196411793061186,1.184970297,1.466643564,-2.292237624
8,0.2-8,1.3809717736390312,1.427792079,1.466643564,-2.292237624
8,0.2-8,1.3984590245899833,1.223821782,1.466643564,-2.292237624
8,0.2-8,1.1666439225468088,1.019851485,1.466643564,-2.292237624
8,0.2-8,0.5266647085070311,0.194257426,1.466643564,-2.292237624
8,0.2-8,-0.3643316341213892,-0.670188119,1.466643564,-2.292237624
8,0.2-8,-1.2555126677867263,-1.680326733,1.466643564,-2.292237624
8,0.2-8,-1.9426251571419768,-2.136831683,1.466643564,-2.292237624
8,0.2-8,-1.933384766566157,-1.874584158,1.466643564,-2.292237624
8,0.2-8,-1.1839635417846934,-0.806168317,1.466643564,-2.292237624
8,0.2-8,-0.1701986108561576,0.067990099,1.466643564,-2.292237624
8,0.2-8,0.5585554149585736,0.796455446,1.466643564,-2.292237624
8,0.2-8,1.1045804549429858,1.126693069,1.466643564,-2.292237624
8,0.2-8,1.3240164550753757,1.388940594,1.466643564,-2.292237624
8,0.2-8,1.3914340262439555,1.252960396,1.466643564,-2.292237624
8,0.2-8,1.343835841872187,1.233534653,1.466643564,-2.292237624
8,0.2-8,0.9449118687777344,0.573059406,1.466643564,-2.292237624
8,0.2-8,0.0940986142719915,-0.252534653,1.466643564,-2.292237624
8,0.2-8,-0.8206392794447133,-1.243247525,1.466643564,-2.292237624
8,0.2-8,-1.7259680416678382,-1.942574257,1.466643564,-2.292237624
8,0.2-8,-2.039205940121827,-2.059128713,1.466643564,-2.292237624
8,0.2-8,-1.5879318780258107,-1.398653465,1.466643564,-2.292237624
8,0.2-8,-0.578518477134879,-0.30109901,1.466643564,-2.292237624
8,0.2-8,0.2349558980821569,0.437079208,1.466643564,-2.292237624
8,0.2-8,0.8564231133891629,0.981,1.466643564,-2.292237624
8,0.2-8,1.264738826698811,1.262673267,1.466643564,-2.292237624
8,0.2-8,1.3869191013052196,1.35980198,1.466643564,-2.292237624
8,0.2-8,1.3732794104011985,1.291811881,1.466643564,-2.292237624
8,0.2-8,1.1727745206713431,0.932435644,1.466643564,-2.292237624
8,0.2-8,0.4578947644104388,0.165118812,1.466643564,-2.292237624
8,0.2-8,-0.4321474832033651,-0.689613861,1.466643564,-2.292237624
8,0.2-8,-1.338586241553097,-1.602623762,1.466643564,-2.292237624
8,0.2-8,-1.9596005857311027,-2.146544554,1.466643564,-2.292237624
8,0.2-8,-1.9102814038915543,-1.88429703,1.466643564,-2.292237624
8,0.2-8,-1.102687384466716,-0.815881188,1.466643564,-2.292237624
8,0.2-8,-0.0995295082261469,0.067990099,1.466643564,-2.292237624
8,0.2-8,0.5539655404184143,0.728465347,1.466643564,-2.292237624
8,0.2-8,1.152729579549106,1.20439604,1.466643564,-2.292237624
8,0.2-8,1.330261264316435,1.330663366,1.466643564,-2.292237624
8,0.2-8,1.3723747388974985,1.311237624,1.466643564,-2.292237624
8,0.2-8,1.272188759913674,1.223821782,1.466643564,-2.292237624
8,0.2-8,0.9570011800484756,0.611910891,1.466643564,-2.292237624
8,0.2-8,0.1013648647906931,-0.281673267,1.466643564,-2.292237624
8,0.2-8,-0.7654996112200223,-1.175257426,1.466643564,-2.292237624
8,0.2-8,-1.653533738490303,-1.952287129,1.466643564,-2.292237624
8,0.2-8,-2.0441813858899383,-2.068841584,1.466643564,-2.292237624
8,0.2-8,-1.6282317097369226,-1.350089109,1.466643564,-2.292237624
8,0.2-8,-0.544764600494368,-0.30109901,1.466643564,-2.292237624
8,0.2-8,0.2811669456253713,0.427366337,1.466643564,-2.292237624
8,0.2-8,0.9477871219406082,1.087841584,1.466643564,-2.292237624
8,0.2-8,1.2747255965187314,1.272386139,1.466643564,-2.292237624
8,0.2-8,1.38952056161054,1.388940594,1.466643564,-2.292237624
8,0.2-8,1.3381402635182256,1.223821782,1.466643564,-2.292237624
8,0.2-8,1.1000902459329738,1.029564356,1.466643564,-2.292237624
8,0.2-8,0.3819741465068072,0.184544554,1.466643564,-2.292237624
8,0.2-8,-0.4986971253329872,-0.621623762,1.466643564,-2.292237624
8,0.2-8,-1.3525688944887495,-1.612336634,1.466643564,-2.292237624
8,0.2-8,-1.971192301156575,-2.107693069,1.466643564,-2.292237624
8,0.2-8,-1.8699378317243511,-1.894009901,1.466643564,-2.292237624
8,0.2-8,-1.0521397548620024,-0.825594059,1.466643564,-2.292237624
8,0.2-8,-0.0636103203371164,0.058277228,1.466643564,-2.292237624
8,0.2-8,0.6511566811308385,0.835306931,1.466643564,-2.292237624
8,0.2-8,1.181095926549493,1.175257426,1.466643564,-2.292237624
8,0.2-8,1.358483453672098,1.466643564,1.466643564,-2.292237624
8,0.2-8,1.364214086308429,1.233534653,1.466643564,-2.292237624
8,0.2-8,1.2781921248452337,1.233534653,1.466643564,-2.292237624
8,0.2-8,0.8526141473162123,0.563346535,1.466643564,-2.292237624
8,0.2-8,0.0221080975025455,-0.262247525,1.466643564,-2.292237624
8,0.2-8,-0.8275436243195675,-1.184970297,1.466643564,-2.292237624
8,0.2-8,-1.6833591734476576,-1.903722772,1.466643564,-2.292237624
8,0.2-8,-2.038553417882579,-2.127118812,1.466643564,-2.292237624
8,0.2-8,-1.6168357824015978,-1.35980198,1.466643564,-2.292237624
8,0.2-8,-0.5976400556450969,-0.320524752,1.466643564,-2.292237624
8,0.2-8,0.2595025076173151,0.407940594,1.466643564,-2.292237624
8,0.2-8,0.8934103496405992,0.961574257,1.466643564,-2.292237624
8,0.2-8,1.2511705972800535,1.320950495,1.466643564,-2.292237624
8,0.2-8,1.3852921244648504,1.301524752,1.466643564,-2.292237624
8,0.2-8,1.3760237183106805,1.311237624,1.466643564,-2.292237624
8,0.2-8,1.1508900648560756,0.990712871,1.466643564,-2.292237624
8,0.2-8,0.4401397721889241,0.174831683,1.466643564,-2.292237624
8,0.2-8,-0.4671894589190536,-0.67990099,1.466643564,-2.292237624
8,0.2-8,-1.3142922152429222,-1.58319802,1.466643564,-2.292237624
8,0.2-8,-1.969916108826409,-2.068841584,1.466643564,-2.292237624
8,0.2-8,-1.8943397414009773,-1.874584158,1.466643564,-2.292237624
8,0.2-8,-1.0787059725052437,-0.796455446,1.466643564,-2.292237624
8,0.2-8,-0.1036156684933335,0.058277228,1.466643564,-2.292237624
8,0.2-8,0.6273979097391336,0.786742574,1.466643564,-2.292237624
8,0.2-8,1.1413318997768125,1.214108911,1.466643564,-2.292237624
8,0.2-8,1.3388019772266455,1.340376238,1.466643564,-2.292237624
8,0.2-8,1.3684197081434115,1.28209901,1.466643564,-2.292237624
8,0.2-8,1.3383169107309836,1.223821782,1.466643564,-2.292237624
8,0.2-8,0.9216311836383684,0.611910891,1.466643564,-2.292237624
8,0.2-8,0.0809709709867962,-0.262247525,1.466643564,-2.292237624
8,0.2-8,-0.8056796521231364,-1.233534653,1.466643564,-2.292237624
8,0.2-8,-1.6454659120131054,-1.864871287,1.466643564,-2.292237624
8,0.2-8,-2.0505828262808854,-2.088267327,1.466643564,-2.292237624
8,0.2-8,-1.65129767373682,-1.418079208,1.466643564,-2.292237624
8,0.2-8,-0.6606672467506837,-0.359376238,1.466643564,-2.292237624
8,0.2-8,0.1966080442560674,0.417653465,1.466643564,-2.292237624
8,0.2-8,0.8985421400770504,1.05870297,1.466643564,-2.292237624
8,0.2-8,1.2564913321394566,1.194683168,1.466643564,-2.292237624
8,0.2-8,1.382677034924498,1.418079208,1.466643564,-2.292237624
8,0.2-8,1.3649570355524538,1.262673267,1.466643564,-2.292237624
8,0.2-8,1.1325742527258762,0.942148515,1.466643564,-2.292237624
8,0.2-8,0.471419861275123,0.155405941,1.466643564,-2.292237624
8,0.2-8,-0.3852380231678327,-0.660475248,1.466643564,-2.292237624
8,0.2-8,-1.2578497109067053,-1.573485149,1.466643564,-2.292237624
8,0.2-8,-1.9629926718759965,-2.136831683,1.466643564,-2.292237624
8,0.2-8,-1.9150501523397043,-1.864871287,1.466643564,-2.292237624
8,0.2-8,-1.159511809332744,-0.854732673,1.466643564,-2.292237624
8,0.2-8,-0.1482958920817111,0.067990099,1.466643564,-2.292237624
8,0.2-8,0.585160049932334,0.806168317,1.466643564,-2.292237624
8,0.2-8,1.1272769454123477,1.078128713,1.466643564,-2.292237624
8,0.2-8,1.3132838858745457,1.388940594,1.466643564,-2.292237624
8,0.2-8,1.3876976276816146,1.252960396,1.466643564,-2.292237624
8,0.2-8,1.3562207818971257,1.301524752,1.466643564,-2.292237624
8,0.2-8,0.9556842241368206,0.573059406,1.466643564,-2.292237624
8,0.2-8,0.1050425977031355,-0.233108911,1.466643564,-2.292237624
8,0.2-8,-0.7800571248180157,-1.194683168,1.466643564,-2.292237624
8,0.2-8,-1.6166027559450655,-1.874584158,1.466643564,-2.292237624
8,0.2-8,-2.0258995807938023,-2.097980198,1.466643564,-2.292237624
8,0.2-8,-1.6781263968934514,-1.35980198,1.466643564,-2.292237624
8,0.2-8,-0.7024052914903555,-0.417653465,1.466643564,-2.292237624
8,0.2-8,0.1794191886253481,0.475930693,1.466643564,-2.292237624
8,0.2-8,0.8611770784511161,1.010138614,1.466643564,-2.292237624
8,0.2-8,1.283757996511164,1.272386139,1.466643564,-2.292237624
8,0.2-8,1.3694191742343025,1.262673267,1.466643564,-2.292237624
8,0.2-8,1.3621104939238409,1.320950495,1.466643564,-2.292237624
8,0.2-8,1.170533490115508,0.922722772,1.466643564,-2.292237624
8,0.2-8,0.5203569216937614,0.213683168,1.466643564,-2.292237624
8,0.2-8,-0.356278477872855,-0.709039604,1.466643564,-2.292237624
8,0.2-8,-1.2334307717635566,-1.602623762,1.466643564,-2.292237624
8,0.2-8,-1.9435590720848264,-2.107693069,1.466643564,-2.292237624
8,0.2-8,-1.895617643813277,-1.845445545,1.466643564,-2.292237624
8,0.2-8,-1.0698625820307774,-0.796455446,1.466643564,-2.292237624
8,0.2-8,-0.092349900490702,0.097128713,1.466643564,-2.292237624
8,0.2-8,0.6468555058555536,0.75760396,1.466643564,-2.292237624
8,0.2-8,1.1490967964477798,1.165544554,1.466643564,-2.292237624
8,0.2-8,1.321338534772337,1.301524752,1.466643564,-2.292237624
8,0.2-8,1.3819305065179697,1.301524752,1.466643564,-2.292237624
8,0.2-8,1.3027825965786066,1.184970297,1.466643564,-2.292237624
8,0.2-8,0.9152422804884512,0.563346535,1.466643564,-2.292237624
8,0.2-8,0.0340443614815819,-0.262247525,1.466643564,-2.292237624
8,0.2-8,-0.7999562832964764,-1.194683168,1.466643564,-2.292237624
8,0.2-8,-1.696608625955329,-1.874584158,1.466643564,-2.292237624
8,0.2-8,-2.006783582904504,-2.107693069,1.466643564,-2.292237624
8,0.2-8,-1.613048146545413,-1.340376238,1.466643564,-2.292237624
8,0.2-8,-0.6480941658028951,-0.349663366,1.466643564,-2.292237624
8,0.2-8,0.2132772292594895,0.45650495,1.466643564,-2.292237624
8,0.2-8,0.8798144478129837,1.048990099,1.466643564,-2.292237624
8,0.2-8,1.250257794594702,1.223821782,1.466643564,-2.292237624
8,0.2-8,1.3393762959276558,1.320950495,1.466643564,-2.292237624
8,0.2-8,1.3780651551616625,1.233534653,1.466643564,-2.292237624
8,0.2-8,1.1784426205306766,0.990712871,1.466643564,-2.292237624
8,0.2-8,0.4718911247850171,0.22339604,1.466643564,-2.292237624
8,0.2-8,-0.3722473571026993,-0.689613861,1.466643564,-2.292237624
8,0.2-8,-1.29885595431511,-1.573485149,1.466643564,-2.292237624
8,0.2-8,-1.9288970960429737,-2.136831683,1.466643564,-2.292237624
8,0.2-8,-1.932830377939752,-1.874584158,1.466643564,-2.292237624
8,0.2-8,-1.1262745315633615,-0.874158416,1.466643564,-2.292237624
8,0.2-8,-0.1588949968982786,0.058277228,1.466643564,-2.292237624
8,0.2-8,0.6001143025385636,0.767316832,1.466643564,-2.292237624
8,0.2-8,1.1260931316491405,1.155831683,1.466643564,-2.292237624
8,0.2-8,1.3314967950857282,1.350089109,1.466643564,-2.292237624
8,0.2-8,1.401314372617671,1.301524752,1.466643564,-2.292237624
8,0.2-8,1.297919425149657,1.223821782,1.466643564,-2.292237624
8,0.2-8,0.9180498530513173,0.563346535,1.466643564,-2.292237624
8,0.2-8,0.0797808060932624,-0.22339604,1.466643564,-2.292237624
8,0.2-8,-0.7555237369331105,-1.194683168,1.466643564,-2.292237624
8,0.2-8,-1.6136614702693275,-1.874584158,1.466643564,-2.292237624
8,0.2-8,-2.010960044295011,-2.107693069,1.466643564,-2.292237624
8,0.2-8,-1.6864262411008115,-1.35980198,1.466643564,-2.292237624
8,0.2-8,-0.6966115405499259,-0.339950495,1.466643564,-2.292237624
8,0.2-8,0.170916991407956,0.466217822,1.466643564,-2.292237624
8,0.2-8,0.8587517535901066,0.932435644,1.466643564,-2.292237624
8,0.2-8,1.2371929089746163,1.301524752,1.466643564,-2.292237624
8,0.2-8,1.381294837856916,1.252960396,1.466643564,-2.292237624
8,0.2-8,1.3661405401303677,1.330663366,1.466643564,-2.292237624
8,0.2-8,1.118842211570917,0.961574257,1.466643564,-2.292237624
8,0.2-8,0.3950633950259043,0.155405941,1.466643564,-2.292237624
8,0.2-8,-0.476977486828642,-0.689613861,1.466643564,-2.292237624
8,0.2-8,-1.366652841490294,-1.58319802,1.466643564,-2.292237624
8,0.2-8,-2.0079518596793187,-2.175683168,1.466643564,-2.292237624
8,0.2-8,-1.8805002613311368,-1.835732673,1.466643564,-2.292237624
8,0.2-8,-1.051682080792221,-0.815881188,1.466643564,-2.292237624
8,0.2-8,-0.0392646515197831,0.126267327,1.466643564,-2.292237624
8,0.2-8,0.6650619305909269,0.767316832,1.466643564,-2.292237624
8,0.2-8,1.1558352870696456,1.214108911,1.466643564,-2.292237624
8,0.2-8,1.3455645845489594,1.320950495,1.466643564,-2.292237624
8,0.2-8,1.3719665595817037,1.311237624,1.466643564,-2.292237624
8,0.2-8,1.2508971757940492,1.165544554,1.466643564,-2.292237624
8,0.2-8,0.8046893035305414,0.592485149,1.466643564,-2.292237624
8,0.2-8,-0.097900538599131,-0.174831683,1.466643564,-2.292237624
8,0.2-8,-1.0495324331488356,-1.165544554,1.466643564,-2.292237624
8,0.2-8,-1.8202171957188644,-1.874584158,1.466643564,-2.292237624
8,0.2-8,-2.020627066596575,-2.107693069,1.466643564,-2.292237624
8,0.2-8,-1.3731190698329894,-1.340376238,1.466643564,-2.292237624
8,0.2-8,-0.3518856373973366,-0.349663366,1.466643564,-2.292237624
8,0.2-8,0.4335851569630741,0.427366337,1.466643564,-2.292237624
8,0.2-8,1.0105787187469373,1.019851485,1.466643564,-2.292237624
8,0.2-8,1.2789379461282957,1.243247525,1.466643564,-2.292237624
8,0.2-8,1.3988100654353908,1.379227723,1.466643564,-2.292237624
8,0.2-8,1.3243492630367202,1.272386139,1.466643564,-2.292237624
8,0.2-8,1.068306190159507,0.961574257,1.466643564,-2.292237624
8,0.2-8,0.3073526632105112,0.145693069,1.466643564,-2.292237624
8,0.2-8,-0.5271071258181963,-0.709039604,1.466643564,-2.292237624
8,0.2-8,-1.4468349496421928,-1.544346535,1.466643564,-2.292237624
8,0.2-8,-1.9726636487973992,-2.146544554,1.466643564,-2.292237624
8,0.2-8,-1.84042524746893,-1.855158416,1.466643564,-2.292237624
8,0.2-8,-0.951040573153732,-0.874158416,1.466643564,-2.292237624
8,0.2-8,-0.0203321263144402,0.106841584,1.466643564,-2.292237624
8,0.2-8,0.6834516198236429,0.699326733,1.466643564,-2.292237624
8,0.2-8,1.1448610825894776,1.136405941,1.466643564,-2.292237624
8,0.2-8,1.3618480285609589,1.320950495,1.466643564,-2.292237624
8,0.2-8,1.3838679189228125,1.252960396,1.466643564,-2.292237624
8,0.2-8,1.2904881827582373,1.243247525,1.466643564,-2.292237624
8,0.2-8,0.8184917038716786,0.60219802,1.466643564,-2.292237624
8,0.2-8,-0.1009649629655135,-0.213683168,1.466643564,-2.292237624
8,0.2-8,-0.998067149648924,-1.155831683,1.466643564,-2.292237624
8,0.2-8,-1.807199965793126,-1.874584158,1.466643564,-2.292237624
8,0.2-8,-2.043613417652526,-2.156257426,1.466643564,-2.292237624
8,0.2-8,-1.496507433037161,-1.398653465,1.466643564,-2.292237624
8,0.2-8,-0.3466628003667291,-0.369089109,1.466643564,-2.292237624
8,0.2-8,0.5003729994107633,0.45650495,1.466643564,-2.292237624
8,0.2-8,1.0616669974794413,0.90329703,1.466643564,-2.292237624
8,0.2-8,1.3109672128215395,1.320950495,1.466643564,-2.292237624
8,0.2-8,1.411882955815026,1.330663366,1.466643564,-2.292237624
8,0.2-8,1.3427276363821503,1.291811881,1.466643564,-2.292237624
8,0.2-8,1.0394940523380225,0.932435644,1.466643564,-2.292237624
8,0.2-8,0.2567151116734392,0.203970297,1.466643564,-2.292237624
8,0.2-8,-0.6207238333987508,-0.670188119,1.466643564,-2.292237624
8,0.2-8,-1.4812285358001904,-1.563772277,1.466643564,-2.292237624
8,0.2-8,-2.028622900216931,-2.117405941,1.466643564,-2.292237624
8,0.2-8,-1.7970329660753757,-1.835732673,1.466643564,-2.292237624
8,0.2-8,-0.8509387174743144,-0.845019802,1.466643564,-2.292237624
8,0.2-8,0.0806429909493562,0.135980198,1.466643564,-2.292237624
8,0.2-8,0.746646313606937,0.689613861,1.466643564,-2.292237624
8,0.2-8,1.1760068863456308,1.20439604,1.466643564,-2.292237624
8,0.2-8,1.3454552828341062,1.291811881,1.466643564,-2.292237624
8,0.2-8,1.3842481536358315,1.320950495,1.466643564,-2.292237624
8,0.2-8,1.2546137092834138,1.126693069,1.466643564,-2.292237624
8,0.2-8,0.7980708620219639,0.641049505,1.466643564,-2.292237624
8,0.2-8,-0.0588090319754357,-0.203970297,1.466643564,-2.292237624
8,0.2-8,-1.0171934077945544,-1.28209901,1.466643564,-2.292237624
8,0.2-8,-1.855385810603361,-2.049415842,1.466643564,-2.292237624
8,0.2-8,-2.083520162618065,-2.117405941,1.466643564,-2.292237624
8,0.2-8,-1.386700854293306,-1.369514851,1.466643564,-2.292237624
8,0.2-8,-0.233369352518568,-0.262247525,1.466643564,-2.292237624
8,0.2-8,0.513418464366078,0.534207921,1.466643564,-2.292237624
8,0.2-8,1.1147021701577882,1.039277228,1.466643564,-2.292237624
8,0.2-8,1.338024983464487,1.311237624,1.466643564,-2.292237624
8,0.2-8,1.408588707468523,1.301524752,1.466643564,-2.292237624
8,0.2-8,1.2954516955267217,1.28209901,1.466643564,-2.292237624
8,0.2-8,0.9935247761539652,0.825594059,1.466643564,-2.292237624
8,0.2-8,0.246979560422088,0.106841584,1.466643564,-2.292237624
8,0.2-8,-0.6122019801649112,-0.806168317,1.466643564,-2.292237624
8,0.2-8,-1.5187788825308373,-1.680326733,1.466643564,-2.292237624
8,0.2-8,-2.02275276356815,-2.156257426,1.466643564,-2.292237624
8,0.2-8,-1.7782466503577203,-1.816306931,1.466643564,-2.292237624
8,0.2-8,-0.8312505966038559,-0.728465347,1.466643564,-2.292237624
8,0.2-8,0.1755758549663321,0.194257426,1.466643564,-2.292237624
8,0.2-8,0.8436510839140505,0.796455446,1.466643564,-2.292237624
8,0.2-8,1.2702776509605145,1.20439604,1.466643564,-2.292237624
8,0.2-8,1.3525567763553967,1.330663366,1.466643564,-2.292237624
8,0.2-8,1.3865144513868493,1.301524752,1.466643564,-2.292237624
8,0.2-8,1.1952634868045935,1.155831683,1.466643564,-2.292237624
8,0.2-8,0.541771094046114,0.60219802,1.466643564,-2.292237624
8,0.2-8,-0.3386737626546603,-0.320524752,1.466643564,-2.292237624
8,0.2-8,-1.2386139978081634,-1.311237624,1.466643564,-2.292237624
8,0.2-8,-1.9498723675646863,-1.971712871,1.466643564,-2.292237624
8,0.2-8,-1.961743308743613,-2.146544554,1.466643564,-2.292237624
8,0.2-8,-1.2092594176531923,-1.223821782,1.466643564,-2.292237624
8,0.2-8,-0.1716101396314618,-0.291386139,1.466643564,-2.292237624
8,0.2-8,0.5866118063044272,0.563346535,1.466643564,-2.292237624
8,0.2-8,1.0899572206229682,1.000425743,1.466643564,-2.292237624
8,0.2-8,1.3452622010152977,1.311237624,1.466643564,-2.292237624
8,0.2-8,1.388902780111483,1.301524752,1.466643564,-2.292237624
8,0.2-8,1.2971939008739863,1.28209901,1.466643564,-2.292237624
8,0.2-8,0.9072864684354552,0.864445545,1.466643564,-2.292237624
8,0.2-8,0.0891329108304096,0.048564356,1.466643564,-2.292237624
8,0.2-8,-0.8051357061868585,-0.854732673,1.466643564,-2.292237624
8,0.2-8,-1.7070096812206412,-1.670613861,1.466643564,-2.292237624
8,0.2-8,-1.8770264975063595,-1.991138614,1.466643564,-2.292237624
8,0.2-8,-1.2950451243499563,-1.43750495,1.466643564,-2.292237624
8,0.2-8,-0.2819976841843963,-0.310811881,1.466643564,-2.292237624
8,0.2-8,0.4831298150657293,0.359376238,1.466643564,-2.292237624
8,0.2-8,0.9549206134156952,0.874158416,1.466643564,-2.292237624
8,0.2-8,0.9788157923856008,0.922722772,1.466643564,-2.292237624
8,0.2-8,0.8379787706764357,0.893584158,1.466643564,-2.292237624
8,0.2-8,0.5991652577421309,0.52449505,1.466643564,-2.292237624
8,0.2-8,0.4543055613547249,0.466217822,1.466643564,-2.292237624
8,0.2-8,0.1004681881133424,0.097128713,1.466643564,-2.292237624
8,0.2-8,-0.2944625601499719,-0.252534653,1.466643564,-2.292237624
8,0.2-8,-0.7124984604853768,-0.738178218,1.466643564,-2.292237624
8,0.2-8,-0.867452428997243,-0.893584158,1.466643564,-2.292237624
8,0.2-8,-0.6162849739021067,-0.767316832,1.466643564,-2.292237624
8,0.2-8,-0.1859626070556178,-0.252534653,1.466643564,-2.292237624
8,0.2-8,0.1566949596030345,0.038851485,1.466643564,-2.292237624
8,0.2-8,0.359502547599955,0.262247525,1.466643564,-2.292237624
8,0.2-8,0.374818608890747,0.262247525,1.466643564,-2.292237624
8,0.2-8,0.2741759455591182,0.271960396,1.466643564,-2.292237624
8,0.2-8,0.0479036099515902,0.009712871,1.466643564,-2.292237624
8,0.2-8,-0.0342103670522412,-0.048564356,1.466643564,-2.292237624
8,0.2-8,-0.0720605653317235,-0.126267327,1.466643564,-2.292237624
8,0.2-8,-0.0179196356436905,-0.048564356,1.466643564,-2.292237624
8,0.2-8,-0.0154102938402905,-0.058277228,1.466643564,-2.292237624
8,0.2-8,0.0050693725728331,0.009712871,1.466643564,-2.292237624
8,0.2-8,-0.012479160979794,-0.145693069,1.466643564,-2.292237624
8,0.2-8,-0.0228125542633312,-0.009712871,1.466643564,-2.292237624
8,0.2-8,-0.0073601889594331,-0.087415842,1.466643564,-2.292237624
8,0.2-8,-0.0253671006398359,-0.058277228,1.466643564,-2.292237624
9,0.2-8,0.0114947050559532,-0.106841584,1.466643564,-2.292237624
9,0.2-8,0.0788551396485783,-0.07770297,1.466643564,-2.292237624
9,0.2-8,-0.0013756307277009,-0.07770297,1.466643564,-2.292237624
9,0.2-8,0.0492540262492933,-0.058277228,1.466643564,-2.292237624
9,0.2-8,0.0006363898318018,-0.07770297,1.466643564,-2.292237624
9,0.2-8,0.1011100129990549,-0.019425743,1.466643564,-2.292237624
9,0.2-8,-0.0390958814082742,-0.058277228,1.466643564,-2.292237624
9,0.2-8,0.0145269602648542,-0.038851485,1.466643564,-2.292237624
9,0.2-8,0.0194152043155071,-0.058277228,1.466643564,-2.292237624
9,0.2-8,0.1168381910960659,0.048564356,1.466643564,-2.292237624
9,0.2-8,0.0538065605699598,0.087415842,1.466643564,-2.292237624
9,0.2-8,-0.0561900044774194,-0.126267327,1.466643564,-2.292237624
9,0.2-8,-0.2586147745645812,-0.30109901,1.466643564,-2.292237624
9,0.2-8,-0.3818952359877914,-0.446792079,1.466643564,-2.292237624
9,0.2-8,-0.3964539843850341,-0.427366337,1.466643564,-2.292237624
9,0.2-8,-0.188332939670148,-0.339950495,1.466643564,-2.292237624
9,0.2-8,0.1938175470263247,0.165118812,1.466643564,-2.292237624
9,0.2-8,0.6711884803042458,0.45650495,1.466643564,-2.292237624
9,0.2-8,0.8241204742405038,0.815881188,1.466643564,-2.292237624
9,0.2-8,0.825142150886291,0.660475248,1.466643564,-2.292237624
9,0.2-8,0.4764737642894565,0.466217822,1.466643564,-2.292237624
9,0.2-8,0.0451343012743875,-0.038851485,1.466643564,-2.292237624
9,0.2-8,-0.512236606622486,-0.52449505,1.466643564,-2.292237624
9,0.2-8,-1.1103624032784158,-1.233534653,1.466643564,-2.292237624
9,0.2-8,-1.3399979040881012,-1.35980198,1.466643564,-2.292237624
9,0.2-8,-1.0023799777169888,-1.155831683,1.466643564,-2.292237624
9,0.2-8,-0.4037298093468742,-0.437079208,1.466643564,-2.292237624
9,0.2-8,0.2348098662622714,0.097128713,1.466643564,-2.292237624
9,0.2-8,0.6983997757108021,0.689613861,1.466643564,-2.292237624
9,0.2-8,1.1155005457682925,0.981,1.466643564,-2.292237624
9,0.2-8,1.36945230649002,1.369514851,1.466643564,-2.292237624
9,0.2-8,1.32251402606196,1.291811881,1.466643564,-2.292237624
9,0.2-8,1.009017868707672,1.087841584,1.466643564,-2.292237624
9,0.2-8,0.1002093420671868,0.155405941,1.466643564,-2.292237624
9,0.2-8,-0.7100162242372032,-0.67990099,1.466643564,-2.292237624
9,0.2-8,-1.675159736516253,-1.699752475,1.466643564,-2.292237624
9,0.2-8,-2.133899783713814,-2.292237624,1.466643564,-2.292237624
9,0.2-8,-1.6802121221150503,-1.88429703,1.466643564,-2.292237624
9,0.2-8,-0.5398564835771834,-0.777029703,1.466643564,-2.292237624
9,0.2-8,0.322920481069728,0.174831683,1.466643564,-2.292237624
9,0.2-8,0.8630842643037293,0.835306931,1.466643564,-2.292237624
9,0.2-8,1.2237458121881195,1.097554455,1.466643564,-2.292237624
9,0.2-8,1.3452507325320369,1.311237624,1.466643564,-2.292237624
9,0.2-8,1.415428576696758,1.340376238,1.466643564,-2.292237624
9,0.2-8,1.2253339660517848,1.214108911,1.466643564,-2.292237624
9,0.2-8,0.6238403817094971,0.650762376,1.466643564,-2.292237624
9,0.2-8,-0.3757334581258503,-0.349663366,1.466643564,-2.292237624
9,0.2-8,-1.2229951654459372,-1.194683168,1.466643564,-2.292237624
9,0.2-8,-1.9775024996939377,-2.020277228,1.466643564,-2.292237624
9,0.2-8,-2.048939890204955,-2.097980198,1.466643564,-2.292237624
9,0.2-8,-1.155165285421871,-1.427792079,1.466643564,-2.292237624
9,0.2-8,-0.0966011218202329,-0.233108911,1.466643564,-2.292237624
9,0.2-8,0.612025186863478,0.466217822,1.466643564,-2.292237624
9,0.2-8,1.0967060104901003,1.048990099,1.466643564,-2.292237624
9,0.2-8,1.2565915348369376,1.223821782,1.466643564,-2.292237624
9,0.2-8,1.3284667808460373,1.320950495,1.466643564,-2.292237624
9,0.2-8,1.2642025568623274,1.252960396,1.466643564,-2.292237624
9,0.2-8,1.0653391869581368,1.05870297,1.466643564,-2.292237624
9,0.2-8,0.1054087376569062,0.213683168,1.466643564,-2.292237624
9,0.2-8,-0.7192134410303632,-0.728465347,1.466643564,-2.292237624
9,0.2-8,-1.7339833107449798,-1.651188119,1.466643564,-2.292237624
9,0.2-8,-2.045023713319257,-2.204821782,1.466643564,-2.292237624
9,0.2-8,-1.6753209368498698,-1.796881188,1.466643564,-2.292237624
9,0.2-8,-0.548562220559187,-0.747891089,1.466643564,-2.292237624
9,0.2-8,0.2650595977983124,0.165118812,1.466643564,-2.292237624
9,0.2-8,0.8853457811044582,0.75760396,1.466643564,-2.292237624
9,0.2-8,1.2472039405287234,1.194683168,1.466643564,-2.292237624
9,0.2-8,1.3099711210872211,1.301524752,1.466643564,-2.292237624
9,0.2-8,1.3949129563260023,1.350089109,1.466643564,-2.292237624
9,0.2-8,1.152221807535875,1.136405941,1.466643564,-2.292237624
9,0.2-8,0.5946018057254111,0.650762376,1.466643564,-2.292237624
9,0.2-8,-0.3933704536555256,-0.30109901,1.466643564,-2.292237624
9,0.2-8,-1.2595382459085325,-1.175257426,1.466643564,-2.292237624
9,0.2-8,-2.023776188293171,-1.991138614,1.466643564,-2.292237624
9,0.2-8,-1.944445220985287,-2.010564356,1.466643564,-2.292237624
9,0.2-8,-1.1485818430107324,-1.427792079,1.466643564,-2.292237624
9,0.2-8,-0.0547672957761874,-0.233108911,1.466643564,-2.292237624
9,0.2-8,0.6588668690221433,0.427366337,1.466643564,-2.292237624
9,0.2-8,1.0841166246916132,1.087841584,1.466643564,-2.292237624
9,0.2-8,1.2887662544325136,1.107267327,1.466643564,-2.292237624
9,0.2-8,1.3441307820648334,1.379227723,1.466643564,-2.292237624
9,0.2-8,1.3279825260799876,1.272386139,1.466643564,-2.292237624
9,0.2-8,0.9507452696920344,1.048990099,1.466643564,-2.292237624
9,0.2-8,0.1047430638730943,0.174831683,1.466643564,-2.292237624
9,0.2-8,-0.804525399177133,-0.738178218,1.466643564,-2.292237624
9,0.2-8,-1.6682152151515672,-1.651188119,1.466643564,-2.292237624
9,0.2-8,-2.089984524268635,-2.146544554,1.466643564,-2.292237624
9,0.2-8,-1.6810160838247756,-1.874584158,1.466643564,-2.292237624
9,0.2-8,-0.5463053839734807,-0.835306931,1.466643564,-2.292237624
9,0.2-8,0.2487014290096375,0.155405941,1.466643564,-2.292237624
9,0.2-8,0.8703281577325411,0.825594059,1.466643564,-2.292237624
9,0.2-8,1.2039436286640677,1.155831683,1.466643564,-2.292237624
9,0.2-8,1.3204583154954197,1.291811881,1.466643564,-2.292237624
9,0.2-8,1.3107692727536726,1.233534653,1.466643564,-2.292237624
9,0.2-8,1.237405160857845,1.214108911,1.466643564,-2.292237624
9,0.2-8,0.5757579814677692,0.641049505,1.466643564,-2.292237624
9,0.2-8,-0.3913506148991301,-0.330237624,1.466643564,-2.292237624
9,0.2-8,-1.2108319009880064,-1.214108911,1.466643564,-2.292237624
9,0.2-8,-2.006946989142789,-1.971712871,1.466643564,-2.292237624
9,0.2-8,-1.9895267991377104,-2.078554455,1.466643564,-2.292237624
9,0.2-8,-1.0964094252670744,-1.408366337,1.466643564,-2.292237624
9,0.2-8,-0.0352820360630648,-0.22339604,1.466643564,-2.292237624
9,0.2-8,0.5757535542881536,0.417653465,1.466643564,-2.292237624
9,0.2-8,1.0427988894516933,1.010138614,1.466643564,-2.292237624
9,0.2-8,1.3410798261854853,1.301524752,1.466643564,-2.292237624
9,0.2-8,1.3311365546893004,1.350089109,1.466643564,-2.292237624
9,0.2-8,1.3423443393621994,1.28209901,1.466643564,-2.292237624
9,0.2-8,0.9192606552109732,0.961574257,1.466643564,-2.292237624
9,0.2-8,0.051871711051312,0.135980198,1.466643564,-2.292237624
9,0.2-8,-0.8220065320043559,-0.738178218,1.466643564,-2.292237624
9,0.2-8,-1.7276720774703298,-1.641475248,1.466643564,-2.292237624
9,0.2-8,-2.0840130076610013,-2.107693069,1.466643564,-2.292237624
9,0.2-8,-1.641410131800465,-1.874584158,1.466643564,-2.292237624
9,0.2-8,-0.5743008617183549,-0.786742574,1.466643564,-2.292237624
9,0.2-8,0.2325459656981324,0.116554455,1.466643564,-2.292237624
9,0.2-8,0.9390833442621612,0.67990099,1.466643564,-2.292237624
9,0.2-8,1.2275540281810031,1.175257426,1.466643564,-2.292237624
9,0.2-8,1.4461674004024272,1.28209901,1.466643564,-2.292237624
9,0.2-8,1.3813607457144292,1.369514851,1.466643564,-2.292237624
9,0.2-8,1.204541617891256,1.155831683,1.466643564,-2.292237624
9,0.2-8,0.5030960985967924,0.60219802,1.466643564,-2.292237624
9,0.2-8,-0.3522948144302988,-0.262247525,1.466643564,-2.292237624
9,0.2-8,-1.2718545504257546,-1.165544554,1.466643564,-2.292237624
9,0.2-8,-1.9894919471068289,-2.020277228,1.466643564,-2.292237624
9,0.2-8,-1.9600965140246875,-2.136831683,1.466643564,-2.292237624
9,0.2-8,-1.1321868168608713,-1.369514851,1.466643564,-2.292237624
9,0.2-8,0.0253400642417552,-0.213683168,1.466643564,-2.292237624
9,0.2-8,0.5673439422310917,0.398227723,1.466643564,-2.292237624
9,0.2-8,1.0910142949202224,1.107267327,1.466643564,-2.292237624
9,0.2-8,1.2389176808733058,1.194683168,1.466643564,-2.292237624
9,0.2-8,1.3380409589082325,1.408366337,1.466643564,-2.292237624
9,0.2-8,1.2250934954586867,1.233534653,1.466643564,-2.292237624
9,0.2-8,0.9912490092376172,1.068415842,1.466643564,-2.292237624
9,0.2-8,0.084322799483861,0.135980198,1.466643564,-2.292237624
9,0.2-8,-0.8205660234240342,-0.709039604,1.466643564,-2.292237624
9,0.2-8,-1.65710919641509,-1.651188119,1.466643564,-2.292237624
9,0.2-8,-2.074749264891548,-2.165970297,1.466643564,-2.292237624
9,0.2-8,-1.628405866944032,-1.913435644,1.466643564,-2.292237624
9,0.2-8,-0.5422091209034664,-0.75760396,1.466643564,-2.292237624
9,0.2-8,0.3133071187400183,0.126267327,1.466643564,-2.292237624
9,0.2-8,0.903787921823485,0.777029703,1.466643564,-2.292237624
9,0.2-8,1.2534045169758985,1.107267327,1.466643564,-2.292237624
9,0.2-8,1.3456065599624958,1.350089109,1.466643564,-2.292237624
9,0.2-8,1.3127968206622715,1.233534653,1.466643564,-2.292237624
9,0.2-8,1.1715285630840766,1.223821782,1.466643564,-2.292237624
9,0.2-8,0.4883061844513145,0.631336634,1.466643564,-2.292237624
9,0.2-8,-0.3865518943402783,-0.281673267,1.466643564,-2.292237624
9,0.2-8,-1.2758788020896377,-1.136405941,1.466643564,-2.292237624
9,0.2-8,-2.0031023377342376,-2.029990099,1.466643564,-2.292237624
9,0.2-8,-1.984802181231093,-2.029990099,1.466643564,-2.292237624
9,0.2-8,-1.0828967221970769,-1.418079208,1.466643564,-2.292237624
9,0.2-8,-0.0430757757426585,-0.22339604,1.466643564,-2.292237624
9,0.2-8,0.560871555932447,0.359376238,1.466643564,-2.292237624
9,0.2-8,1.0867343984164275,1.039277228,1.466643564,-2.292237624
9,0.2-8,1.2787807224736518,1.272386139,1.466643564,-2.292237624
9,0.2-8,1.4584190311902698,1.398653465,1.466643564,-2.292237624
9,0.2-8,1.324359268703602,1.320950495,1.466643564,-2.292237624
9,0.2-8,0.8943953994702147,1.010138614,1.466643564,-2.292237624
9,0.2-8,0.0010995401519909,0.07770297,1.466643564,-2.292237624
9,0.2-8,-0.7725902440529175,-0.709039604,1.466643564,-2.292237624
9,0.2-8,-1.7037234363635918,-1.66090099,1.466643564,-2.292237624
9,0.2-8,-2.088799280073899,-2.107693069,1.466643564,-2.292237624
9,0.2-8,-1.5346122752141589,-1.835732673,1.466643564,-2.292237624
9,0.2-8,-0.5375822364630143,-0.75760396,1.466643564,-2.292237624
9,0.2-8,0.2872626538023423,0.087415842,1.466643564,-2.292237624
9,0.2-8,0.8320097446502478,0.728465347,1.466643564,-2.292237624
9,0.2-8,1.2266568024052131,1.175257426,1.466643564,-2.292237624
9,0.2-8,1.3432953474878786,1.330663366,1.466643564,-2.292237624
9,0.2-8,1.3190090627089184,1.350089109,1.466643564,-2.292237624
9,0.2-8,1.1304865047410089,1.214108911,1.466643564,-2.292237624
9,0.2-8,0.4825324163397524,0.611910891,1.466643564,-2.292237624
9,0.2-8,-0.452081990130263,-0.310811881,1.466643564,-2.292237624
9,0.2-8,-1.362060811863813,-1.146118812,1.466643564,-2.292237624
9,0.2-8,-1.9214807632843292,-1.962,1.466643564,-2.292237624
9,0.2-8,-1.9122699234599256,-2.059128713,1.466643564,-2.292237624
9,0.2-8,-1.0371465612290351,-1.379227723,1.466643564,-2.292237624
9,0.2-8,-0.0305100184512778,-0.233108911,1.466643564,-2.292237624
9,0.2-8,0.6040770198842381,0.37880198,1.466643564,-2.292237624
9,0.2-8,1.0935569487679802,1.019851485,1.466643564,-2.292237624
9,0.2-8,1.3128146744433662,1.175257426,1.466643564,-2.292237624
9,0.2-8,1.4561524326960882,1.398653465,1.466643564,-2.292237624
9,0.2-8,1.327181884544125,1.223821782,1.466643564,-2.292237624
9,0.2-8,0.9361271215991972,1.010138614,1.466643564,-2.292237624
9,0.2-8,-0.0350995859207134,0.07770297,1.466643564,-2.292237624
9,0.2-8,-0.8541674545088507,-0.650762376,1.466643564,-2.292237624
9,0.2-8,-1.7344870384714208,-1.670613861,1.466643564,-2.292237624
9,0.2-8,-2.0669605314048263,-2.107693069,1.466643564,-2.292237624
9,0.2-8,-1.653129127201624,-1.894009901,1.466643564,-2.292237624
9,0.2-8,-0.5188291564757284,-0.767316832,1.466643564,-2.292237624
9,0.2-8,0.2914823892336692,0.058277228,1.466643564,-2.292237624
9,0.2-8,0.8743900539997866,0.815881188,1.466643564,-2.292237624
9,0.2-8,1.2860216317719062,1.146118812,1.466643564,-2.292237624
9,0.2-8,1.3656280741668758,1.388940594,1.466643564,-2.292237624
9,0.2-8,1.3872974811939436,1.262673267,1.466643564,-2.292237624
9,0.2-8,1.160562087550092,1.214108911,1.466643564,-2.292237624
9,0.2-8,0.4948997814043947,0.631336634,1.466643564,-2.292237624
9,0.2-8,-0.3480036068237595,-0.242821782,1.466643564,-2.292237624
9,0.2-8,-1.2370939537584358,-1.165544554,1.466643564,-2.292237624
9,0.2-8,-2.009886460661522,-2.010564356,1.466643564,-2.292237624
9,0.2-8,-1.9388093224134515,-2.03970297,1.466643564,-2.292237624
9,0.2-8,-1.0605482868695422,-1.408366337,1.466643564,-2.292237624
9,0.2-8,-0.0879633780922378,-0.310811881,1.466643564,-2.292237624
9,0.2-8,0.6381963368638204,0.475930693,1.466643564,-2.292237624
9,0.2-8,1.140892883022116,1.019851485,1.466643564,-2.292237624
9,0.2-8,1.3093910556871058,1.272386139,1.466643564,-2.292237624
9,0.2-8,1.3325626382674762,1.320950495,1.466643564,-2.292237624
9,0.2-8,1.2717579928174387,1.252960396,1.466643564,-2.292237624
9,0.2-8,0.8876652956266107,0.971287129,1.466643564,-2.292237624
9,0.2-8,0.0003550337798372,0.194257426,1.466643564,-2.292237624
9,0.2-8,-0.7926861346186486,-0.611910891,1.466643564,-2.292237624
9,0.2-8,-1.772344347162092,-1.58319802,1.466643564,-2.292237624
9,0.2-8,-2.083675706597866,-2.136831683,1.466643564,-2.292237624
9,0.2-8,-1.6044904318522228,-1.903722772,1.466643564,-2.292237624
9,0.2-8,-0.483551385425209,-0.845019802,1.466643564,-2.292237624
9,0.2-8,0.308181974532663,0.087415842,1.466643564,-2.292237624
9,0.2-8,0.9421021393711682,0.75760396,1.466643564,-2.292237624
9,0.2-8,1.321989288543595,1.223821782,1.466643564,-2.292237624
9,0.2-8,1.3437936545401992,1.330663366,1.466643564,-2.292237624
9,0.2-8,1.3676146045291844,1.233534653,1.466643564,-2.292237624
9,0.2-8,1.11810613739374,1.233534653,1.466643564,-2.292237624
9,0.2-8,0.4928146181753458,0.582772277,1.466643564,-2.292237624
9,0.2-8,-0.3906309445711194,-0.30109901,1.466643564,-2.292237624
9,0.2-8,-1.2904242334801137,-1.165544554,1.466643564,-2.292237624
9,0.2-8,-1.9765845853101416,-1.962,1.466643564,-2.292237624
9,0.2-8,-1.990183209019693,-2.059128713,1.466643564,-2.292237624
9,0.2-8,-1.0836252214264088,-1.418079208,1.466643564,-2.292237624
9,0.2-8,-0.0793602578704272,-0.330237624,1.466643564,-2.292237624
9,0.2-8,0.5774760186565937,0.417653465,1.466643564,-2.292237624
9,0.2-8,1.077290872604853,1.078128713,1.466643564,-2.292237624
9,0.2-8,1.3565873296749735,1.184970297,1.466643564,-2.292237624
9,0.2-8,1.3582505659389543,1.427792079,1.466643564,-2.292237624
9,0.2-8,1.3335604300748536,1.223821782,1.466643564,-2.292237624
9,0.2-8,0.8444069787051717,1.019851485,1.466643564,-2.292237624
9,0.2-8,0.0414358509871831,0.194257426,1.466643564,-2.292237624
9,0.2-8,-0.8292686919372485,-0.670188119,1.466643564,-2.292237624
9,0.2-8,-1.680293250505981,-1.680326733,1.466643564,-2.292237624
9,0.2-8,-1.9887658415575435,-2.136831683,1.466643564,-2.292237624
9,0.2-8,-1.5811813884180526,-1.874584158,1.466643564,-2.292237624
9,0.2-8,-0.4082885719751574,-0.806168317,1.466643564,-2.292237624
9,0.2-8,0.2901450414289593,0.067990099,1.466643564,-2.292237624
9,0.2-8,0.9657167651783534,0.796455446,1.466643564,-2.292237624
9,0.2-8,1.1996606092195476,1.126693069,1.466643564,-2.292237624
9,0.2-8,1.3510615577020937,1.388940594,1.466643564,-2.292237624
9,0.2-8,1.311541619210291,1.252960396,1.466643564,-2.292237624
9,0.2-8,1.119357171079018,1.233534653,1.466643564,-2.292237624
9,0.2-8,0.4252568957342424,0.573059406,1.466643564,-2.292237624
9,0.2-8,-0.4256425326908247,-0.252534653,1.466643564,-2.292237624
9,0.2-8,-1.315119843337041,-1.243247525,1.466643564,-2.292237624
9,0.2-8,-2.023397458748235,-1.942574257,1.466643564,-2.292237624
9,0.2-8,-1.8726298941957935,-2.059128713,1.466643564,-2.292237624
9,0.2-8,-1.0322619581483607,-1.398653465,1.466643564,-2.292237624
9,0.2-8,-0.0714735863673288,-0.30109901,1.466643564,-2.292237624
9,0.2-8,0.5760325614576902,0.437079208,1.466643564,-2.292237624
9,0.2-8,1.1520732313701527,0.981,1.466643564,-2.292237624
9,0.2-8,1.3211670640116933,1.262673267,1.466643564,-2.292237624
9,0.2-8,1.41556076310742,1.35980198,1.466643564,-2.292237624
9,0.2-8,1.343010658877708,1.291811881,1.466643564,-2.292237624
9,0.2-8,0.8663400747256415,0.932435644,1.466643564,-2.292237624
9,0.2-8,0.0433752734283753,0.165118812,1.466643564,-2.292237624
9,0.2-8,-0.8613615646761744,-0.689613861,1.466643564,-2.292237624
9,0.2-8,-1.7426018012684796,-1.602623762,1.466643564,-2.292237624
9,0.2-8,-2.063509156709342,-2.146544554,1.466643564,-2.292237624
9,0.2-8,-1.5402250132419204,-1.88429703,1.466643564,-2.292237624
9,0.2-8,-0.4462394826681635,-0.815881188,1.466643564,-2.292237624
9,0.2-8,0.2757781321917869,0.067990099,1.466643564,-2.292237624
9,0.2-8,0.8894312915088214,0.728465347,1.466643564,-2.292237624
9,0.2-8,1.278301126342698,1.20439604,1.466643564,-2.292237624
9,0.2-8,1.3636766297891745,1.330663366,1.466643564,-2.292237624
9,0.2-8,1.2591036043318622,1.311237624,1.466643564,-2.292237624
9,0.2-8,1.1518506825669776,1.223821782,1.466643564,-2.292237624
9,0.2-8,0.4950021232776629,0.611910891,1.466643564,-2.292237624
9,0.2-8,-0.3756522090856211,-0.281673267,1.466643564,-2.292237624
9,0.2-8,-1.29604811700778,-1.175257426,1.466643564,-2.292237624
9,0.2-8,-2.0122401824308764,-1.952287129,1.466643564,-2.292237624
9,0.2-8,-1.8694471003937656,-2.068841584,1.466643564,-2.292237624
9,0.2-8,-1.075684810726236,-1.350089109,1.466643564,-2.292237624
9,0.2-8,-0.0145487230247449,-0.30109901,1.466643564,-2.292237624
9,0.2-8,0.632681639658662,0.427366337,1.466643564,-2.292237624
9,0.2-8,1.213536305703396,1.087841584,1.466643564,-2.292237624
9,0.2-8,1.3167369046240145,1.272386139,1.466643564,-2.292237624
9,0.2-8,1.4214167757071694,1.388940594,1.466643564,-2.292237624
9,0.2-8,1.272084633932156,1.223821782,1.466643564,-2.292237624
9,0.2-8,0.8260943357046104,1.029564356,1.466643564,-2.292237624
9,0.2-8,-0.0404842560525606,0.184544554,1.466643564,-2.292237624
9,0.2-8,-0.9131789743866734,-0.621623762,1.466643564,-2.292237624
9,0.2-8,-1.7030266346168172,-1.612336634,1.466643564,-2.292237624
9,0.2-8,-2.0945349613095083,-2.107693069,1.466643564,-2.292237624
9,0.2-8,-1.5325571780971226,-1.894009901,1.466643564,-2.292237624
9,0.2-8,-0.5108696757836749,-0.825594059,1.466643564,-2.292237624
9,0.2-8,0.318485839566078,0.058277228,1.466643564,-2.292237624
9,0.2-8,0.959637433143814,0.835306931,1.466643564,-2.292237624
9,0.2-8,1.3136682300461429,1.175257426,1.466643564,-2.292237624
9,0.2-8,1.4119182891108308,1.466643564,1.466643564,-2.292237624
9,0.2-8,1.2964444142813751,1.233534653,1.466643564,-2.292237624
9,0.2-8,1.175215743719202,1.233534653,1.466643564,-2.292237624
9,0.2-8,0.4084932171311773,0.563346535,1.466643564,-2.292237624
9,0.2-8,-0.396324536666985,-0.262247525,1.466643564,-2.292237624
9,0.2-8,-1.2998179412686426,-1.184970297,1.466643564,-2.292237624
9,0.2-8,-1.9596056705966056,-1.903722772,1.466643564,-2.292237624
9,0.2-8,-1.9530607845337025,-2.127118812,1.466643564,-2.292237624
9,0.2-8,-1.0420457851043126,-1.35980198,1.466643564,-2.292237624
9,0.2-8,-0.0427222425492694,-0.320524752,1.466643564,-2.292237624
9,0.2-8,0.5853870523583794,0.407940594,1.466643564,-2.292237624
9,0.2-8,1.1640723348790611,0.961574257,1.466643564,-2.292237624
9,0.2-8,1.2930185394483265,1.320950495,1.466643564,-2.292237624
9,0.2-8,1.3838107723081794,1.301524752,1.466643564,-2.292237624
9,0.2-8,1.2890725726567247,1.311237624,1.466643564,-2.292237624
9,0.2-8,0.8501066570709822,0.990712871,1.466643564,-2.292237624
9,0.2-8,-0.0700417896305043,0.174831683,1.466643564,-2.292237624
9,0.2-8,-0.8531496881153257,-0.67990099,1.466643564,-2.292237624
9,0.2-8,-1.7449661077556489,-1.58319802,1.466643564,-2.292237624
9,0.2-8,-2.078644390837179,-2.068841584,1.466643564,-2.292237624
9,0.2-8,-1.5285230076806835,-1.874584158,1.466643564,-2.292237624
9,0.2-8,-0.4470262240810292,-0.796455446,1.466643564,-2.292237624
9,0.2-8,0.3789410821597855,0.058277228,1.466643564,-2.292237624
9,0.2-8,0.9718729889655544,0.786742574,1.466643564,-2.292237624
9,0.2-8,1.2759407824955895,1.214108911,1.466643564,-2.292237624
9,0.2-8,1.3357208475472675,1.340376238,1.466643564,-2.292237624
9,0.2-8,1.3702187567252486,1.28209901,1.466643564,-2.292237624
9,0.2-8,1.1642662299709368,1.223821782,1.466643564,-2.292237624
9,0.2-8,0.403653856216269,0.611910891,1.466643564,-2.292237624
9,0.2-8,-0.4251335857194175,-0.262247525,1.466643564,-2.292237624
9,0.2-8,-1.4080321173339505,-1.233534653,1.466643564,-2.292237624
9,0.2-8,-1.9674628655060868,-1.864871287,1.466643564,-2.292237624
9,0.2-8,-1.9772486048586309,-2.088267327,1.466643564,-2.292237624
9,0.2-8,-1.0273841568963362,-1.418079208,1.466643564,-2.292237624
9,0.2-8,-0.0472796573505572,-0.359376238,1.466643564,-2.292237624
9,0.2-8,0.6546189702541675,0.417653465,1.466643564,-2.292237624
9,0.2-8,1.1928384264573886,1.05870297,1.466643564,-2.292237624
9,0.2-8,1.3154241110207017,1.194683168,1.466643564,-2.292237624
9,0.2-8,1.4075154895056807,1.418079208,1.466643564,-2.292237624
9,0.2-8,1.228685655372125,1.262673267,1.466643564,-2.292237624
9,0.2-8,0.8811386138941375,0.942148515,1.466643564,-2.292237624
9,0.2-8,-0.0390179281464736,0.155405941,1.466643564,-2.292237624
9,0.2-8,-0.8611563279143095,-0.660475248,1.466643564,-2.292237624
9,0.2-8,-1.7096005514491217,-1.573485149,1.466643564,-2.292237624
9,0.2-8,-2.013721171028696,-2.136831683,1.466643564,-2.292237624
9,0.2-8,-1.5684723297761076,-1.864871287,1.466643564,-2.292237624
9,0.2-8,-0.4180667654237073,-0.854732673,1.466643564,-2.292237624
9,0.2-8,0.3335686009190106,0.067990099,1.466643564,-2.292237624
9,0.2-8,0.9110514236066304,0.806168317,1.466643564,-2.292237624
9,0.2-8,1.2609155280627369,1.078128713,1.466643564,-2.292237624
9,0.2-8,1.2959856746120348,1.388940594,1.466643564,-2.292237624
9,0.2-8,1.373070568965036,1.252960396,1.466643564,-2.292237624
9,0.2-8,1.0738313250178406,1.301524752,1.466643564,-2.292237624
9,0.2-8,0.4070725841736461,0.573059406,1.466643564,-2.292237624
9,0.2-8,-0.5025934579310032,-0.233108911,1.466643564,-2.292237624
9,0.2-8,-1.3556980884194578,-1.194683168,1.466643564,-2.292237624
9,0.2-8,-1.986853495496675,-1.874584158,1.466643564,-2.292237624
9,0.2-8,-1.8953130510011145,-2.097980198,1.466643564,-2.292237624
9,0.2-8,-0.958415161735498,-1.35980198,1.466643564,-2.292237624
9,0.2-8,-0.0163564218288354,-0.417653465,1.466643564,-2.292237624
9,0.2-8,0.7004796766864964,0.475930693,1.466643564,-2.292237624
9,0.2-8,1.1274183298596008,1.010138614,1.466643564,-2.292237624
9,0.2-8,1.3606554860662912,1.272386139,1.466643564,-2.292237624
9,0.2-8,1.3031369170503695,1.262673267,1.466643564,-2.292237624
9,0.2-8,1.265815649964995,1.320950495,1.466643564,-2.292237624
9,0.2-8,0.7930736581013169,0.922722772,1.466643564,-2.292237624
9,0.2-8,-0.0670108876279142,0.213683168,1.466643564,-2.292237624
9,0.2-8,-0.8648945832953303,-0.709039604,1.466643564,-2.292237624
9,0.2-8,-1.7934254529904197,-1.602623762,1.466643564,-2.292237624
9,0.2-8,-2.0871921321949194,-2.107693069,1.466643564,-2.292237624
9,0.2-8,-1.5451179496197338,-1.845445545,1.466643564,-2.292237624
9,0.2-8,-0.4336953357395704,-0.796455446,1.466643564,-2.292237624
9,0.2-8,0.3506586641755617,0.097128713,1.466643564,-2.292237624
9,0.2-8,0.9532552883349656,0.75760396,1.466643564,-2.292237624
9,0.2-8,1.2753593378187071,1.165544554,1.466643564,-2.292237624
9,0.2-8,1.3188634464070814,1.301524752,1.466643564,-2.292237624
9,0.2-8,1.3541910568885962,1.301524752,1.466643564,-2.292237624
9,0.2-8,1.0972681726822766,1.184970297,1.466643564,-2.292237624
9,0.2-8,0.3897152878416726,0.563346535,1.466643564,-2.292237624
9,0.2-8,-0.4372340566870505,-0.262247525,1.466643564,-2.292237624
9,0.2-8,-1.3516115305948384,-1.194683168,1.466643564,-2.292237624
9,0.2-8,-1.970760041195021,-1.874584158,1.466643564,-2.292237624
9,0.2-8,-1.8611351614372615,-2.107693069,1.466643564,-2.292237624
9,0.2-8,-0.9767990739470672,-1.340376238,1.466643564,-2.292237624
9,0.2-8,0.0007029928538192,-0.349663366,1.466643564,-2.292237624
9,0.2-8,0.7141848226910461,0.45650495,1.466643564,-2.292237624
9,0.2-8,1.1227553502845722,1.048990099,1.466643564,-2.292237624
9,0.2-8,1.3275953917572223,1.223821782,1.466643564,-2.292237624
9,0.2-8,1.3328914998935315,1.320950495,1.466643564,-2.292237624
9,0.2-8,1.26988178067284,1.233534653,1.466643564,-2.292237624
9,0.2-8,0.7658561457896507,0.990712871,1.466643564,-2.292237624
9,0.2-8,-0.0557124349258936,0.22339604,1.466643564,-2.292237624
9,0.2-8,-0.916637069442782,-0.689613861,1.466643564,-2.292237624
9,0.2-8,-1.7711514256352927,-1.573485149,1.466643564,-2.292237624
9,0.2-8,-2.016344389428973,-2.136831683,1.466643564,-2.292237624
9,0.2-8,-1.5768731435070518,-1.874584158,1.466643564,-2.292237624
9,0.2-8,-0.4473504483610635,-0.874158416,1.466643564,-2.292237624
9,0.2-8,0.3266906825948205,0.058277228,1.466643564,-2.292237624
9,0.2-8,1.0054088067695917,0.767316832,1.466643564,-2.292237624
9,0.2-8,1.289730495343119,1.155831683,1.466643564,-2.292237624
9,0.2-8,1.411081831892679,1.350089109,1.466643564,-2.292237624
9,0.2-8,1.3761289597640254,1.301524752,1.466643564,-2.292237624
9,0.2-8,1.1372325164735837,1.223821782,1.466643564,-2.292237624
9,0.2-8,0.3614413489553041,0.563346535,1.466643564,-2.292237624
9,0.2-8,-0.4880827600100493,-0.22339604,1.466643564,-2.292237624
9,0.2-8,-1.3380006850894248,-1.194683168,1.466643564,-2.292237624
9,0.2-8,-2.061389893087332,-1.874584158,1.466643564,-2.292237624
9,0.2-8,-1.8694028813274428,-2.107693069,1.466643564,-2.292237624
9,0.2-8,-1.006826438912932,-1.35980198,1.466643564,-2.292237624
9,0.2-8,0.0631346379815969,-0.339950495,1.466643564,-2.292237624
9,0.2-8,0.6568678551827388,0.466217822,1.466643564,-2.292237624
9,0.2-8,1.1453170583557366,0.932435644,1.466643564,-2.292237624
9,0.2-8,1.2965354569188845,1.301524752,1.466643564,-2.292237624
9,0.2-8,1.3192471156508434,1.252960396,1.466643564,-2.292237624
9,0.2-8,1.239463467309298,1.330663366,1.466643564,-2.292237624
9,0.2-8,0.7430505752361575,0.961574257,1.466643564,-2.292237624
9,0.2-8,0.0008341944122028,0.155405941,1.466643564,-2.292237624
9,0.2-8,-0.929909110537478,-0.689613861,1.466643564,-2.292237624
9,0.2-8,-1.7904837189178353,-1.58319802,1.466643564,-2.292237624
9,0.2-8,-2.05865435177162,-2.175683168,1.466643564,-2.292237624
9,0.2-8,-1.4558682552212543,-1.835732673,1.466643564,-2.292237624
9,0.2-8,-0.3934516209826397,-0.815881188,1.466643564,-2.292237624
9,0.2-8,0.394817160479315,0.126267327,1.466643564,-2.292237624
9,0.2-8,0.9757330064500052,0.767316832,1.466643564,-2.292237624
9,0.2-8,1.2454192659401473,1.214108911,1.466643564,-2.292237624
9,0.2-8,1.3666291748311887,1.320950495,1.466643564,-2.292237624
9,0.2-8,1.278824985222029,1.311237624,1.466643564,-2.292237624
9,0.2-8,1.0765489484240869,1.165544554,1.466643564,-2.292237624
9,0.2-8,0.3340458144729789,0.592485149,1.466643564,-2.292237624
9,0.2-8,-0.4602708365592481,-0.174831683,1.466643564,-2.292237624
9,0.2-8,-1.3930018403073958,-1.165544554,1.466643564,-2.292237624
9,0.2-8,-2.0618304136067382,-1.874584158,1.466643564,-2.292237624
9,0.2-8,-1.859051383696341,-2.107693069,1.466643564,-2.292237624
9,0.2-8,-0.9422558205390608,-1.340376238,1.466643564,-2.292237624
9,0.2-8,0.051616877328139,-0.349663366,1.466643564,-2.292237624
9,0.2-8,0.684507792970909,0.427366337,1.466643564,-2.292237624
9,0.2-8,1.150889742959686,1.019851485,1.466643564,-2.292237624
9,0.2-8,1.2929138001771827,1.243247525,1.466643564,-2.292237624
9,0.2-8,1.3989703959312474,1.379227723,1.466643564,-2.292237624
9,0.2-8,1.2742606442878828,1.272386139,1.466643564,-2.292237624
9,0.2-8,0.7681432973115178,0.961574257,1.466643564,-2.292237624
9,0.2-8,-0.0437679968348674,0.145693069,1.466643564,-2.292237624
9,0.2-8,-0.9423250088673256,-0.709039604,1.466643564,-2.292237624
9,0.2-8,-1.7100486357182685,-1.544346535,1.466643564,-2.292237624
9,0.2-8,-2.0619248806567407,-2.146544554,1.466643564,-2.292237624
9,0.2-8,-1.479672659115668,-1.855158416,1.466643564,-2.292237624
9,0.2-8,-0.3886863633411954,-0.874158416,1.466643564,-2.292237624
9,0.2-8,0.4018508718696507,0.106841584,1.466643564,-2.292237624
9,0.2-8,0.9636580122388438,0.699326733,1.466643564,-2.292237624
9,0.2-8,1.257472276253884,1.136405941,1.466643564,-2.292237624
9,0.2-8,1.3712291423623404,1.320950495,1.466643564,-2.292237624
9,0.2-8,1.2592680586106388,1.252960396,1.466643564,-2.292237624
9,0.2-8,1.1148493775822668,1.243247525,1.466643564,-2.292237624
9,0.2-8,0.2543697084100539,0.60219802,1.466643564,-2.292237624
9,0.2-8,-0.4270036157219944,-0.213683168,1.466643564,-2.292237624
9,0.2-8,-1.3316854120937225,-1.155831683,1.466643564,-2.292237624
9,0.2-8,-1.9956115284073712,-1.874584158,1.466643564,-2.292237624
9,0.2-8,-1.8556371049780829,-2.156257426,1.466643564,-2.292237624
9,0.2-8,-0.9508383776227024,-1.398653465,1.466643564,-2.292237624
9,0.2-8,0.0697195804218092,-0.369089109,1.466643564,-2.292237624
9,0.2-8,0.7082661565903906,0.45650495,1.466643564,-2.292237624
9,0.2-8,1.2076202260960465,0.90329703,1.466643564,-2.292237624
9,0.2-8,1.3031814888438025,1.320950495,1.466643564,-2.292237624
9,0.2-8,1.3695534508314149,1.330663366,1.466643564,-2.292237624
9,0.2-8,1.2470211363352453,1.291811881,1.466643564,-2.292237624
9,0.2-8,0.7852143650969431,0.932435644,1.466643564,-2.292237624
9,0.2-8,-0.1050947159760227,0.203970297,1.466643564,-2.292237624
9,0.2-8,-0.9762219857160078,-0.670188119,1.466643564,-2.292237624
9,0.2-8,-1.8330698773624776,-1.563772277,1.466643564,-2.292237624
9,0.2-8,-2.086149831673071,-2.117405941,1.466643564,-2.292237624
9,0.2-8,-1.454347262666049,-1.835732673,1.466643564,-2.292237624
9,0.2-8,-0.3871627879955787,-0.845019802,1.466643564,-2.292237624
9,0.2-8,0.4933505796642873,0.135980198,1.466643564,-2.292237624
9,0.2-8,0.9391253693544284,0.689613861,1.466643564,-2.292237624
9,0.2-8,1.2840806438914922,1.20439604,1.466643564,-2.292237624
9,0.2-8,1.36301117817981,1.291811881,1.466643564,-2.292237624
9,0.2-8,1.3339022901714603,1.320950495,1.466643564,-2.292237624
9,0.2-8,1.0948107581242708,1.126693069,1.466643564,-2.292237624
9,0.2-8,0.364505097089199,0.641049505,1.466643564,-2.292237624
9,0.2-8,-0.4971614186760528,-0.203970297,1.466643564,-2.292237624
9,0.2-8,-1.4985792975535377,-1.28209901,1.466643564,-2.292237624
9,0.2-8,-2.116904304601933,-2.049415842,1.466643564,-2.292237624
9,0.2-8,-1.862562898920173,-2.117405941,1.466643564,-2.292237624
9,0.2-8,-0.8322161455613133,-1.369514851,1.466643564,-2.292237624
9,0.2-8,0.1535690931432786,-0.262247525,1.466643564,-2.292237624
9,0.2-8,0.7651742644079835,0.534207921,1.466643564,-2.292237624
9,0.2-8,1.2651208785068266,1.039277228,1.466643564,-2.292237624
9,0.2-8,1.373582490886934,1.311237624,1.466643564,-2.292237624
9,0.2-8,1.3833174090911455,1.301524752,1.466643564,-2.292237624
9,0.2-8,1.1835932699207687,1.28209901,1.466643564,-2.292237624
9,0.2-8,0.7236075293673958,0.825594059,1.466643564,-2.292237624
9,0.2-8,-0.1889413904589516,0.106841584,1.466643564,-2.292237624
9,0.2-8,-1.0262934644090504,-0.806168317,1.466643564,-2.292237624
9,0.2-8,-1.941610420317514,-1.680326733,1.466643564,-2.292237624
9,0.2-8,-2.0455331193939528,-2.156257426,1.466643564,-2.292237624
9,0.2-8,-1.4282261325820358,-1.816306931,1.466643564,-2.292237624
9,0.2-8,-0.2883975336807196,-0.728465347,1.466643564,-2.292237624
9,0.2-8,0.516870264069761,0.194257426,1.466643564,-2.292237624
9,0.2-8,1.0263926510135142,0.796455446,1.466643564,-2.292237624
9,0.2-8,1.3225915638820094,1.20439604,1.466643564,-2.292237624
9,0.2-8,1.403252404419046,1.330663366,1.466643564,-2.292237624
9,0.2-8,1.36774026791058,1.301524752,1.466643564,-2.292237624
9,0.2-8,1.0737841255589406,1.155831683,1.466643564,-2.292237624
9,0.2-8,0.2607831148075901,0.60219802,1.466643564,-2.292237624
9,0.2-8,-0.603949128021778,-0.320524752,1.466643564,-2.292237624
9,0.2-8,-1.5413702926521424,-1.311237624,1.466643564,-2.292237624
9,0.2-8,-2.053941567783628,-1.971712871,1.466643564,-2.292237624
9,0.2-8,-1.9095534542228212,-2.146544554,1.466643564,-2.292237624
9,0.2-8,-0.8101052481811165,-1.223821782,1.466643564,-2.292237624
9,0.2-8,0.1027737074316834,-0.291386139,1.466643564,-2.292237624
9,0.2-8,0.7820379494600656,0.563346535,1.466643564,-2.292237624
9,0.2-8,1.18001957046465,1.000425743,1.466643564,-2.292237624
9,0.2-8,1.4016778746723464,1.311237624,1.466643564,-2.292237624
9,0.2-8,1.3834972521733062,1.301524752,1.466643564,-2.292237624
9,0.2-8,1.220139343628238,1.28209901,1.466643564,-2.292237624
9,0.2-8,0.6031549672735034,0.864445545,1.466643564,-2.292237624
9,0.2-8,-0.2893507800149851,0.048564356,1.466643564,-2.292237624
9,0.2-8,-1.1420500058397056,-0.854732673,1.466643564,-2.292237624
9,0.2-8,-1.897325704142768,-1.670613861,1.466643564,-2.292237624
9,0.2-8,-1.762930385795907,-1.991138614,1.466643564,-2.292237624
9,0.2-8,-0.953375077884921,-1.43750495,1.466643564,-2.292237624
9,0.2-8,0.0721118334083225,-0.310811881,1.466643564,-2.292237624
9,0.2-8,0.6320623017339669,0.359376238,1.466643564,-2.292237624
9,0.2-8,1.0142352358633488,0.874158416,1.466643564,-2.292237624
9,0.2-8,0.9679768230504596,0.922722772,1.466643564,-2.292237624
9,0.2-8,0.7356954325936472,0.893584158,1.466643564,-2.292237624
9,0.2-8,0.5290583671435881,0.52449505,1.466643564,-2.292237624
9,0.2-8,0.3489571699734661,0.466217822,1.466643564,-2.292237624
9,0.2-8,0.0313965056864774,0.097128713,1.466643564,-2.292237624
9,0.2-8,-0.4469322379411837,-0.252534653,1.466643564,-2.292237624
9,0.2-8,-0.8038373952759943,-0.738178218,1.466643564,-2.292237624
9,0.2-8,-0.8425063952298426,-0.893584158,1.466643564,-2.292237624
9,0.2-8,-0.5021690045541332,-0.767316832,1.466643564,-2.292237624
9,0.2-8,-0.043582196877122,-0.252534653,1.466643564,-2.292237624
9,0.2-8,0.2136989305467441,0.038851485,1.466643564,-2.292237624
9,0.2-8,0.3692153197788108,0.262247525,1.466643564,-2.292237624
9,0.2-8,0.3314651293430845,0.262247525,1.466643564,-2.292237624
9,0.2-8,0.2458823063124384,0.271960396,1.466643564,-2.292237624
9,0.2-8,0.0444292272785526,0.009712871,1.466643564,-2.292237624
9,0.2-8,0.0141332794611791,-0.048564356,1.466643564,-2.292237624
9,0.2-8,-0.0248385922329722,-0.126267327,1.466643564,-2.292237624
9,0.2-8,0.0115906252289429,-0.048564356,1.466643564,-2.292237624
9,0.2-8,0.0346406396381554,-0.058277228,1.466643564,-2.292237624
9,0.2-8,0.00279822605738,0.009712871,1.466643564,-2.292237624
9,0.2-8,0.0198106941741718,-0.145693069,1.466643564,-2.292237624
9,0.2-8,-0.0233010322211092,-0.009712871,1.466643564,-2.292237624
9,0.2-8,0.0517451862079362,-0.087415842,1.466643564,-2.292237624
9,0.2-8,-0.0495534601803716,-0.058277228,1.466643564,-2.292237624
10,0.2-8,0.0959710117420107,-0.106841584,1.466643564,-2.292237624
10,0.2-8,0.1004404994285542,-0.07770297,1.466643564,-2.292237624
10,0.2-8,0.0956303081414345,-0.07770297,1.466643564,-2.292237624
10,0.2-8,0.0719585993206454,-0.058277228,1.466643564,-2.292237624
10,0.2-8,0.0840106134065229,-0.07770297,1.466643564,-2.292237624
10,0.2-8,0.0899060286308187,-0.019425743,1.466643564,-2.292237624
10,0.2-8,0.0703731403532536,-0.058277228,1.466643564,-2.292237624
10,0.2-8,0.0773451126432947,-0.038851485,1.466643564,-2.292237624
10,0.2-8,0.1327472843605439,-0.058277228,1.466643564,-2.292237624
10,0.2-8,0.2002868727967913,0.048564356,1.466643564,-2.292237624
10,0.2-8,0.194808823902395,0.087415842,1.466643564,-2.292237624
10,0.2-8,0.0524179220937427,-0.126267327,1.466643564,-2.292237624
10,0.2-8,-0.1734602049064986,-0.30109901,1.466643564,-2.292237624
10,0.2-8,-0.2780461723184468,-0.446792079,1.466643564,-2.292237624
10,0.2-8,-0.3082265321377426,-0.427366337,1.466643564,-2.292237624
10,0.2-8,-0.0778381417349759,-0.339950495,1.466643564,-2.292237624
10,0.2-8,0.3055313804910359,0.165118812,1.466643564,-2.292237624
10,0.2-8,0.7016056524085563,0.45650495,1.466643564,-2.292237624
10,0.2-8,0.9276851273973286,0.815881188,1.466643564,-2.292237624
10,0.2-8,0.8711555148966086,0.660475248,1.466643564,-2.292237624
10,0.2-8,0.5310408381435944,0.466217822,1.466643564,-2.292237624
10,0.2-8,0.0332097062146803,-0.038851485,1.466643564,-2.292237624
10,0.2-8,-0.4530985005169246,-0.52449505,1.466643564,-2.292237624
10,0.2-8,-1.0822369484752885,-1.233534653,1.466643564,-2.292237624
10,0.2-8,-1.2322121684900391,-1.35980198,1.466643564,-2.292237624
10,0.2-8,-0.9364009266196626,-1.155831683,1.466643564,-2.292237624
10,0.2-8,-0.3111864865229201,-0.437079208,1.466643564,-2.292237624
10,0.2-8,0.3477217807779677,0.097128713,1.466643564,-2.292237624
10,0.2-8,0.8754554097370234,0.689613861,1.466643564,-2.292237624
10,0.2-8,1.287839782312583,0.981,1.466643564,-2.292237624
10,0.2-8,1.5274492864910787,1.369514851,1.466643564,-2.292237624
10,0.2-8,1.4623112791597508,1.291811881,1.466643564,-2.292237624
10,0.2-8,1.1218884664282556,1.087841584,1.466643564,-2.292237624
10,0.2-8,0.2111363111861903,0.155405941,1.466643564,-2.292237624
10,0.2-8,-0.6818565536783772,-0.67990099,1.466643564,-2.292237624
10,0.2-8,-1.6314417047767764,-1.699752475,1.466643564,-2.292237624
10,0.2-8,-2.1587939987747395,-2.292237624,1.466643564,-2.292237624
10,0.2-8,-1.698689065504214,-1.88429703,1.466643564,-2.292237624
10,0.2-8,-0.5623220884065752,-0.777029703,1.466643564,-2.292237624
10,0.2-8,0.309267800722501,0.174831683,1.466643564,-2.292237624
10,0.2-8,0.9459998425137932,0.835306931,1.466643564,-2.292237624
10,0.2-8,1.291019029391553,1.097554455,1.466643564,-2.292237624
10,0.2-8,1.444457897560487,1.311237624,1.466643564,-2.292237624
10,0.2-8,1.4601005844087762,1.340376238,1.466643564,-2.292237624
10,0.2-8,1.2594425267755418,1.214108911,1.466643564,-2.292237624
10,0.2-8,0.638082786724575,0.650762376,1.466643564,-2.292237624
10,0.2-8,-0.3839342369438069,-0.349663366,1.466643564,-2.292237624
10,0.2-8,-1.187857419550717,-1.194683168,1.466643564,-2.292237624
10,0.2-8,-2.000908748674857,-2.020277228,1.466643564,-2.292237624
10,0.2-8,-2.103864150114577,-2.097980198,1.466643564,-2.292237624
10,0.2-8,-1.227089122056635,-1.427792079,1.466643564,-2.292237624
10,0.2-8,-0.064196291458938,-0.233108911,1.466643564,-2.292237624
10,0.2-8,0.6858741028846549,0.466217822,1.466643564,-2.292237624
10,0.2-8,1.1731474741284127,1.048990099,1.466643564,-2.292237624
10,0.2-8,1.37522045249668,1.223821782,1.466643564,-2.292237624
10,0.2-8,1.4356156333629215,1.320950495,1.466643564,-2.292237624
10,0.2-8,1.3342729303320895,1.252960396,1.466643564,-2.292237624
10,0.2-8,1.0767621559093603,1.05870297,1.466643564,-2.292237624
10,0.2-8,0.1637158021954487,0.213683168,1.466643564,-2.292237624
10,0.2-8,-0.7856346561692895,-0.728465347,1.466643564,-2.292237624
10,0.2-8,-1.6386845010213014,-1.651188119,1.466643564,-2.292237624
10,0.2-8,-2.126386606005542,-2.204821782,1.466643564,-2.292237624
10,0.2-8,-1.7442484918421697,-1.796881188,1.466643564,-2.292237624
10,0.2-8,-0.6682992025412823,-0.747891089,1.466643564,-2.292237624
10,0.2-8,0.2905521353646833,0.165118812,1.466643564,-2.292237624
10,0.2-8,0.8852766425904459,0.75760396,1.466643564,-2.292237624
10,0.2-8,1.2820360501470245,1.194683168,1.466643564,-2.292237624
10,0.2-8,1.4097432776293632,1.301524752,1.466643564,-2.292237624
10,0.2-8,1.3871759375948702,1.350089109,1.466643564,-2.292237624
10,0.2-8,1.2009410233491915,1.136405941,1.466643564,-2.292237624
10,0.2-8,0.6086485015714024,0.650762376,1.466643564,-2.292237624
10,0.2-8,-0.3833968236814545,-0.30109901,1.466643564,-2.292237624
10,0.2-8,-1.256798800795788,-1.175257426,1.466643564,-2.292237624
10,0.2-8,-1.9942685017727175,-1.991138614,1.466643564,-2.292237624
10,0.2-8,-2.1050261924435536,-2.010564356,1.466643564,-2.292237624
10,0.2-8,-1.3219337217040257,-1.427792079,1.466643564,-2.292237624
10,0.2-8,-0.1559628289625573,-0.233108911,1.466643564,-2.292237624
10,0.2-8,0.6052386411443904,0.427366337,1.466643564,-2.292237624
10,0.2-8,1.0682035618498826,1.087841584,1.466643564,-2.292237624
10,0.2-8,1.3125398330516314,1.107267327,1.466643564,-2.292237624
10,0.2-8,1.4261132899429705,1.379227723,1.466643564,-2.292237624
10,0.2-8,1.3173391142708195,1.272386139,1.466643564,-2.292237624
10,0.2-8,0.9599836490014638,1.048990099,1.466643564,-2.292237624
10,0.2-8,0.1280905990051385,0.174831683,1.466643564,-2.292237624
10,0.2-8,-0.8562685777413322,-0.738178218,1.466643564,-2.292237624
10,0.2-8,-1.6873669485039244,-1.651188119,1.466643564,-2.292237624
10,0.2-8,-2.181789871440603,-2.146544554,1.466643564,-2.292237624
10,0.2-8,-1.7794253913699811,-1.874584158,1.466643564,-2.292237624
10,0.2-8,-0.6960217553740765,-0.835306931,1.466643564,-2.292237624
10,0.2-8,0.280514745578185,0.155405941,1.466643564,-2.292237624
10,0.2-8,0.9638376431848742,0.825594059,1.466643564,-2.292237624
10,0.2-8,1.2825031456636091,1.155831683,1.466643564,-2.292237624
10,0.2-8,1.3841286320660904,1.291811881,1.466643564,-2.292237624
10,0.2-8,1.3834017356179,1.233534653,1.466643564,-2.292237624
10,0.2-8,1.2417380772081978,1.214108911,1.466643564,-2.292237624
10,0.2-8,0.6172332069337025,0.641049505,1.466643564,-2.292237624
10,0.2-8,-0.3178151903716417,-0.330237624,1.466643564,-2.292237624
10,0.2-8,-1.2786014106301224,-1.214108911,1.466643564,-2.292237624
10,0.2-8,-1.9632186802021272,-1.971712871,1.466643564,-2.292237624
10,0.2-8,-2.086378840577249,-2.078554455,1.466643564,-2.292237624
10,0.2-8,-1.1819829322559388,-1.408366337,1.466643564,-2.292237624
10,0.2-8,-0.1297224120566751,-0.22339604,1.466643564,-2.292237624
10,0.2-8,0.576722531825042,0.417653465,1.466643564,-2.292237624
10,0.2-8,1.115276538002106,1.010138614,1.466643564,-2.292237624
10,0.2-8,1.347972508101373,1.301524752,1.466643564,-2.292237624
10,0.2-8,1.4234540809625331,1.350089109,1.466643564,-2.292237624
10,0.2-8,1.322795044625476,1.28209901,1.466643564,-2.292237624
10,0.2-8,0.9786429493674264,0.961574257,1.466643564,-2.292237624
10,0.2-8,0.0029750742507524,0.135980198,1.466643564,-2.292237624
10,0.2-8,-0.8271356070663609,-0.738178218,1.466643564,-2.292237624
10,0.2-8,-1.7178760362732537,-1.641475248,1.466643564,-2.292237624
10,0.2-8,-2.2016807868825405,-2.107693069,1.466643564,-2.292237624
10,0.2-8,-1.7518946689924355,-1.874584158,1.466643564,-2.292237624
10,0.2-8,-0.6181764919968405,-0.786742574,1.466643564,-2.292237624
10,0.2-8,0.2023683391981254,0.116554455,1.466643564,-2.292237624
10,0.2-8,0.8417144319134481,0.67990099,1.466643564,-2.292237624
10,0.2-8,1.2382850705961232,1.175257426,1.466643564,-2.292237624
10,0.2-8,1.3701579139804496,1.28209901,1.466643564,-2.292237624
10,0.2-8,1.409123531250967,1.369514851,1.466643564,-2.292237624
10,0.2-8,1.189805071048305,1.155831683,1.466643564,-2.292237624
10,0.2-8,0.4970236550761227,0.60219802,1.466643564,-2.292237624
10,0.2-8,-0.3629550360071724,-0.262247525,1.466643564,-2.292237624
10,0.2-8,-1.2365076679779512,-1.165544554,1.466643564,-2.292237624
10,0.2-8,-2.051360743092263,-2.020277228,1.466643564,-2.292237624
10,0.2-8,-2.100430447057222,-2.136831683,1.466643564,-2.292237624
10,0.2-8,-1.2181614690298723,-1.369514851,1.466643564,-2.292237624
10,0.2-8,-0.0861995284081895,-0.213683168,1.466643564,-2.292237624
10,0.2-8,0.5775585794520055,0.398227723,1.466643564,-2.292237624
10,0.2-8,1.1357073302401015,1.107267327,1.466643564,-2.292237624
10,0.2-8,1.336573363935732,1.194683168,1.466643564,-2.292237624
10,0.2-8,1.411826870913932,1.408366337,1.466643564,-2.292237624
10,0.2-8,1.3101555294899647,1.233534653,1.466643564,-2.292237624
10,0.2-8,1.013952623196732,1.068415842,1.466643564,-2.292237624
10,0.2-8,0.0695047529779509,0.135980198,1.466643564,-2.292237624
10,0.2-8,-0.8063728330552878,-0.709039604,1.466643564,-2.292237624
10,0.2-8,-1.6633822332253758,-1.651188119,1.466643564,-2.292237624
10,0.2-8,-2.1565849973512763,-2.165970297,1.466643564,-2.292237624
10,0.2-8,-1.7810669054668713,-1.913435644,1.466643564,-2.292237624
10,0.2-8,-0.6448218325126117,-0.75760396,1.466643564,-2.292237624
10,0.2-8,0.2414247300144626,0.126267327,1.466643564,-2.292237624
10,0.2-8,0.8285083057823929,0.777029703,1.466643564,-2.292237624
10,0.2-8,1.2617408082409056,1.107267327,1.466643564,-2.292237624
10,0.2-8,1.3613964016765814,1.350089109,1.466643564,-2.292237624
10,0.2-8,1.3640853331782845,1.233534653,1.466643564,-2.292237624
10,0.2-8,1.187276447895395,1.223821782,1.466643564,-2.292237624
10,0.2-8,0.5793238431952689,0.631336634,1.466643564,-2.292237624
10,0.2-8,-0.4049285792390994,-0.281673267,1.466643564,-2.292237624
10,0.2-8,-1.2478326991587243,-1.136405941,1.466643564,-2.292237624
10,0.2-8,-2.0339063165330025,-2.029990099,1.466643564,-2.292237624
10,0.2-8,-2.1007664191977247,-2.029990099,1.466643564,-2.292237624
10,0.2-8,-1.324686469197385,-1.418079208,1.466643564,-2.292237624
10,0.2-8,-0.144027763004453,-0.22339604,1.466643564,-2.292237624
10,0.2-8,0.5296914666015315,0.359376238,1.466643564,-2.292237624
10,0.2-8,1.034049326803914,1.039277228,1.466643564,-2.292237624
10,0.2-8,1.3612086257626352,1.272386139,1.466643564,-2.292237624
10,0.2-8,1.4380051886143814,1.398653465,1.466643564,-2.292237624
10,0.2-8,1.305602367534749,1.320950495,1.466643564,-2.292237624
10,0.2-8,0.8719572776365585,1.010138614,1.466643564,-2.292237624
10,0.2-8,0.0525236378350109,0.07770297,1.466643564,-2.292237624
10,0.2-8,-0.8633669835157737,-0.709039604,1.466643564,-2.292237624
10,0.2-8,-1.6912273659023724,-1.66090099,1.466643564,-2.292237624
10,0.2-8,-2.13598745909868,-2.107693069,1.466643564,-2.292237624
10,0.2-8,-1.6939543277241669,-1.835732673,1.466643564,-2.292237624
10,0.2-8,-0.6700362625689761,-0.75760396,1.466643564,-2.292237624
10,0.2-8,0.2373230665478615,0.087415842,1.466643564,-2.292237624
10,0.2-8,0.8721582338589103,0.728465347,1.466643564,-2.292237624
10,0.2-8,1.2978535639136095,1.175257426,1.466643564,-2.292237624
10,0.2-8,1.4260921322012898,1.330663366,1.466643564,-2.292237624
10,0.2-8,1.3996102330546414,1.350089109,1.466643564,-2.292237624
10,0.2-8,1.2133470579893355,1.214108911,1.466643564,-2.292237624
10,0.2-8,0.5010433726712266,0.611910891,1.466643564,-2.292237624
10,0.2-8,-0.3697395569692595,-0.310811881,1.466643564,-2.292237624
10,0.2-8,-1.2721571155853018,-1.146118812,1.466643564,-2.292237624
10,0.2-8,-1.9901109060421185,-1.962,1.466643564,-2.292237624
10,0.2-8,-2.0507410231980137,-2.059128713,1.466643564,-2.292237624
10,0.2-8,-1.1548137723578973,-1.379227723,1.466643564,-2.292237624
10,0.2-8,-0.1115061441636276,-0.233108911,1.466643564,-2.292237624
10,0.2-8,0.5319079011169761,0.37880198,1.466643564,-2.292237624
10,0.2-8,1.1270827380250863,1.019851485,1.466643564,-2.292237624
10,0.2-8,1.3243562206917887,1.175257426,1.466643564,-2.292237624
10,0.2-8,1.3919657153884182,1.398653465,1.466643564,-2.292237624
10,0.2-8,1.342349175313431,1.223821782,1.466643564,-2.292237624
10,0.2-8,0.9171679715333346,1.010138614,1.466643564,-2.292237624
10,0.2-8,0.0216109946905622,0.07770297,1.466643564,-2.292237624
10,0.2-8,-0.7964172307752235,-0.650762376,1.466643564,-2.292237624
10,0.2-8,-1.7376518732175998,-1.670613861,1.466643564,-2.292237624
10,0.2-8,-2.120756374340236,-2.107693069,1.466643564,-2.292237624
10,0.2-8,-1.7019615710052516,-1.894009901,1.466643564,-2.292237624
10,0.2-8,-0.5911429722397331,-0.767316832,1.466643564,-2.292237624
10,0.2-8,0.2211910111890747,0.058277228,1.466643564,-2.292237624
10,0.2-8,0.8967783597350006,0.815881188,1.466643564,-2.292237624
10,0.2-8,1.284697229337844,1.146118812,1.466643564,-2.292237624
10,0.2-8,1.4310938492083338,1.388940594,1.466643564,-2.292237624
10,0.2-8,1.3708253232845369,1.262673267,1.466643564,-2.292237624
10,0.2-8,1.2086095700161206,1.214108911,1.466643564,-2.292237624
10,0.2-8,0.5199214061476588,0.631336634,1.466643564,-2.292237624
10,0.2-8,-0.3320637141606757,-0.242821782,1.466643564,-2.292237624
10,0.2-8,-1.2402966294211637,-1.165544554,1.466643564,-2.292237624
10,0.2-8,-2.0306234422978013,-2.010564356,1.466643564,-2.292237624
10,0.2-8,-2.0619466683521974,-2.03970297,1.466643564,-2.292237624
10,0.2-8,-1.20867092691173,-1.408366337,1.466643564,-2.292237624
10,0.2-8,-0.0754579705227255,-0.310811881,1.466643564,-2.292237624
10,0.2-8,0.5899235415909898,0.475930693,1.466643564,-2.292237624
10,0.2-8,1.2056832269895246,1.019851485,1.466643564,-2.292237624
10,0.2-8,1.3770154999237862,1.272386139,1.466643564,-2.292237624
10,0.2-8,1.405357809340841,1.320950495,1.466643564,-2.292237624
10,0.2-8,1.305540248370019,1.252960396,1.466643564,-2.292237624
10,0.2-8,0.9471280954988692,0.971287129,1.466643564,-2.292237624
10,0.2-8,0.0588910535492137,0.194257426,1.466643564,-2.292237624
10,0.2-8,-0.7135119923444134,-0.611910891,1.466643564,-2.292237624
10,0.2-8,-1.6596178812928073,-1.58319802,1.466643564,-2.292237624
10,0.2-8,-2.1384691522033443,-2.136831683,1.466643564,-2.292237624
10,0.2-8,-1.782107828072954,-1.903722772,1.466643564,-2.292237624
10,0.2-8,-0.6392979529088602,-0.845019802,1.466643564,-2.292237624
10,0.2-8,0.2717501022860763,0.087415842,1.466643564,-2.292237624
10,0.2-8,0.8536114816486826,0.75760396,1.466643564,-2.292237624
10,0.2-8,1.318470643825332,1.223821782,1.466643564,-2.292237624
10,0.2-8,1.3948094478050692,1.330663366,1.466643564,-2.292237624
10,0.2-8,1.3230906339739532,1.233534653,1.466643564,-2.292237624
10,0.2-8,1.1756833939403255,1.233534653,1.466643564,-2.292237624
10,0.2-8,0.5333848769635506,0.582772277,1.466643564,-2.292237624
10,0.2-8,-0.4107638303314438,-0.30109901,1.466643564,-2.292237624
10,0.2-8,-1.2220649500346965,-1.165544554,1.466643564,-2.292237624
10,0.2-8,-2.0406183727178338,-1.962,1.466643564,-2.292237624
10,0.2-8,-2.039692505751882,-2.059128713,1.466643564,-2.292237624
10,0.2-8,-1.247638092184629,-1.418079208,1.466643564,-2.292237624
10,0.2-8,-0.097463910306279,-0.330237624,1.466643564,-2.292237624
10,0.2-8,0.5662294349733225,0.417653465,1.466643564,-2.292237624
10,0.2-8,1.132649623874839,1.078128713,1.466643564,-2.292237624
10,0.2-8,1.3577345470759552,1.184970297,1.466643564,-2.292237624
10,0.2-8,1.4405747026937523,1.427792079,1.466643564,-2.292237624
10,0.2-8,1.3137521403237171,1.223821782,1.466643564,-2.292237624
10,0.2-8,0.9574368699585548,1.019851485,1.466643564,-2.292237624
10,0.2-8,0.0571562149545241,0.194257426,1.466643564,-2.292237624
10,0.2-8,-0.7913990997270813,-0.670188119,1.466643564,-2.292237624
10,0.2-8,-1.653361643380909,-1.680326733,1.466643564,-2.292237624
10,0.2-8,-2.1039676765193094,-2.136831683,1.466643564,-2.292237624
10,0.2-8,-1.682950282849899,-1.874584158,1.466643564,-2.292237624
10,0.2-8,-0.6645196793826489,-0.806168317,1.466643564,-2.292237624
10,0.2-8,0.3034279530420242,0.067990099,1.466643564,-2.292237624
10,0.2-8,0.8852050742126291,0.796455446,1.466643564,-2.292237624
10,0.2-8,1.3353654098765235,1.126693069,1.466643564,-2.292237624
10,0.2-8,1.4302419088566207,1.388940594,1.466643564,-2.292237624
10,0.2-8,1.410370025237747,1.252960396,1.466643564,-2.292237624
10,0.2-8,1.1726492575526626,1.233534653,1.466643564,-2.292237624
10,0.2-8,0.5575000981622438,0.573059406,1.466643564,-2.292237624
10,0.2-8,-0.371040115439686,-0.252534653,1.466643564,-2.292237624
10,0.2-8,-1.20719904113014,-1.243247525,1.466643564,-2.292237624
10,0.2-8,-1.9882646830375064,-1.942574257,1.466643564,-2.292237624
10,0.2-8,-2.0161611955908056,-2.059128713,1.466643564,-2.292237624
10,0.2-8,-1.200929049934834,-1.398653465,1.466643564,-2.292237624
10,0.2-8,-0.152882886299193,-0.30109901,1.466643564,-2.292237624
10,0.2-8,0.565325477445983,0.437079208,1.466643564,-2.292237624
10,0.2-8,1.094239034035037,0.981,1.466643564,-2.292237624
10,0.2-8,1.356301156814102,1.262673267,1.466643564,-2.292237624
10,0.2-8,1.3915905355989209,1.35980198,1.466643564,-2.292237624
10,0.2-8,1.3214140711771754,1.291811881,1.466643564,-2.292237624
10,0.2-8,0.9342247760501732,0.932435644,1.466643564,-2.292237624
10,0.2-8,0.1007870397520649,0.165118812,1.466643564,-2.292237624
10,0.2-8,-0.8593055679075157,-0.689613861,1.466643564,-2.292237624
10,0.2-8,-1.6531435640077634,-1.602623762,1.466643564,-2.292237624
10,0.2-8,-2.144659665330444,-2.146544554,1.466643564,-2.292237624
10,0.2-8,-1.6631520993604458,-1.88429703,1.466643564,-2.292237624
10,0.2-8,-0.6510398267161396,-0.815881188,1.466643564,-2.292237624
10,0.2-8,0.2420416682519622,0.067990099,1.466643564,-2.292237624
10,0.2-8,0.8741935758150745,0.728465347,1.466643564,-2.292237624
10,0.2-8,1.301691170107062,1.20439604,1.466643564,-2.292237624
10,0.2-8,1.4090469764550009,1.330663366,1.466643564,-2.292237624
10,0.2-8,1.3779815013131826,1.311237624,1.466643564,-2.292237624
10,0.2-8,1.1680667070361077,1.223821782,1.466643564,-2.292237624
10,0.2-8,0.6033066369747321,0.611910891,1.466643564,-2.292237624
10,0.2-8,-0.3284616374157241,-0.281673267,1.466643564,-2.292237624
10,0.2-8,-1.2631607205175988,-1.175257426,1.466643564,-2.292237624
10,0.2-8,-1.9724630935746212,-1.952287129,1.466643564,-2.292237624
10,0.2-8,-2.069421369380174,-2.068841584,1.466643564,-2.292237624
10,0.2-8,-1.1615919793032972,-1.350089109,1.466643564,-2.292237624
10,0.2-8,-0.1821407622531441,-0.30109901,1.466643564,-2.292237624
10,0.2-8,0.5953262229322741,0.427366337,1.466643564,-2.292237624
10,0.2-8,1.1903144269699122,1.087841584,1.466643564,-2.292237624
10,0.2-8,1.3740521690249536,1.272386139,1.466643564,-2.292237624
10,0.2-8,1.4108344128934531,1.388940594,1.466643564,-2.292237624
10,0.2-8,1.332084553548145,1.223821782,1.466643564,-2.292237624
10,0.2-8,0.9400514740665028,1.029564356,1.466643564,-2.292237624
10,0.2-8,0.0995598907697786,0.184544554,1.466643564,-2.292237624
10,0.2-8,-0.7582621239779255,-0.621623762,1.466643564,-2.292237624
10,0.2-8,-1.6867053067322637,-1.612336634,1.466643564,-2.292237624
10,0.2-8,-2.119548002404589,-2.107693069,1.466643564,-2.292237624
10,0.2-8,-1.7432688123827962,-1.894009901,1.466643564,-2.292237624
10,0.2-8,-0.6268768032496916,-0.825594059,1.466643564,-2.292237624
10,0.2-8,0.1785725882984684,0.058277228,1.466643564,-2.292237624
10,0.2-8,0.8967627563815107,0.835306931,1.466643564,-2.292237624
10,0.2-8,1.326250275260595,1.175257426,1.466643564,-2.292237624
10,0.2-8,1.4082509487080994,1.466643564,1.466643564,-2.292237624
10,0.2-8,1.3242882245557668,1.233534653,1.466643564,-2.292237624
10,0.2-8,1.1806022323421177,1.233534653,1.466643564,-2.292237624
10,0.2-8,0.5071063475614094,0.563346535,1.466643564,-2.292237624
10,0.2-8,-0.3522312526996666,-0.262247525,1.466643564,-2.292237624
10,0.2-8,-1.2271461191453223,-1.184970297,1.466643564,-2.292237624
10,0.2-8,-2.031133057773248,-1.903722772,1.466643564,-2.292237624
10,0.2-8,-2.065816062205399,-2.127118812,1.466643564,-2.292237624
10,0.2-8,-1.1996188898479432,-1.35980198,1.466643564,-2.292237624
10,0.2-8,-0.1072025843330834,-0.320524752,1.466643564,-2.292237624
10,0.2-8,0.5624719631743406,0.407940594,1.466643564,-2.292237624
10,0.2-8,1.1538164542044445,0.961574257,1.466643564,-2.292237624
10,0.2-8,1.3509789906875336,1.320950495,1.466643564,-2.292237624
10,0.2-8,1.4350832273487488,1.301524752,1.466643564,-2.292237624
10,0.2-8,1.3474828299170427,1.311237624,1.466643564,-2.292237624
10,0.2-8,0.98026388464384,0.990712871,1.466643564,-2.292237624
10,0.2-8,0.0257800962050111,0.174831683,1.466643564,-2.292237624
10,0.2-8,-0.8350776342992748,-0.67990099,1.466643564,-2.292237624
10,0.2-8,-1.6796399530538584,-1.58319802,1.466643564,-2.292237624
10,0.2-8,-2.111578407146302,-2.068841584,1.466643564,-2.292237624
10,0.2-8,-1.7365120912986705,-1.874584158,1.466643564,-2.292237624
10,0.2-8,-0.6048871345756216,-0.796455446,1.466643564,-2.292237624
10,0.2-8,0.2769418682331144,0.058277228,1.466643564,-2.292237624
10,0.2-8,0.923871171570696,0.786742574,1.466643564,-2.292237624
10,0.2-8,1.343037079883163,1.214108911,1.466643564,-2.292237624
10,0.2-8,1.4002663774792623,1.340376238,1.466643564,-2.292237624
10,0.2-8,1.408380212146927,1.28209901,1.466643564,-2.292237624
10,0.2-8,1.2361560638081808,1.223821782,1.466643564,-2.292237624
10,0.2-8,0.5885711400599584,0.611910891,1.466643564,-2.292237624
10,0.2-8,-0.3888358388263578,-0.262247525,1.466643564,-2.292237624
10,0.2-8,-1.2190629706200922,-1.233534653,1.466643564,-2.292237624
10,0.2-8,-1.9848511660243573,-1.864871287,1.466643564,-2.292237624
10,0.2-8,-2.056707069496563,-2.088267327,1.466643564,-2.292237624
10,0.2-8,-1.270059731627637,-1.418079208,1.466643564,-2.292237624
10,0.2-8,-0.1088850759430778,-0.359376238,1.466643564,-2.292237624
10,0.2-8,0.5739204288785709,0.417653465,1.466643564,-2.292237624
10,0.2-8,1.1554199081555867,1.05870297,1.466643564,-2.292237624
10,0.2-8,1.3664818770069167,1.194683168,1.466643564,-2.292237624
10,0.2-8,1.422849362027525,1.418079208,1.466643564,-2.292237624
10,0.2-8,1.3189950913820134,1.262673267,1.466643564,-2.292237624
10,0.2-8,0.9572310288428068,0.942148515,1.466643564,-2.292237624
10,0.2-8,0.0672899920433771,0.155405941,1.466643564,-2.292237624
10,0.2-8,-0.8303128392283649,-0.660475248,1.466643564,-2.292237624
10,0.2-8,-1.6781724098842905,-1.573485149,1.466643564,-2.292237624
10,0.2-8,-2.1162054020600114,-2.136831683,1.466643564,-2.292237624
10,0.2-8,-1.7414771921287582,-1.864871287,1.466643564,-2.292237624
10,0.2-8,-0.6756442189360762,-0.854732673,1.466643564,-2.292237624
10,0.2-8,0.2839057007157815,0.067990099,1.466643564,-2.292237624
10,0.2-8,0.9061141841972106,0.806168317,1.466643564,-2.292237624
10,0.2-8,1.3212013654991763,1.078128713,1.466643564,-2.292237624
10,0.2-8,1.4324438013305747,1.388940594,1.466643564,-2.292237624
10,0.2-8,1.4106847639204383,1.252960396,1.466643564,-2.292237624
10,0.2-8,1.188967135529839,1.301524752,1.466643564,-2.292237624
10,0.2-8,0.5222288733011538,0.573059406,1.466643564,-2.292237624
10,0.2-8,-0.3841298033652903,-0.233108911,1.466643564,-2.292237624
10,0.2-8,-1.2990882152496968,-1.194683168,1.466643564,-2.292237624
10,0.2-8,-1.966934829793819,-1.874584158,1.466643564,-2.292237624
10,0.2-8,-2.0115185298266662,-2.097980198,1.466643564,-2.292237624
10,0.2-8,-1.2360894346563742,-1.35980198,1.466643564,-2.292237624
10,0.2-8,-0.1451575101185346,-0.417653465,1.466643564,-2.292237624
10,0.2-8,0.629105879283599,0.475930693,1.466643564,-2.292237624
10,0.2-8,1.1529387790910115,1.010138614,1.466643564,-2.292237624
10,0.2-8,1.4297414665799184,1.272386139,1.466643564,-2.292237624
10,0.2-8,1.4045228005933836,1.262673267,1.466643564,-2.292237624
10,0.2-8,1.3602027443316325,1.320950495,1.466643564,-2.292237624
10,0.2-8,0.8845451799828007,0.922722772,1.466643564,-2.292237624
10,0.2-8,0.0760755236154348,0.213683168,1.466643564,-2.292237624
10,0.2-8,-0.7929805942199205,-0.709039604,1.466643564,-2.292237624
10,0.2-8,-1.6816584635935818,-1.602623762,1.466643564,-2.292237624
10,0.2-8,-2.131426221707682,-2.107693069,1.466643564,-2.292237624
10,0.2-8,-1.70795038618211,-1.845445545,1.466643564,-2.292237624
10,0.2-8,-0.7028377187558257,-0.796455446,1.466643564,-2.292237624
10,0.2-8,0.2359612461372443,0.097128713,1.466643564,-2.292237624
10,0.2-8,0.938436633297164,0.75760396,1.466643564,-2.292237624
10,0.2-8,1.2807254709939395,1.165544554,1.466643564,-2.292237624
10,0.2-8,1.4010094843982854,1.301524752,1.466643564,-2.292237624
10,0.2-8,1.3440910726793736,1.301524752,1.466643564,-2.292237624
10,0.2-8,1.1767861466802594,1.184970297,1.466643564,-2.292237624
10,0.2-8,0.4768247837934587,0.563346535,1.466643564,-2.292237624
10,0.2-8,-0.3635479864338408,-0.262247525,1.466643564,-2.292237624
10,0.2-8,-1.2679322274953313,-1.194683168,1.466643564,-2.292237624
10,0.2-8,-2.022932270919826,-1.874584158,1.466643564,-2.292237624
10,0.2-8,-2.012645540861345,-2.107693069,1.466643564,-2.292237624
10,0.2-8,-1.201389255753633,-1.340376238,1.466643564,-2.292237624
10,0.2-8,-0.1700841729848285,-0.349663366,1.466643564,-2.292237624
10,0.2-8,0.6244708840124322,0.45650495,1.466643564,-2.292237624
10,0.2-8,1.1841969908469012,1.048990099,1.466643564,-2.292237624
10,0.2-8,1.3823494755718126,1.223821782,1.466643564,-2.292237624
10,0.2-8,1.4043374886978102,1.320950495,1.466643564,-2.292237624
10,0.2-8,1.3281904559112958,1.233534653,1.466643564,-2.292237624
10,0.2-8,0.9491645717570762,0.990712871,1.466643564,-2.292237624
10,0.2-8,0.0544883110091112,0.22339604,1.466643564,-2.292237624
10,0.2-8,-0.7377913951819165,-0.689613861,1.466643564,-2.292237624
10,0.2-8,-1.6894133337590584,-1.573485149,1.466643564,-2.292237624
10,0.2-8,-2.100653930680084,-2.136831683,1.466643564,-2.292237624
10,0.2-8,-1.7102641418112865,-1.874584158,1.466643564,-2.292237624
10,0.2-8,-0.6647227745320331,-0.874158416,1.466643564,-2.292237624
10,0.2-8,0.2268574619354725,0.058277228,1.466643564,-2.292237624
10,0.2-8,0.9547403030112216,0.767316832,1.466643564,-2.292237624
10,0.2-8,1.3368611743864696,1.155831683,1.466643564,-2.292237624
10,0.2-8,1.4570766744388934,1.350089109,1.466643564,-2.292237624
10,0.2-8,1.416149349937981,1.301524752,1.466643564,-2.292237624
10,0.2-8,1.213518836714769,1.223821782,1.466643564,-2.292237624
10,0.2-8,0.5058026831592694,0.563346535,1.466643564,-2.292237624
10,0.2-8,-0.3657513354533406,-0.22339604,1.466643564,-2.292237624
10,0.2-8,-1.1806854934845257,-1.194683168,1.466643564,-2.292237624
10,0.2-8,-1.9930747642350055,-1.874584158,1.466643564,-2.292237624
10,0.2-8,-2.0373538207730046,-2.107693069,1.466643564,-2.292237624
10,0.2-8,-1.2036501459641376,-1.35980198,1.466643564,-2.292237624
10,0.2-8,-0.1526799357321228,-0.339950495,1.466643564,-2.292237624
10,0.2-8,0.5609093181231807,0.466217822,1.466643564,-2.292237624
10,0.2-8,1.146856664566457,0.932435644,1.466643564,-2.292237624
10,0.2-8,1.3665022969547376,1.301524752,1.466643564,-2.292237624
10,0.2-8,1.4144512176788482,1.252960396,1.466643564,-2.292237624
10,0.2-8,1.3054286498166578,1.330663366,1.466643564,-2.292237624
10,0.2-8,0.951926412846349,0.961574257,1.466643564,-2.292237624
10,0.2-8,0.0257231049329794,0.155405941,1.466643564,-2.292237624
10,0.2-8,-0.8140994669077869,-0.689613861,1.466643564,-2.292237624
10,0.2-8,-1.665410110954597,-1.58319802,1.466643564,-2.292237624
10,0.2-8,-2.162805782087477,-2.175683168,1.466643564,-2.292237624
10,0.2-8,-1.7272662723712051,-1.835732673,1.466643564,-2.292237624
10,0.2-8,-0.6220776567253857,-0.815881188,1.466643564,-2.292237624
10,0.2-8,0.2694282967623858,0.126267327,1.466643564,-2.292237624
10,0.2-8,0.9054412024335986,0.767316832,1.466643564,-2.292237624
10,0.2-8,1.3222547258281476,1.214108911,1.466643564,-2.292237624
10,0.2-8,1.4225352027323277,1.320950495,1.466643564,-2.292237624
10,0.2-8,1.361671992355315,1.311237624,1.466643564,-2.292237624
10,0.2-8,1.1833088585999496,1.165544554,1.466643564,-2.292237624
10,0.2-8,0.556734989133238,0.592485149,1.466643564,-2.292237624
10,0.2-8,-0.3701198765897294,-0.174831683,1.466643564,-2.292237624
10,0.2-8,-1.1993509227486414,-1.165544554,1.466643564,-2.292237624
10,0.2-8,-2.017908757022969,-1.874584158,1.466643564,-2.292237624
10,0.2-8,-2.037360644479117,-2.107693069,1.466643564,-2.292237624
10,0.2-8,-1.2414492291292274,-1.340376238,1.466643564,-2.292237624
10,0.2-8,-0.1256103334222623,-0.349663366,1.466643564,-2.292237624
10,0.2-8,0.6051114004880925,0.427366337,1.466643564,-2.292237624
10,0.2-8,1.1183973801063456,1.019851485,1.466643564,-2.292237624
10,0.2-8,1.3504797361568552,1.243247525,1.466643564,-2.292237624
10,0.2-8,1.435830546354473,1.379227723,1.466643564,-2.292237624
10,0.2-8,1.2696388866724495,1.272386139,1.466643564,-2.292237624
10,0.2-8,0.9016363326962744,0.961574257,1.466643564,-2.292237624
10,0.2-8,0.0479873679911028,0.145693069,1.466643564,-2.292237624
10,0.2-8,-0.8248284038392149,-0.709039604,1.466643564,-2.292237624
10,0.2-8,-1.667740266766402,-1.544346535,1.466643564,-2.292237624
10,0.2-8,-2.123205111596327,-2.146544554,1.466643564,-2.292237624
10,0.2-8,-1.7726253893906758,-1.855158416,1.466643564,-2.292237624
10,0.2-8,-0.7082453707975676,-0.874158416,1.466643564,-2.292237624
10,0.2-8,0.2606777512887076,0.106841584,1.466643564,-2.292237624
10,0.2-8,0.8605923302321807,0.699326733,1.466643564,-2.292237624
10,0.2-8,1.260342206125438,1.136405941,1.466643564,-2.292237624
10,0.2-8,1.392268779696579,1.320950495,1.466643564,-2.292237624
10,0.2-8,1.3702554207803892,1.252960396,1.466643564,-2.292237624
10,0.2-8,1.130325487304782,1.243247525,1.466643564,-2.292237624
10,0.2-8,0.5124841631094094,0.60219802,1.466643564,-2.292237624
10,0.2-8,-0.3924500725515741,-0.213683168,1.466643564,-2.292237624
10,0.2-8,-1.2921996716656632,-1.155831683,1.466643564,-2.292237624
10,0.2-8,-2.000470984574171,-1.874584158,1.466643564,-2.292237624
10,0.2-8,-2.095669283823153,-2.156257426,1.466643564,-2.292237624
10,0.2-8,-1.2098818668223168,-1.398653465,1.466643564,-2.292237624
10,0.2-8,-0.1710881324688045,-0.369089109,1.466643564,-2.292237624
10,0.2-8,0.6454161426360894,0.45650495,1.466643564,-2.292237624
10,0.2-8,1.142262498626821,0.90329703,1.466643564,-2.292237624
10,0.2-8,1.3937472702483256,1.320950495,1.466643564,-2.292237624
10,0.2-8,1.4119295663657043,1.330663366,1.466643564,-2.292237624
10,0.2-8,1.3385447603213216,1.291811881,1.466643564,-2.292237624
10,0.2-8,0.8986497994005139,0.932435644,1.466643564,-2.292237624
10,0.2-8,0.0911406503451189,0.203970297,1.466643564,-2.292237624
10,0.2-8,-0.8302653881978073,-0.670188119,1.466643564,-2.292237624
10,0.2-8,-1.7081987570123498,-1.563772277,1.466643564,-2.292237624
10,0.2-8,-2.122327330827693,-2.117405941,1.466643564,-2.292237624
10,0.2-8,-1.7237572629482982,-1.835732673,1.466643564,-2.292237624
10,0.2-8,-0.7000445334640215,-0.845019802,1.466643564,-2.292237624
10,0.2-8,0.2655214230993625,0.135980198,1.466643564,-2.292237624
10,0.2-8,0.860370425445669,0.689613861,1.466643564,-2.292237624
10,0.2-8,1.2541970038076211,1.20439604,1.466643564,-2.292237624
10,0.2-8,1.38348695108927,1.291811881,1.466643564,-2.292237624
10,0.2-8,1.361019604242477,1.320950495,1.466643564,-2.292237624
10,0.2-8,1.1403050389134652,1.126693069,1.466643564,-2.292237624
10,0.2-8,0.5306530872930365,0.641049505,1.466643564,-2.292237624
10,0.2-8,-0.356132449315562,-0.203970297,1.466643564,-2.292237624
10,0.2-8,-1.3207112667197554,-1.28209901,1.466643564,-2.292237624
10,0.2-8,-2.1248606489947663,-2.049415842,1.466643564,-2.292237624
10,0.2-8,-2.1026456635309905,-2.117405941,1.466643564,-2.292237624
10,0.2-8,-1.2110245649653557,-1.369514851,1.466643564,-2.292237624
10,0.2-8,-0.1352630607183724,-0.262247525,1.466643564,-2.292237624
10,0.2-8,0.6639361734723906,0.534207921,1.466643564,-2.292237624
10,0.2-8,1.1769626378582947,1.039277228,1.466643564,-2.292237624
10,0.2-8,1.3815447731207335,1.311237624,1.466643564,-2.292237624
10,0.2-8,1.3744055336241756,1.301524752,1.466643564,-2.292237624
10,0.2-8,1.2461589951249443,1.28209901,1.466643564,-2.292237624
10,0.2-8,0.7984124393486568,0.825594059,1.466643564,-2.292237624
10,0.2-8,-0.0405314024336587,0.106841584,1.466643564,-2.292237624
10,0.2-8,-0.8454193673860376,-0.806168317,1.466643564,-2.292237624
10,0.2-8,-1.8169798186498212,-1.680326733,1.466643564,-2.292237624
10,0.2-8,-2.1534978757047303,-2.156257426,1.466643564,-2.292237624
10,0.2-8,-1.699014703903038,-1.816306931,1.466643564,-2.292237624
10,0.2-8,-0.4763548969398846,-0.728465347,1.466643564,-2.292237624
10,0.2-8,0.3453949406207533,0.194257426,1.466643564,-2.292237624
10,0.2-8,0.9569020456699716,0.796455446,1.466643564,-2.292237624
10,0.2-8,1.3119413401599562,1.20439604,1.466643564,-2.292237624
10,0.2-8,1.4323442170599443,1.330663366,1.466643564,-2.292237624
10,0.2-8,1.3619411177241527,1.301524752,1.466643564,-2.292237624
10,0.2-8,1.1722567653086686,1.155831683,1.466643564,-2.292237624
10,0.2-8,0.429002355796868,0.60219802,1.466643564,-2.292237624
10,0.2-8,-0.449573887794953,-0.320524752,1.466643564,-2.292237624
10,0.2-8,-1.3468740161737005,-1.311237624,1.466643564,-2.292237624
10,0.2-8,-2.0764630387633063,-1.971712871,1.466643564,-2.292237624
10,0.2-8,-2.0350726492601523,-2.146544554,1.466643564,-2.292237624
10,0.2-8,-1.1467567910899488,-1.223821782,1.466643564,-2.292237624
10,0.2-8,0.000378600700682,-0.291386139,1.466643564,-2.292237624
10,0.2-8,0.6236811933921348,0.563346535,1.466643564,-2.292237624
10,0.2-8,1.1719642991008932,1.000425743,1.466643564,-2.292237624
10,0.2-8,1.3742370397370347,1.311237624,1.466643564,-2.292237624
10,0.2-8,1.4003691349218237,1.301524752,1.466643564,-2.292237624
10,0.2-8,1.26388668196804,1.28209901,1.466643564,-2.292237624
10,0.2-8,0.8072824546326243,0.864445545,1.466643564,-2.292237624
10,0.2-8,-0.1457376844306638,0.048564356,1.466643564,-2.292237624
10,0.2-8,-0.9787462939408724,-0.854732673,1.466643564,-2.292237624
10,0.2-8,-1.7880302764694185,-1.670613861,1.466643564,-2.292237624
10,0.2-8,-1.966150481934764,-1.991138614,1.466643564,-2.292237624
10,0.2-8,-1.305842299095402,-1.43750495,1.466643564,-2.292237624
10,0.2-8,-0.1744969962008338,-0.310811881,1.466643564,-2.292237624
10,0.2-8,0.5662366411772342,0.359376238,1.466643564,-2.292237624
10,0.2-8,0.9606444329013548,0.874158416,1.466643564,-2.292237624
10,0.2-8,1.0445028037815407,0.922722772,1.466643564,-2.292237624
10,0.2-8,0.8699219527008673,0.893584158,1.466643564,-2.292237624
10,0.2-8,0.6410304074220596,0.52449505,1.466643564,-2.292237624
10,0.2-8,0.4909673258678551,0.466217822,1.466643564,-2.292237624
10,0.2-8,0.1457374547522679,0.097128713,1.466643564,-2.292237624
10,0.2-8,-0.2806723705603409,-0.252534653,1.466643564,-2.292237624
10,0.2-8,-0.6646894430487976,-0.738178218,1.466643564,-2.292237624
10,0.2-8,-0.8271603780301291,-0.893584158,1.466643564,-2.292237624
10,0.2-8,-0.5604766217663774,-0.767316832,1.466643564,-2.292237624
10,0.2-8,-0.147230963789504,-0.252534653,1.466643564,-2.292237624
10,0.2-8,0.2370959255706231,0.038851485,1.466643564,-2.292237624
10,0.2-8,0.4349575040891519,0.262247525,1.466643564,-2.292237624
10,0.2-8,0.4597630716911209,0.262247525,1.466643564,-2.292237624
10,0.2-8,0.3180401294727538,0.271960396,1.466643564,-2.292237624
10,0.2-8,0.1567100067915089,0.009712871,1.466643564,-2.292237624
10,0.2-8,0.0416764379682116,-0.048564356,1.466643564,-2.292237624
10,0.2-8,0.0061514887426603,-0.126267327,1.466643564,-2.292237624
10,0.2-8,0.0505455062498073,-0.048564356,1.466643564,-2.292237624
10,0.2-8,0.0502484389889056,-0.058277228,1.466643564,-2.292237624
10,0.2-8,0.0771429287795462,0.009712871,1.466643564,-2.292237624
10,0.2-8,0.0499029503980033,-0.145693069,1.466643564,-2.292237624
10,0.2-8,0.0247324922290149,-0.009712871,1.466643564,-2.292237624
10,0.2-8,0.0411068524656028,-0.087415842,1.466643564,-2.292237624
10,0.2-8,0.0546796632560332,-0.058277228,1.466643564,-2.292237624
8,0.3-6.4,-0.0163976962743102,-0.038851485,2.583623762,-3.127544554
8,0.3-6.4,-0.0065988771871473,-0.019425743,2.583623762,-3.127544554
8,0.3-6.4,0.0118979444826884,-0.087415842,2.583623762,-3.127544554
8,0.3-6.4,-0.0182703708614459,-0.019425743,2.583623762,-3.127544554
8,0.3-6.4,-0.0144065775811153,-0.067990099,2.583623762,-3.127544554
8,0.3-6.4,0.1170321281018263,-0.048564356,2.583623762,-3.127544554
8,0.3-6.4,0.2542410664728344,0.07770297,2.583623762,-3.127544554
8,0.3-6.4,0.20472661136643,0.310811881,2.583623762,-3.127544554
8,0.3-6.4,-0.0537024848897017,0.174831683,2.583623762,-3.127544554
8,0.3-6.4,-0.4376839252675713,-0.097128713,2.583623762,-3.127544554
8,0.3-6.4,-0.6416939070345159,-0.582772277,2.583623762,-3.127544554
8,0.3-6.4,-0.679058572064942,-0.75760396,2.583623762,-3.127544554
8,0.3-6.4,-0.4890830301776949,-0.738178218,2.583623762,-3.127544554
8,0.3-6.4,-0.1616411752570314,-0.543920792,2.583623762,-3.127544554
8,0.3-6.4,0.1915675944625921,-0.203970297,2.583623762,-3.127544554
8,0.3-6.4,0.5448345154354642,0.262247525,2.583623762,-3.127544554
8,0.3-6.4,1.0616882378556725,0.563346535,2.583623762,-3.127544554
8,0.3-6.4,1.241804379797973,1.126693069,2.583623762,-3.127544554
8,0.3-6.4,1.2516153446076717,1.165544554,2.583623762,-3.127544554
8,0.3-6.4,0.9661092520237834,1.252960396,2.583623762,-3.127544554
8,0.3-6.4,0.3640328803044899,0.786742574,2.583623762,-3.127544554
8,0.3-6.4,-0.2870274295290676,0.174831683,2.583623762,-3.127544554
8,0.3-6.4,-0.8373467990459981,-0.45650495,2.583623762,-3.127544554
8,0.3-6.4,-1.5007029202176945,-0.981,2.583623762,-3.127544554
8,0.3-6.4,-2.0617997357122864,-1.748316832,2.583623762,-3.127544554
8,0.3-6.4,-1.7778591417524237,-2.165970297,2.583623762,-3.127544554
8,0.3-6.4,-1.0993922370575715,-1.758029703,2.583623762,-3.127544554
8,0.3-6.4,-0.5175441548503059,-0.981,2.583623762,-3.127544554
8,0.3-6.4,-0.0708315301839761,-0.514782178,2.583623762,-3.127544554
8,0.3-6.4,0.4082699098464213,-0.067990099,2.583623762,-3.127544554
8,0.3-6.4,1.2835083617122525,0.407940594,2.583623762,-3.127544554
8,0.3-6.4,2.030079168601287,1.320950495,2.583623762,-3.127544554
8,0.3-6.4,2.3819538354949024,2.03970297,2.583623762,-3.127544554
8,0.3-6.4,2.259046787386636,2.34080198,2.583623762,-3.127544554
8,0.3-6.4,1.5898863472356672,2.195108911,2.583623762,-3.127544554
8,0.3-6.4,0.4506975333886595,1.408366337,2.583623762,-3.127544554
8,0.3-6.4,-0.3292524955168634,0.407940594,2.583623762,-3.127544554
8,0.3-6.4,-1.212414289584234,-0.466217822,2.583623762,-3.127544554
8,0.3-6.4,-2.0259285603007973,-1.223821782,2.583623762,-3.127544554
8,0.3-6.4,-2.832592900843628,-2.097980198,2.583623762,-3.127544554
8,0.3-6.4,-2.812234019565437,-2.855584158,2.583623762,-3.127544554
8,0.3-6.4,-1.711382906274747,-2.943,2.583623762,-3.127544554
8,0.3-6.4,-0.7050018394131652,-1.816306931,2.583623762,-3.127544554
8,0.3-6.4,-0.1132086073606702,-0.67990099,2.583623762,-3.127544554
8,0.3-6.4,0.3545732435772889,-0.048564356,2.583623762,-3.127544554
8,0.3-6.4,1.1675081631630355,0.291386139,2.583623762,-3.127544554
8,0.3-6.4,2.142318198233636,1.243247525,2.583623762,-3.127544554
8,0.3-6.4,2.5566963159479865,2.195108911,2.583623762,-3.127544554
8,0.3-6.4,2.4603351768408177,2.583623762,2.583623762,-3.127544554
8,0.3-6.4,2.121558774710596,2.311663366,2.583623762,-3.127544554
8,0.3-6.4,1.2991810797001622,1.923148515,2.583623762,-3.127544554
8,0.3-6.4,0.2646946572700266,0.854732673,2.583623762,-3.127544554
8,0.3-6.4,-0.5496725347799907,-0.029138614,2.583623762,-3.127544554
8,0.3-6.4,-1.5136703541907055,-0.738178218,2.583623762,-3.127544554
8,0.3-6.4,-2.30589875000823,-1.602623762,2.583623762,-3.127544554
8,0.3-6.4,-2.8800795400280754,-2.379653465,2.583623762,-3.127544554
8,0.3-6.4,-2.56744821391517,-3.001277228,2.583623762,-3.127544554
8,0.3-6.4,-1.559700124063938,-2.583623762,2.583623762,-3.127544554
8,0.3-6.4,-0.6662792560527763,-1.427792079,2.583623762,-3.127544554
8,0.3-6.4,0.0070144464953521,-0.505069307,2.583623762,-3.127544554
8,0.3-6.4,0.4869952217365836,0.097128713,2.583623762,-3.127544554
8,0.3-6.4,1.4414975529955585,0.660475248,2.583623762,-3.127544554
8,0.3-6.4,2.276603998649631,1.651188119,2.583623762,-3.127544554
8,0.3-6.4,2.539564261379515,2.350514851,2.583623762,-3.127544554
8,0.3-6.4,2.334536058157895,2.496207921,2.583623762,-3.127544554
8,0.3-6.4,1.7775235817866637,2.233960396,2.583623762,-3.127544554
8,0.3-6.4,0.8150992289961249,1.563772277,2.583623762,-3.127544554
8,0.3-6.4,-0.0666411732935314,0.485643564,2.583623762,-3.127544554
8,0.3-6.4,-0.747495327490135,-0.37880198,2.583623762,-3.127544554
8,0.3-6.4,-1.561945817200718,-1.010138614,2.583623762,-3.127544554
8,0.3-6.4,-2.3325032857091896,-1.942574257,2.583623762,-3.127544554
8,0.3-6.4,-2.8369872154386955,-2.583623762,2.583623762,-3.127544554
8,0.3-6.4,-2.579971859284444,-3.001277228,2.583623762,-3.127544554
8,0.3-6.4,-1.409762738108364,-2.117405941,2.583623762,-3.127544554
8,0.3-6.4,-0.4597396306347211,-1.029564356,2.583623762,-3.127544554
8,0.3-6.4,0.1289287447610076,-0.233108911,2.583623762,-3.127544554
8,0.3-6.4,0.7447901001089333,0.213683168,2.583623762,-3.127544554
8,0.3-6.4,1.6563575803005184,0.990712871,2.583623762,-3.127544554
8,0.3-6.4,2.3821490691999974,1.903722772,2.583623762,-3.127544554
8,0.3-6.4,2.53007307012087,2.437930693,2.583623762,-3.127544554
8,0.3-6.4,2.2884586198389565,2.389366337,2.583623762,-3.127544554
8,0.3-6.4,1.6067629380406616,2.088267327,2.583623762,-3.127544554
8,0.3-6.4,0.5767136715684845,1.155831683,2.583623762,-3.127544554
8,0.3-6.4,-0.2498979681236047,0.155405941,2.583623762,-3.127544554
8,0.3-6.4,-0.9914303287003432,-0.582772277,2.583623762,-3.127544554
8,0.3-6.4,-1.884069443875044,-1.350089109,2.583623762,-3.127544554
8,0.3-6.4,-2.6126013146421965,-2.321376238,2.583623762,-3.127544554
8,0.3-6.4,-2.8398287288273623,-2.894435644,2.583623762,-3.127544554
8,0.3-6.4,-2.01581256521362,-2.787594059,2.583623762,-3.127544554
8,0.3-6.4,-1.0459852376387735,-1.602623762,2.583623762,-3.127544554
8,0.3-6.4,-0.2348462889393103,-0.718752475,2.583623762,-3.127544554
8,0.3-6.4,0.3323908998816437,-0.048564356,2.583623762,-3.127544554
8,0.3-6.4,1.0140404563302703,0.388514851,2.583623762,-3.127544554
8,0.3-6.4,1.9413786604938224,1.427792079,2.583623762,-3.127544554
8,0.3-6.4,2.4420809390261624,2.156257426,2.583623762,-3.127544554
8,0.3-6.4,2.529371841964612,2.535059406,2.583623762,-3.127544554
8,0.3-6.4,2.078056413989425,2.34080198,2.583623762,-3.127544554
8,0.3-6.4,1.2848630573299065,1.73860396,2.583623762,-3.127544554
8,0.3-6.4,0.311923948925621,0.767316832,2.583623762,-3.127544554
8,0.3-6.4,-0.3878016583273759,-0.07770297,2.583623762,-3.127544554
8,0.3-6.4,-1.135604140051096,-0.747891089,2.583623762,-3.127544554
8,0.3-6.4,-1.984049115708259,-1.66090099,2.583623762,-3.127544554
8,0.3-6.4,-2.7355841954935247,-2.48649505,2.583623762,-3.127544554
8,0.3-6.4,-2.811333882284313,-3.010990099,2.583623762,-3.127544554
8,0.3-6.4,-1.8249117782826287,-2.437930693,2.583623762,-3.127544554
8,0.3-6.4,-0.8702656498032199,-1.194683168,2.583623762,-3.127544554
8,0.3-6.4,-0.1534423186496405,-0.388514851,2.583623762,-3.127544554
8,0.3-6.4,0.3726136883766507,0.194257426,2.583623762,-3.127544554
8,0.3-6.4,1.0260459699688658,0.728465347,2.583623762,-3.127544554
8,0.3-6.4,1.960069642006968,1.563772277,2.583623762,-3.127544554
8,0.3-6.4,2.5262810431515064,2.34080198,2.583623762,-3.127544554
8,0.3-6.4,2.475815874330334,2.496207921,2.583623762,-3.127544554
8,0.3-6.4,2.032127872456198,2.311663366,2.583623762,-3.127544554
8,0.3-6.4,1.0257183422162075,1.369514851,2.583623762,-3.127544554
8,0.3-6.4,-0.0170914906771823,0.349663366,2.583623762,-3.127544554
8,0.3-6.4,-0.5916875632102463,-0.45650495,2.583623762,-3.127544554
8,0.3-6.4,-1.3985589915445886,-1.029564356,2.583623762,-3.127544554
8,0.3-6.4,-2.352413937142912,-2.068841584,2.583623762,-3.127544554
8,0.3-6.4,-2.942927587429136,-2.739029703,2.583623762,-3.127544554
8,0.3-6.4,-2.4375327905250668,-2.923574257,2.583623762,-3.127544554
8,0.3-6.4,-1.4574992927289687,-1.826019802,2.583623762,-3.127544554
8,0.3-6.4,-0.6063739083747037,-0.90329703,2.583623762,-3.127544554
8,0.3-6.4,-0.0189875188218369,-0.126267327,2.583623762,-3.127544554
8,0.3-6.4,0.5304932727406017,0.242821782,2.583623762,-3.127544554
8,0.3-6.4,1.3954204649642208,1.146118812,2.583623762,-3.127544554
8,0.3-6.4,2.265663033192544,1.962,2.583623762,-3.127544554
8,0.3-6.4,2.4998792869616246,2.496207921,2.583623762,-3.127544554
8,0.3-6.4,2.2860325716863144,2.321376238,2.583623762,-3.127544554
8,0.3-6.4,1.64827241081625,2.03970297,2.583623762,-3.127544554
8,0.3-6.4,0.4651584814799963,1.05870297,2.583623762,-3.127544554
8,0.3-6.4,-0.3262904935496156,0.067990099,2.583623762,-3.127544554
8,0.3-6.4,-1.0271807220574716,-0.660475248,2.583623762,-3.127544554
8,0.3-6.4,-1.8577811499926595,-1.350089109,2.583623762,-3.127544554
8,0.3-6.4,-2.6963743053800666,-2.272811881,2.583623762,-3.127544554
8,0.3-6.4,-2.872256271912818,-3.010990099,2.583623762,-3.127544554
8,0.3-6.4,-1.9406440730720556,-2.632188119,2.583623762,-3.127544554
8,0.3-6.4,-0.923428068196592,-1.592910891,2.583623762,-3.127544554
8,0.3-6.4,-0.1807507159851951,-0.573059406,2.583623762,-3.127544554
8,0.3-6.4,0.2814112878295235,0.097128713,2.583623762,-3.127544554
8,0.3-6.4,0.9726016625110988,0.563346535,2.583623762,-3.127544554
8,0.3-6.4,1.98972896542621,1.369514851,2.583623762,-3.127544554
8,0.3-6.4,2.5016324607931866,2.253386139,2.583623762,-3.127544554
8,0.3-6.4,2.446889896221176,2.496207921,2.583623762,-3.127544554
8,0.3-6.4,2.156959736272712,2.350514851,2.583623762,-3.127544554
8,0.3-6.4,1.30651899171671,1.699752475,2.583623762,-3.127544554
8,0.3-6.4,0.2936934562934156,0.67990099,2.583623762,-3.127544554
8,0.3-6.4,-0.3738172611475852,-0.252534653,2.583623762,-3.127544554
8,0.3-6.4,-1.1451828022414083,-0.835306931,2.583623762,-3.127544554
8,0.3-6.4,-2.091202959881823,-1.758029703,2.583623762,-3.127544554
8,0.3-6.4,-2.7888757129256394,-2.505920792,2.583623762,-3.127544554
8,0.3-6.4,-2.7681906480559526,-3.127544554,2.583623762,-3.127544554
8,0.3-6.4,-1.781378349087665,-2.156257426,2.583623762,-3.127544554
8,0.3-6.4,-0.8926899660574892,-1.20439604,2.583623762,-3.127544554
8,0.3-6.4,-0.1603105075933939,-0.320524752,2.583623762,-3.127544554
8,0.3-6.4,0.314763020497358,0.135980198,2.583623762,-3.127544554
8,0.3-6.4,1.0431748444061917,0.786742574,2.583623762,-3.127544554
8,0.3-6.4,1.980701657119696,1.758029703,2.583623762,-3.127544554
8,0.3-6.4,2.4591125160223504,2.41850495,2.583623762,-3.127544554
8,0.3-6.4,2.4933750995773827,2.379653465,2.583623762,-3.127544554
8,0.3-6.4,2.123550168375223,2.107693069,2.583623762,-3.127544554
8,0.3-6.4,1.3435827856831086,1.291811881,2.583623762,-3.127544554
8,0.3-6.4,0.379527918528416,0.310811881,2.583623762,-3.127544554
8,0.3-6.4,-0.3365100275207669,-0.505069307,2.583623762,-3.127544554
8,0.3-6.4,-1.06272989147748,-1.146118812,2.583623762,-3.127544554
8,0.3-6.4,-2.0047192578069226,-2.049415842,2.583623762,-3.127544554
8,0.3-6.4,-2.7879455670246283,-2.855584158,2.583623762,-3.127544554
8,0.3-6.4,-2.785905171147741,-2.933287129,2.583623762,-3.127544554
8,0.3-6.4,-1.795179585708386,-1.864871287,2.583623762,-3.127544554
8,0.3-6.4,-0.8039500693042947,-0.796455446,2.583623762,-3.127544554
8,0.3-6.4,-0.0679963239147393,-0.155405941,2.583623762,-3.127544554
8,0.3-6.4,0.5011873939898356,0.388514851,2.583623762,-3.127544554
8,0.3-6.4,1.3648729215303006,1.165544554,2.583623762,-3.127544554
8,0.3-6.4,2.1788163712345927,2.136831683,2.583623762,-3.127544554
8,0.3-6.4,2.481372504343694,2.41850495,2.583623762,-3.127544554
8,0.3-6.4,2.409786472291027,2.437930693,2.583623762,-3.127544554
8,0.3-6.4,1.8843272660469017,1.913435644,2.583623762,-3.127544554
8,0.3-6.4,0.8142646332042626,0.951861386,2.583623762,-3.127544554
8,0.3-6.4,-0.0859240567801034,-0.116554455,2.583623762,-3.127544554
8,0.3-6.4,-0.7605918070720383,-0.689613861,2.583623762,-3.127544554
8,0.3-6.4,-1.5386349277720408,-1.58319802,2.583623762,-3.127544554
8,0.3-6.4,-2.3715773116816026,-2.311663366,2.583623762,-3.127544554
8,0.3-6.4,-2.917867107958425,-3.078980198,2.583623762,-3.127544554
8,0.3-6.4,-2.2305869192232675,-2.48649505,2.583623762,-3.127544554
8,0.3-6.4,-1.0278726746214557,-1.43750495,2.583623762,-3.127544554
8,0.3-6.4,-0.2234516186447625,-0.534207921,2.583623762,-3.127544554
8,0.3-6.4,0.3368343005170697,-0.029138614,2.583623762,-3.127544554
8,0.3-6.4,1.090189792087118,0.699326733,2.583623762,-3.127544554
8,0.3-6.4,2.1139188488167338,1.515207921,2.583623762,-3.127544554
8,0.3-6.4,2.4634824296156164,2.282524752,2.583623762,-3.127544554
8,0.3-6.4,2.452476575599375,2.428217822,2.583623762,-3.127544554
8,0.3-6.4,2.0370491517954097,2.282524752,2.583623762,-3.127544554
8,0.3-6.4,1.1341667804800497,1.495782178,2.583623762,-3.127544554
8,0.3-6.4,0.0845178634842694,0.514782178,2.583623762,-3.127544554
8,0.3-6.4,-0.5365752741929463,-0.388514851,2.583623762,-3.127544554
8,0.3-6.4,-1.2402854768001266,-0.854732673,2.583623762,-3.127544554
8,0.3-6.4,-2.022212983440187,-1.826019802,2.583623762,-3.127544554
8,0.3-6.4,-2.856637233821915,-2.535059406,2.583623762,-3.127544554
8,0.3-6.4,-2.825685739514758,-3.108118812,2.583623762,-3.127544554
8,0.3-6.4,-1.755574285350183,-2.127118812,2.583623762,-3.127544554
8,0.3-6.4,-0.6995330435483562,-1.048990099,2.583623762,-3.127544554
8,0.3-6.4,-0.0823540567200591,-0.281673267,2.583623762,-3.127544554
8,0.3-6.4,0.3749023721978958,0.281673267,2.583623762,-3.127544554
8,0.3-6.4,1.1454910031627326,0.893584158,2.583623762,-3.127544554
8,0.3-6.4,2.0403097629321336,1.894009901,2.583623762,-3.127544554
8,0.3-6.4,2.475540135915966,2.408792079,2.583623762,-3.127544554
8,0.3-6.4,2.449066095061732,2.321376238,2.583623762,-3.127544554
8,0.3-6.4,2.1564609104840584,2.107693069,2.583623762,-3.127544554
8,0.3-6.4,1.2467724036800143,1.175257426,2.583623762,-3.127544554
8,0.3-6.4,0.2177109719281227,0.106841584,2.583623762,-3.127544554
8,0.3-6.4,-0.407372426633712,-0.553633663,2.583623762,-3.127544554
8,0.3-6.4,-1.105525639416701,-1.20439604,2.583623762,-3.127544554
8,0.3-6.4,-2.011213016966662,-2.097980198,2.583623762,-3.127544554
8,0.3-6.4,-2.863218418866023,-3.049841584,2.583623762,-3.127544554
8,0.3-6.4,-2.6643267795204744,-2.729316832,2.583623762,-3.127544554
8,0.3-6.4,-1.5896546735362542,-1.709465347,2.583623762,-3.127544554
8,0.3-6.4,-0.7360674646734392,-0.641049505,2.583623762,-3.127544554
8,0.3-6.4,-0.1217638433205223,-0.174831683,2.583623762,-3.127544554
8,0.3-6.4,0.4074508185566464,0.475930693,2.583623762,-3.127544554
8,0.3-6.4,1.3948602974757531,1.379227723,2.583623762,-3.127544554
8,0.3-6.4,2.271254641087024,2.195108911,2.583623762,-3.127544554
8,0.3-6.4,2.43665107224206,2.41850495,2.583623762,-3.127544554
8,0.3-6.4,2.4096740364826057,2.350514851,2.583623762,-3.127544554
8,0.3-6.4,1.8974790913785924,1.787168317,2.583623762,-3.127544554
8,0.3-6.4,0.9340327078673466,0.854732673,2.583623762,-3.127544554
8,0.3-6.4,-0.0178366166683555,-0.184544554,2.583623762,-3.127544554
8,0.3-6.4,-0.6281143813936455,-0.709039604,2.583623762,-3.127544554
8,0.3-6.4,-1.3663136528196491,-1.58319802,2.583623762,-3.127544554
8,0.3-6.4,-2.162684537205585,-2.34080198,2.583623762,-3.127544554
8,0.3-6.4,-2.950739932117481,-3.098405941,2.583623762,-3.127544554
8,0.3-6.4,-2.5502100751580192,-2.515633663,2.583623762,-3.127544554
8,0.3-6.4,-1.2713565790124857,-1.223821782,2.583623762,-3.127544554
8,0.3-6.4,-0.3882341652819225,-0.45650495,2.583623762,-3.127544554
8,0.3-6.4,0.2039889807654633,0.145693069,2.583623762,-3.127544554
8,0.3-6.4,0.8637415470647122,0.670188119,2.583623762,-3.127544554
8,0.3-6.4,1.9104396362956015,1.719178218,2.583623762,-3.127544554
8,0.3-6.4,2.4780481061503137,2.282524752,2.583623762,-3.127544554
8,0.3-6.4,2.485312133004545,2.476782178,2.583623762,-3.127544554
8,0.3-6.4,2.0258428762606417,2.253386139,2.583623762,-3.127544554
8,0.3-6.4,0.9866618897656888,1.418079208,2.583623762,-3.127544554
8,0.3-6.4,-0.1607793120631868,0.184544554,2.583623762,-3.127544554
8,0.3-6.4,-0.8565095194915258,-0.543920792,2.583623762,-3.127544554
8,0.3-6.4,-1.5871978930627135,-1.388940594,2.583623762,-3.127544554
8,0.3-6.4,-2.151952831103409,-1.923148515,2.583623762,-3.127544554
8,0.3-6.4,-2.622938255790324,-2.612762376,2.583623762,-3.127544554
8,0.3-6.4,-1.994336254841965,-2.399079208,2.583623762,-3.127544554
8,0.3-6.4,-0.87967602745811,-1.418079208,2.583623762,-3.127544554
8,0.3-6.4,-0.1542348046880603,-0.349663366,2.583623762,-3.127544554
8,0.3-6.4,0.2691709709042443,0.07770297,2.583623762,-3.127544554
8,0.3-6.4,0.7302045747169981,0.52449505,2.583623762,-3.127544554
8,0.3-6.4,1.2661272124333438,0.990712871,2.583623762,-3.127544554
8,0.3-6.4,1.5491169151167568,1.43750495,2.583623762,-3.127544554
8,0.3-6.4,1.5179727019670433,1.43750495,2.583623762,-3.127544554
8,0.3-6.4,1.2733783594874308,1.301524752,2.583623762,-3.127544554
8,0.3-6.4,0.9490324722716458,0.961574257,2.583623762,-3.127544554
8,0.3-6.4,0.2361121641855713,0.495356436,2.583623762,-3.127544554
8,0.3-6.4,-0.4739839350981489,-0.291386139,2.583623762,-3.127544554
8,0.3-6.4,-0.7317287599372856,-0.689613861,2.583623762,-3.127544554
8,0.3-6.4,-1.0629358041660195,-0.913009901,2.583623762,-3.127544554
8,0.3-6.4,-1.4366431032480431,-1.20439604,2.583623762,-3.127544554
8,0.3-6.4,-1.0153246935970568,-1.486069307,2.583623762,-3.127544554
8,0.3-6.4,-0.3262690699235117,-0.913009901,2.583623762,-3.127544554
8,0.3-6.4,0.195952185128145,-0.213683168,2.583623762,-3.127544554
8,0.3-6.4,0.3280819597515215,0.213683168,2.583623762,-3.127544554
8,0.3-6.4,0.4176894549951527,0.339950495,2.583623762,-3.127544554
8,0.3-6.4,0.4560538151034942,0.369089109,2.583623762,-3.127544554
8,0.3-6.4,0.5604044096190219,0.475930693,2.583623762,-3.127544554
8,0.3-6.4,0.4048836104972355,0.543920792,2.583623762,-3.127544554
8,0.3-6.4,0.1221021488302566,0.291386139,2.583623762,-3.127544554
8,0.3-6.4,-0.0667829062385769,0.009712871,2.583623762,-3.127544554
8,0.3-6.4,-0.1636112738190287,-0.184544554,2.583623762,-3.127544554
8,0.3-6.4,-0.1377091119920597,-0.281673267,2.583623762,-3.127544554
8,0.3-6.4,-0.023614576694197,-0.155405941,2.583623762,-3.127544554
8,0.3-6.4,-0.0061637157636776,-0.126267327,2.583623762,-3.127544554
8,0.3-6.4,-0.0186142885619024,-0.038851485,2.583623762,-3.127544554
8,0.3-6.4,-0.0535871595017934,-0.135980198,2.583623762,-3.127544554
8,0.3-6.4,-0.0611805431134123,-0.097128713,2.583623762,-3.127544554
8,0.3-6.4,-0.0270981281763134,-0.116554455,2.583623762,-3.127544554
8,0.3-6.4,0.0064622465990177,-0.019425743,2.583623762,-3.127544554
9,0.3-6.4,0.030955955506337,-0.038851485,2.583623762,-3.127544554
9,0.3-6.4,0.040844177644309,-0.019425743,2.583623762,-3.127544554
9,0.3-6.4,0.0231118447292899,-0.087415842,2.583623762,-3.127544554
9,0.3-6.4,0.0116062793208658,-0.019425743,2.583623762,-3.127544554
9,0.3-6.4,0.0691059703822917,-0.067990099,2.583623762,-3.127544554
9,0.3-6.4,0.049654519690248,-0.048564356,2.583623762,-3.127544554
9,0.3-6.4,0.1062080350546081,0.07770297,2.583623762,-3.127544554
9,0.3-6.4,0.2082896387187143,0.310811881,2.583623762,-3.127544554
9,0.3-6.4,0.2560806946673483,0.174831683,2.583623762,-3.127544554
9,0.3-6.4,0.03915179307054,-0.097128713,2.583623762,-3.127544554
9,0.3-6.4,-0.3402711035622132,-0.582772277,2.583623762,-3.127544554
9,0.3-6.4,-0.6088629834459099,-0.75760396,2.583623762,-3.127544554
9,0.3-6.4,-0.7204593558250048,-0.738178218,2.583623762,-3.127544554
9,0.3-6.4,-0.5575676501908154,-0.543920792,2.583623762,-3.127544554
9,0.3-6.4,-0.2370591506509745,-0.203970297,2.583623762,-3.127544554
9,0.3-6.4,0.1673842195114347,0.262247525,2.583623762,-3.127544554
9,0.3-6.4,0.4161551342995605,0.563346535,2.583623762,-3.127544554
9,0.3-6.4,1.0005681189194553,1.126693069,2.583623762,-3.127544554
9,0.3-6.4,1.2035146098023173,1.165544554,2.583623762,-3.127544554
9,0.3-6.4,1.249435666976792,1.252960396,2.583623762,-3.127544554
9,0.3-6.4,0.9954245557111568,0.786742574,2.583623762,-3.127544554
9,0.3-6.4,0.3751065060607733,0.174831683,2.583623762,-3.127544554
9,0.3-6.4,-0.2277517047116486,-0.45650495,2.583623762,-3.127544554
9,0.3-6.4,-0.7398079943076736,-0.981,2.583623762,-3.127544554
9,0.3-6.4,-1.407299548880234,-1.748316832,2.583623762,-3.127544554
9,0.3-6.4,-2.0218350108501872,-2.165970297,2.583623762,-3.127544554
9,0.3-6.4,-1.8990200252685612,-1.758029703,2.583623762,-3.127544554
9,0.3-6.4,-1.108239190182131,-0.981,2.583623762,-3.127544554
9,0.3-6.4,-0.5474949469292546,-0.514782178,2.583623762,-3.127544554
9,0.3-6.4,-0.0593183109397764,-0.067990099,2.583623762,-3.127544554
9,0.3-6.4,0.2732846260552331,0.407940594,2.583623762,-3.127544554
9,0.3-6.4,1.021393191099398,1.320950495,2.583623762,-3.127544554
9,0.3-6.4,1.883844401092263,2.03970297,2.583623762,-3.127544554
9,0.3-6.4,2.332367373290249,2.34080198,2.583623762,-3.127544554
9,0.3-6.4,2.2901277411930847,2.195108911,2.583623762,-3.127544554
9,0.3-6.4,1.780671434505668,1.408366337,2.583623762,-3.127544554
9,0.3-6.4,0.7506879335244508,0.407940594,2.583623762,-3.127544554
9,0.3-6.4,-0.1597375144540849,-0.466217822,2.583623762,-3.127544554
9,0.3-6.4,-0.921034012349442,-1.223821782,2.583623762,-3.127544554
9,0.3-6.4,-1.7236394295737414,-2.097980198,2.583623762,-3.127544554
9,0.3-6.4,-2.539480923724789,-2.855584158,2.583623762,-3.127544554
9,0.3-6.4,-2.985150456314435,-2.943,2.583623762,-3.127544554
9,0.3-6.4,-2.163589675548207,-1.816306931,2.583623762,-3.127544554
9,0.3-6.4,-0.8860283950295459,-0.67990099,2.583623762,-3.127544554
9,0.3-6.4,-0.2025087611134089,-0.048564356,2.583623762,-3.127544554
9,0.3-6.4,0.2002078307657294,0.291386139,2.583623762,-3.127544554
9,0.3-6.4,0.8612989473898012,1.243247525,2.583623762,-3.127544554
9,0.3-6.4,1.991900776134404,2.195108911,2.583623762,-3.127544554
9,0.3-6.4,2.486333231219395,2.583623762,2.583623762,-3.127544554
9,0.3-6.4,2.483501953879954,2.311663366,2.583623762,-3.127544554
9,0.3-6.4,2.102269417042534,1.923148515,2.583623762,-3.127544554
9,0.3-6.4,1.3178507843764926,0.854732673,2.583623762,-3.127544554
9,0.3-6.4,0.1984041189645993,-0.029138614,2.583623762,-3.127544554
9,0.3-6.4,-0.4641600425435452,-0.738178218,2.583623762,-3.127544554
9,0.3-6.4,-1.2829020997499736,-1.602623762,2.583623762,-3.127544554
9,0.3-6.4,-2.0703635034015893,-2.379653465,2.583623762,-3.127544554
9,0.3-6.4,-2.757017499582856,-3.001277228,2.583623762,-3.127544554
9,0.3-6.4,-2.7178099173171817,-2.583623762,2.583623762,-3.127544554
9,0.3-6.4,-1.6936065590959417,-1.427792079,2.583623762,-3.127544554
9,0.3-6.4,-0.6867539692773854,-0.505069307,2.583623762,-3.127544554
9,0.3-6.4,0.0337203583648033,0.097128713,2.583623762,-3.127544554
9,0.3-6.4,0.4206246725217123,0.660475248,2.583623762,-3.127544554
9,0.3-6.4,1.288980661500205,1.651188119,2.583623762,-3.127544554
9,0.3-6.4,2.201590021033032,2.350514851,2.583623762,-3.127544554
9,0.3-6.4,2.5050747445722563,2.496207921,2.583623762,-3.127544554
9,0.3-6.4,2.358725855330141,2.233960396,2.583623762,-3.127544554
9,0.3-6.4,1.8409367905213647,1.563772277,2.583623762,-3.127544554
9,0.3-6.4,0.9130634290174952,0.485643564,2.583623762,-3.127544554
9,0.3-6.4,-0.1086959937481699,-0.37880198,2.583623762,-3.127544554
9,0.3-6.4,-0.6554800423741226,-1.010138614,2.583623762,-3.127544554
9,0.3-6.4,-1.56917177000564,-1.942574257,2.583623762,-3.127544554
9,0.3-6.4,-2.271492332295566,-2.583623762,2.583623762,-3.127544554
9,0.3-6.4,-2.883237058553095,-3.001277228,2.583623762,-3.127544554
9,0.3-6.4,-2.444156740996965,-2.117405941,2.583623762,-3.127544554
9,0.3-6.4,-1.3091132376625727,-1.029564356,2.583623762,-3.127544554
9,0.3-6.4,-0.3434198638515094,-0.233108911,2.583623762,-3.127544554
9,0.3-6.4,0.1756853739847025,0.213683168,2.583623762,-3.127544554
9,0.3-6.4,0.6567891999783414,0.990712871,2.583623762,-3.127544554
9,0.3-6.4,1.6677115739895865,1.903722772,2.583623762,-3.127544554
9,0.3-6.4,2.389255177300022,2.437930693,2.583623762,-3.127544554
9,0.3-6.4,2.5134332790114216,2.389366337,2.583623762,-3.127544554
9,0.3-6.4,2.257454357152986,2.088267327,2.583623762,-3.127544554
9,0.3-6.4,1.579146016335057,1.155831683,2.583623762,-3.127544554
9,0.3-6.4,0.4475824370517228,0.155405941,2.583623762,-3.127544554
9,0.3-6.4,-0.2715118821564146,-0.582772277,2.583623762,-3.127544554
9,0.3-6.4,-0.989213972156352,-1.350089109,2.583623762,-3.127544554
9,0.3-6.4,-1.8977057108961872,-2.321376238,2.583623762,-3.127544554
9,0.3-6.4,-2.6192539780232558,-2.894435644,2.583623762,-3.127544554
9,0.3-6.4,-2.8545979732011397,-2.787594059,2.583623762,-3.127544554
9,0.3-6.4,-1.9283364472783449,-1.602623762,2.583623762,-3.127544554
9,0.3-6.4,-0.9085785796016004,-0.718752475,2.583623762,-3.127544554
9,0.3-6.4,-0.1195858454299489,-0.048564356,2.583623762,-3.127544554
9,0.3-6.4,0.2913579602525711,0.388514851,2.583623762,-3.127544554
9,0.3-6.4,0.9964180698434612,1.427792079,2.583623762,-3.127544554
9,0.3-6.4,1.976697133427909,2.156257426,2.583623762,-3.127544554
9,0.3-6.4,2.496026476750003,2.535059406,2.583623762,-3.127544554
9,0.3-6.4,2.407390522564233,2.34080198,2.583623762,-3.127544554
9,0.3-6.4,2.001491840020583,1.73860396,2.583623762,-3.127544554
9,0.3-6.4,1.1467032402899255,0.767316832,2.583623762,-3.127544554
9,0.3-6.4,0.1689722995273126,-0.07770297,2.583623762,-3.127544554
9,0.3-6.4,-0.4619862642409271,-0.747891089,2.583623762,-3.127544554
9,0.3-6.4,-1.2555129987217457,-1.66090099,2.583623762,-3.127544554
9,0.3-6.4,-2.19974584169087,-2.48649505,2.583623762,-3.127544554
9,0.3-6.4,-2.838250136068264,-3.010990099,2.583623762,-3.127544554
9,0.3-6.4,-2.6885216407733976,-2.437930693,2.583623762,-3.127544554
9,0.3-6.4,-1.5476742673129833,-1.194683168,2.583623762,-3.127544554
9,0.3-6.4,-0.5673526548657231,-0.388514851,2.583623762,-3.127544554
9,0.3-6.4,0.1338441102492582,0.194257426,2.583623762,-3.127544554
9,0.3-6.4,0.4727703043013946,0.728465347,2.583623762,-3.127544554
9,0.3-6.4,1.3415441053423116,1.563772277,2.583623762,-3.127544554
9,0.3-6.4,2.190881929578285,2.34080198,2.583623762,-3.127544554
9,0.3-6.4,2.5258088010618525,2.496207921,2.583623762,-3.127544554
9,0.3-6.4,2.3975610278701933,2.311663366,2.583623762,-3.127544554
9,0.3-6.4,1.8153684741031415,1.369514851,2.583623762,-3.127544554
9,0.3-6.4,0.6875191312411635,0.349663366,2.583623762,-3.127544554
9,0.3-6.4,-0.1292722112796219,-0.45650495,2.583623762,-3.127544554
9,0.3-6.4,-0.7581400122847856,-1.029564356,2.583623762,-3.127544554
9,0.3-6.4,-1.6271974301059695,-2.068841584,2.583623762,-3.127544554
9,0.3-6.4,-2.4972712159925305,-2.739029703,2.583623762,-3.127544554
9,0.3-6.4,-2.930048873995111,-2.923574257,2.583623762,-3.127544554
9,0.3-6.4,-2.227272246082993,-1.826019802,2.583623762,-3.127544554
9,0.3-6.4,-1.135332252981176,-0.90329703,2.583623762,-3.127544554
9,0.3-6.4,-0.3351445586766593,-0.126267327,2.583623762,-3.127544554
9,0.3-6.4,0.1893000294572059,0.242821782,2.583623762,-3.127544554
9,0.3-6.4,0.7782532708536963,1.146118812,2.583623762,-3.127544554
9,0.3-6.4,1.7715555610259084,1.962,2.583623762,-3.127544554
9,0.3-6.4,2.34793067668066,2.496207921,2.583623762,-3.127544554
9,0.3-6.4,2.450377716162963,2.321376238,2.583623762,-3.127544554
9,0.3-6.4,2.161636985006724,2.03970297,2.583623762,-3.127544554
9,0.3-6.4,1.443236848365827,1.05870297,2.583623762,-3.127544554
9,0.3-6.4,0.3157584007982168,0.067990099,2.583623762,-3.127544554
9,0.3-6.4,-0.3517641460716557,-0.660475248,2.583623762,-3.127544554
9,0.3-6.4,-1.0751193592971988,-1.350089109,2.583623762,-3.127544554
9,0.3-6.4,-1.868440220339238,-2.272811881,2.583623762,-3.127544554
9,0.3-6.4,-2.7006646003131114,-3.010990099,2.583623762,-3.127544554
9,0.3-6.4,-2.8708358227781194,-2.632188119,2.583623762,-3.127544554
9,0.3-6.4,-1.828939333749916,-1.592910891,2.583623762,-3.127544554
9,0.3-6.4,-0.7843962445254473,-0.573059406,2.583623762,-3.127544554
9,0.3-6.4,-0.0635656184519072,0.097128713,2.583623762,-3.127544554
9,0.3-6.4,0.3677222066669056,0.563346535,2.583623762,-3.127544554
9,0.3-6.4,1.1003707558057212,1.369514851,2.583623762,-3.127544554
9,0.3-6.4,2.067126724557659,2.253386139,2.583623762,-3.127544554
9,0.3-6.4,2.489289323661849,2.496207921,2.583623762,-3.127544554
9,0.3-6.4,2.420311021587577,2.350514851,2.583623762,-3.127544554
9,0.3-6.4,2.0093470942904714,1.699752475,2.583623762,-3.127544554
9,0.3-6.4,0.9971606180477596,0.67990099,2.583623762,-3.127544554
9,0.3-6.4,0.0244658340953623,-0.252534653,2.583623762,-3.127544554
9,0.3-6.4,-0.5644015624351769,-0.835306931,2.583623762,-3.127544554
9,0.3-6.4,-1.4103398753080496,-1.758029703,2.583623762,-3.127544554
9,0.3-6.4,-2.214076214857835,-2.505920792,2.583623762,-3.127544554
9,0.3-6.4,-2.949717744754658,-3.127544554,2.583623762,-3.127544554
9,0.3-6.4,-2.43404997898013,-2.156257426,2.583623762,-3.127544554
9,0.3-6.4,-1.3976720667433813,-1.20439604,2.583623762,-3.127544554
9,0.3-6.4,-0.4909329634263524,-0.320524752,2.583623762,-3.127544554
9,0.3-6.4,0.0964456199453174,0.135980198,2.583623762,-3.127544554
9,0.3-6.4,0.5491046332348922,0.786742574,2.583623762,-3.127544554
9,0.3-6.4,1.4993223046258868,1.758029703,2.583623762,-3.127544554
9,0.3-6.4,2.311380363819981,2.41850495,2.583623762,-3.127544554
9,0.3-6.4,2.4796517041735693,2.379653465,2.583623762,-3.127544554
9,0.3-6.4,2.282735279601269,2.107693069,2.583623762,-3.127544554
9,0.3-6.4,1.620022849097361,1.291811881,2.583623762,-3.127544554
9,0.3-6.4,0.6325160124160911,0.310811881,2.583623762,-3.127544554
9,0.3-6.4,-0.1673120702161931,-0.505069307,2.583623762,-3.127544554
9,0.3-6.4,-0.8032631968399826,-1.146118812,2.583623762,-3.127544554
9,0.3-6.4,-1.649903778900996,-2.049415842,2.583623762,-3.127544554
9,0.3-6.4,-2.457049314948941,-2.855584158,2.583623762,-3.127544554
9,0.3-6.4,-2.9590559722091214,-2.933287129,2.583623762,-3.127544554
9,0.3-6.4,-2.150994768841874,-1.864871287,2.583623762,-3.127544554
9,0.3-6.4,-1.0186189453911854,-0.796455446,2.583623762,-3.127544554
9,0.3-6.4,-0.1938416545920613,-0.155405941,2.583623762,-3.127544554
9,0.3-6.4,0.2622831267175104,0.388514851,2.583623762,-3.127544554
9,0.3-6.4,0.856179755350047,1.165544554,2.583623762,-3.127544554
9,0.3-6.4,1.86153593585342,2.136831683,2.583623762,-3.127544554
9,0.3-6.4,2.4213433502986743,2.41850495,2.583623762,-3.127544554
9,0.3-6.4,2.4506890673487294,2.437930693,2.583623762,-3.127544554
9,0.3-6.4,2.1436311527888128,1.913435644,2.583623762,-3.127544554
9,0.3-6.4,1.323619956895289,0.951861386,2.583623762,-3.127544554
9,0.3-6.4,0.1965889674022237,-0.116554455,2.583623762,-3.127544554
9,0.3-6.4,-0.4636374265622063,-0.689613861,2.583623762,-3.127544554
9,0.3-6.4,-1.1369058923969009,-1.58319802,2.583623762,-3.127544554
9,0.3-6.4,-2.00844455351572,-2.311663366,2.583623762,-3.127544554
9,0.3-6.4,-2.7713235371229192,-3.078980198,2.583623762,-3.127544554
9,0.3-6.4,-2.778067814944486,-2.48649505,2.583623762,-3.127544554
9,0.3-6.4,-1.620701455806224,-1.43750495,2.583623762,-3.127544554
9,0.3-6.4,-0.6838550441085376,-0.534207921,2.583623762,-3.127544554
9,0.3-6.4,-0.0437790163242673,-0.029138614,2.583623762,-3.127544554
9,0.3-6.4,0.4184186036678552,0.699326733,2.583623762,-3.127544554
9,0.3-6.4,1.2399582027352989,1.515207921,2.583623762,-3.127544554
9,0.3-6.4,2.181568376048567,2.282524752,2.583623762,-3.127544554
9,0.3-6.4,2.4737474780107496,2.428217822,2.583623762,-3.127544554
9,0.3-6.4,2.3572202781600096,2.282524752,2.583623762,-3.127544554
9,0.3-6.4,1.8810631304625087,1.495782178,2.583623762,-3.127544554
9,0.3-6.4,0.8986787714204412,0.514782178,2.583623762,-3.127544554
9,0.3-6.4,-0.0549380634453009,-0.388514851,2.583623762,-3.127544554
9,0.3-6.4,-0.612026830697304,-0.854732673,2.583623762,-3.127544554
9,0.3-6.4,-1.4083916106894627,-1.826019802,2.583623762,-3.127544554
9,0.3-6.4,-2.232781185585924,-2.535059406,2.583623762,-3.127544554
9,0.3-6.4,-2.9892887811866062,-3.108118812,2.583623762,-3.127544554
9,0.3-6.4,-2.55284308384546,-2.127118812,2.583623762,-3.127544554
9,0.3-6.4,-1.25647039403898,-1.048990099,2.583623762,-3.127544554
9,0.3-6.4,-0.4633379018965164,-0.281673267,2.583623762,-3.127544554
9,0.3-6.4,0.1722435088864248,0.281673267,2.583623762,-3.127544554
9,0.3-6.4,0.6193162218998525,0.893584158,2.583623762,-3.127544554
9,0.3-6.4,1.657346968758433,1.894009901,2.583623762,-3.127544554
9,0.3-6.4,2.313884227497669,2.408792079,2.583623762,-3.127544554
9,0.3-6.4,2.509265223390288,2.321376238,2.583623762,-3.127544554
9,0.3-6.4,2.2689029511507908,2.107693069,2.583623762,-3.127544554
9,0.3-6.4,1.6373335208451067,1.175257426,2.583623762,-3.127544554
9,0.3-6.4,0.4180881231370039,0.106841584,2.583623762,-3.127544554
9,0.3-6.4,-0.283685108355018,-0.553633663,2.583623762,-3.127544554
9,0.3-6.4,-0.9107037248938016,-1.20439604,2.583623762,-3.127544554
9,0.3-6.4,-1.7633377737155531,-2.097980198,2.583623762,-3.127544554
9,0.3-6.4,-2.6512187966927456,-3.049841584,2.583623762,-3.127544554
9,0.3-6.4,-2.9367791679561197,-2.729316832,2.583623762,-3.127544554
9,0.3-6.4,-1.9551909276116015,-1.709465347,2.583623762,-3.127544554
9,0.3-6.4,-0.9040955886792515,-0.641049505,2.583623762,-3.127544554
9,0.3-6.4,-0.2335672709595533,-0.174831683,2.583623762,-3.127544554
9,0.3-6.4,0.288609489844892,0.475930693,2.583623762,-3.127544554
9,0.3-6.4,1.0132613123877383,1.379227723,2.583623762,-3.127544554
9,0.3-6.4,2.0388904250107087,2.195108911,2.583623762,-3.127544554
9,0.3-6.4,2.35931157212281,2.41850495,2.583623762,-3.127544554
9,0.3-6.4,2.427953052433249,2.350514851,2.583623762,-3.127544554
9,0.3-6.4,2.078383139298218,1.787168317,2.583623762,-3.127544554
9,0.3-6.4,1.2013762505754102,0.854732673,2.583623762,-3.127544554
9,0.3-6.4,0.1318813636265669,-0.184544554,2.583623762,-3.127544554
9,0.3-6.4,-0.5000004616037713,-0.709039604,2.583623762,-3.127544554
9,0.3-6.4,-1.213950504125823,-1.58319802,2.583623762,-3.127544554
9,0.3-6.4,-2.002843328883852,-2.34080198,2.583623762,-3.127544554
9,0.3-6.4,-2.8609332284529407,-3.098405941,2.583623762,-3.127544554
9,0.3-6.4,-2.758587936743514,-2.515633663,2.583623762,-3.127544554
9,0.3-6.4,-1.5817586458980424,-1.223821782,2.583623762,-3.127544554
9,0.3-6.4,-0.5882128486767498,-0.45650495,2.583623762,-3.127544554
9,0.3-6.4,0.0117777996452132,0.145693069,2.583623762,-3.127544554
9,0.3-6.4,0.4965830169934575,0.670188119,2.583623762,-3.127544554
9,0.3-6.4,1.3712972636270042,1.719178218,2.583623762,-3.127544554
9,0.3-6.4,2.216724672437792,2.282524752,2.583623762,-3.127544554
9,0.3-6.4,2.505017835057945,2.476782178,2.583623762,-3.127544554
9,0.3-6.4,2.419806268535307,2.253386139,2.583623762,-3.127544554
9,0.3-6.4,1.8080538907984487,1.418079208,2.583623762,-3.127544554
9,0.3-6.4,0.6212063005510032,0.184544554,2.583623762,-3.127544554
9,0.3-6.4,-0.2932964800356316,-0.543920792,2.583623762,-3.127544554
9,0.3-6.4,-1.0066201188000954,-1.388940594,2.583623762,-3.127544554
9,0.3-6.4,-1.7018347950461543,-1.923148515,2.583623762,-3.127544554
9,0.3-6.4,-2.323002694404005,-2.612762376,2.583623762,-3.127544554
9,0.3-6.4,-2.626082043335685,-2.399079208,2.583623762,-3.127544554
9,0.3-6.4,-1.654551075803324,-1.418079208,2.583623762,-3.127544554
9,0.3-6.4,-0.6117965356394054,-0.349663366,2.583623762,-3.127544554
9,0.3-6.4,0.0590789176264252,0.07770297,2.583623762,-3.127544554
9,0.3-6.4,0.3718608752415999,0.52449505,2.583623762,-3.127544554
9,0.3-6.4,0.8582164371152026,0.990712871,2.583623762,-3.127544554
9,0.3-6.4,1.3447753995805531,1.43750495,2.583623762,-3.127544554
9,0.3-6.4,1.54532344843159,1.43750495,2.583623762,-3.127544554
9,0.3-6.4,1.386899866471346,1.301524752,2.583623762,-3.127544554
9,0.3-6.4,1.1619241320832503,0.961574257,2.583623762,-3.127544554
9,0.3-6.4,0.7345280882421767,0.495356436,2.583623762,-3.127544554
9,0.3-6.4,0.0206563419491025,-0.291386139,2.583623762,-3.127544554
9,0.3-6.4,-0.5559779154152972,-0.689613861,2.583623762,-3.127544554
9,0.3-6.4,-0.740270583843087,-0.913009901,2.583623762,-3.127544554
9,0.3-6.4,-0.9495332713321316,-1.20439604,2.583623762,-3.127544554
9,0.3-6.4,-1.4339796018772584,-1.486069307,2.583623762,-3.127544554
9,0.3-6.4,-1.1230950578750354,-0.913009901,2.583623762,-3.127544554
9,0.3-6.4,-0.2965791396318722,-0.213683168,2.583623762,-3.127544554
9,0.3-6.4,0.1973518602665633,0.213683168,2.583623762,-3.127544554
9,0.3-6.4,0.3491210214530586,0.339950495,2.583623762,-3.127544554
9,0.3-6.4,0.3732854247363416,0.369089109,2.583623762,-3.127544554
9,0.3-6.4,0.4437542762549999,0.475930693,2.583623762,-3.127544554
9,0.3-6.4,0.5283575134865371,0.543920792,2.583623762,-3.127544554
9,0.3-6.4,0.3968469644405393,0.291386139,2.583623762,-3.127544554
9,0.3-6.4,0.0983106271648461,0.009712871,2.583623762,-3.127544554
9,0.3-6.4,-0.0807406354526937,-0.184544554,2.583623762,-3.127544554
9,0.3-6.4,-0.1562128199151123,-0.281673267,2.583623762,-3.127544554
9,0.3-6.4,-0.1233932505460645,-0.155405941,2.583623762,-3.127544554
9,0.3-6.4,0.00215496225582,-0.126267327,2.583623762,-3.127544554
9,0.3-6.4,0.0454107219737969,-0.038851485,2.583623762,-3.127544554
9,0.3-6.4,0.0020144640880422,-0.135980198,2.583623762,-3.127544554
9,0.3-6.4,-0.0139925902925196,-0.097128713,2.583623762,-3.127544554
9,0.3-6.4,-0.0185483552121299,-0.116554455,2.583623762,-3.127544554
9,0.3-6.4,0.0423595087694781,-0.019425743,2.583623762,-3.127544554
10,0.3-6.4,0.1073201949834851,-0.038851485,2.583623762,-3.127544554
10,0.3-6.4,0.1008759194978747,-0.019425743,2.583623762,-3.127544554
10,0.3-6.4,0.08916278605414,-0.087415842,2.583623762,-3.127544554
10,0.3-6.4,0.0869927884992677,-0.019425743,2.583623762,-3.127544554
10,0.3-6.4,0.1108958243101505,-0.067990099,2.583623762,-3.127544554
10,0.3-6.4,0.0923248696789743,-0.048564356,2.583623762,-3.127544554
10,0.3-6.4,0.1944900759744817,0.07770297,2.583623762,-3.127544554
10,0.3-6.4,0.3400454554139009,0.310811881,2.583623762,-3.127544554
10,0.3-6.4,0.3459561439595294,0.174831683,2.583623762,-3.127544554
10,0.3-6.4,0.0730498986165072,-0.097128713,2.583623762,-3.127544554
10,0.3-6.4,-0.3234237091584402,-0.582772277,2.583623762,-3.127544554
10,0.3-6.4,-0.5260000510759623,-0.75760396,2.583623762,-3.127544554
10,0.3-6.4,-0.574213969846991,-0.738178218,2.583623762,-3.127544554
10,0.3-6.4,-0.3952012729674171,-0.543920792,2.583623762,-3.127544554
10,0.3-6.4,-0.022594327916314,-0.203970297,2.583623762,-3.127544554
10,0.3-6.4,0.3614335818414541,0.262247525,2.583623762,-3.127544554
10,0.3-6.4,0.6867966920633719,0.563346535,2.583623762,-3.127544554
10,0.3-6.4,1.2017818953268369,1.126693069,2.583623762,-3.127544554
10,0.3-6.4,1.3791276938726995,1.165544554,2.583623762,-3.127544554
10,0.3-6.4,1.3087060053849842,1.252960396,2.583623762,-3.127544554
10,0.3-6.4,0.9626875560162734,0.786742574,2.583623762,-3.127544554
10,0.3-6.4,0.314657504226047,0.174831683,2.583623762,-3.127544554
10,0.3-6.4,-0.3768905710592811,-0.45650495,2.583623762,-3.127544554
10,0.3-6.4,-0.8522857229469807,-0.981,2.583623762,-3.127544554
10,0.3-6.4,-1.5401087610172777,-1.748316832,2.583623762,-3.127544554
10,0.3-6.4,-2.091060249760288,-2.165970297,2.583623762,-3.127544554
10,0.3-6.4,-1.741713808824712,-1.758029703,2.583623762,-3.127544554
10,0.3-6.4,-0.8800540938024495,-0.981,2.583623762,-3.127544554
10,0.3-6.4,-0.3235998108366554,-0.514782178,2.583623762,-3.127544554
10,0.3-6.4,0.2013735370066539,-0.067990099,2.583623762,-3.127544554
10,0.3-6.4,0.6778229559819989,0.407940594,2.583623762,-3.127544554
10,0.3-6.4,1.4348789112797478,1.320950495,2.583623762,-3.127544554
10,0.3-6.4,2.314725566604598,2.03970297,2.583623762,-3.127544554
10,0.3-6.4,2.639504482992189,2.34080198,2.583623762,-3.127544554
10,0.3-6.4,2.5003929343683047,2.195108911,2.583623762,-3.127544554
10,0.3-6.4,1.7630143462417047,1.408366337,2.583623762,-3.127544554
10,0.3-6.4,0.6907799226491874,0.407940594,2.583623762,-3.127544554
10,0.3-6.4,-0.2557221496235945,-0.466217822,2.583623762,-3.127544554
10,0.3-6.4,-1.0430855787995,-1.223821782,2.583623762,-3.127544554
10,0.3-6.4,-1.824887185920322,-2.097980198,2.583623762,-3.127544554
10,0.3-6.4,-2.705860519222433,-2.855584158,2.583623762,-3.127544554
10,0.3-6.4,-2.966060559988536,-2.943,2.583623762,-3.127544554
10,0.3-6.4,-1.8489818045323088,-1.816306931,2.583623762,-3.127544554
10,0.3-6.4,-0.5881830475422419,-0.67990099,2.583623762,-3.127544554
10,0.3-6.4,0.0078190662647949,-0.048564356,2.583623762,-3.127544554
10,0.3-6.4,0.4889630477547093,0.291386139,2.583623762,-3.127544554
10,0.3-6.4,1.2536646248074923,1.243247525,2.583623762,-3.127544554
10,0.3-6.4,2.2597439299912927,2.195108911,2.583623762,-3.127544554
10,0.3-6.4,2.7167211828640734,2.583623762,2.583623762,-3.127544554
10,0.3-6.4,2.5309567449041133,2.311663366,2.583623762,-3.127544554
10,0.3-6.4,2.084816200644985,1.923148515,2.583623762,-3.127544554
10,0.3-6.4,1.1389682570177488,0.854732673,2.583623762,-3.127544554
10,0.3-6.4,0.0705227762058459,-0.029138614,2.583623762,-3.127544554
10,0.3-6.4,-0.719221398267531,-0.738178218,2.583623762,-3.127544554
10,0.3-6.4,-1.4925442535997238,-1.602623762,2.583623762,-3.127544554
10,0.3-6.4,-2.289338661762394,-2.379653465,2.583623762,-3.127544554
10,0.3-6.4,-2.95515577148228,-3.001277228,2.583623762,-3.127544554
10,0.3-6.4,-2.658740563006941,-2.583623762,2.583623762,-3.127544554
10,0.3-6.4,-1.4228829324504144,-1.427792079,2.583623762,-3.127544554
10,0.3-6.4,-0.4729834945083165,-0.505069307,2.583623762,-3.127544554
10,0.3-6.4,0.1861663936954352,0.097128713,2.583623762,-3.127544554
10,0.3-6.4,0.7121154742496464,0.660475248,2.583623762,-3.127544554
10,0.3-6.4,1.5886365972404313,1.651188119,2.583623762,-3.127544554
10,0.3-6.4,2.4735261659746515,2.350514851,2.583623762,-3.127544554
10,0.3-6.4,2.6821427811964664,2.496207921,2.583623762,-3.127544554
10,0.3-6.4,2.4302715193586875,2.233960396,2.583623762,-3.127544554
10,0.3-6.4,1.721742682034965,1.563772277,2.583623762,-3.127544554
10,0.3-6.4,0.7193297404862639,0.485643564,2.583623762,-3.127544554
10,0.3-6.4,-0.21069692546363,-0.37880198,2.583623762,-3.127544554
10,0.3-6.4,-0.8933235762696983,-1.010138614,2.583623762,-3.127544554
10,0.3-6.4,-1.708106310431939,-1.942574257,2.583623762,-3.127544554
10,0.3-6.4,-2.5211427809976468,-2.583623762,2.583623762,-3.127544554
10,0.3-6.4,-2.9568212749116904,-3.001277228,2.583623762,-3.127544554
10,0.3-6.4,-2.26420344021408,-2.117405941,2.583623762,-3.127544554
10,0.3-6.4,-1.032653277572108,-1.029564356,2.583623762,-3.127544554
10,0.3-6.4,-0.254090565898739,-0.233108911,2.583623762,-3.127544554
10,0.3-6.4,0.3787354771478932,0.213683168,2.583623762,-3.127544554
10,0.3-6.4,0.9373070988290813,0.990712871,2.583623762,-3.127544554
10,0.3-6.4,1.924122626377417,1.903722772,2.583623762,-3.127544554
10,0.3-6.4,2.597065279223606,2.437930693,2.583623762,-3.127544554
10,0.3-6.4,2.642050640366596,2.389366337,2.583623762,-3.127544554
10,0.3-6.4,2.233150611308805,2.088267327,2.583623762,-3.127544554
10,0.3-6.4,1.3813062578900328,1.155831683,2.583623762,-3.127544554
10,0.3-6.4,0.3014087050479335,0.155405941,2.583623762,-3.127544554
10,0.3-6.4,-0.4590298616901892,-0.582772277,2.583623762,-3.127544554
10,0.3-6.4,-1.1533799607310644,-1.350089109,2.583623762,-3.127544554
10,0.3-6.4,-2.1038719438795543,-2.321376238,2.583623762,-3.127544554
10,0.3-6.4,-2.86010982829214,-2.894435644,2.583623762,-3.127544554
10,0.3-6.4,-2.907699051671778,-2.787594059,2.583623762,-3.127544554
10,0.3-6.4,-1.718403595147104,-1.602623762,2.583623762,-3.127544554
10,0.3-6.4,-0.7002806353508688,-0.718752475,2.583623762,-3.127544554
10,0.3-6.4,-0.0361271696471961,-0.048564356,2.583623762,-3.127544554
10,0.3-6.4,0.4893417704043373,0.388514851,2.583623762,-3.127544554
10,0.3-6.4,1.2442376291944062,1.427792079,2.583623762,-3.127544554
10,0.3-6.4,2.2146325191673637,2.156257426,2.583623762,-3.127544554
10,0.3-6.4,2.589946511206289,2.535059406,2.583623762,-3.127544554
10,0.3-6.4,2.4870059865930694,2.34080198,2.583623762,-3.127544554
10,0.3-6.4,1.8384592514235072,1.73860396,2.583623762,-3.127544554
10,0.3-6.4,0.896185515146017,0.767316832,2.583623762,-3.127544554
10,0.3-6.4,-0.0743380497237717,-0.07770297,2.583623762,-3.127544554
10,0.3-6.4,-0.7515965326404511,-0.747891089,2.583623762,-3.127544554
10,0.3-6.4,-1.5285616167484206,-1.66090099,2.583623762,-3.127544554
10,0.3-6.4,-2.4494258141907364,-2.48649505,2.583623762,-3.127544554
10,0.3-6.4,-3.08427246382032,-3.010990099,2.583623762,-3.127544554
10,0.3-6.4,-2.605521214425728,-2.437930693,2.583623762,-3.127544554
10,0.3-6.4,-1.3465116283282148,-1.194683168,2.583623762,-3.127544554
10,0.3-6.4,-0.5069934290382083,-0.388514851,2.583623762,-3.127544554
10,0.3-6.4,0.195183011721113,0.194257426,2.583623762,-3.127544554
10,0.3-6.4,0.6565132316122603,0.728465347,2.583623762,-3.127544554
10,0.3-6.4,1.5035560035952962,1.563772277,2.583623762,-3.127544554
10,0.3-6.4,2.3283123040273157,2.34080198,2.583623762,-3.127544554
10,0.3-6.4,2.594461667027751,2.496207921,2.583623762,-3.127544554
10,0.3-6.4,2.31135541459025,2.311663366,2.583623762,-3.127544554
10,0.3-6.4,1.5507774333228652,1.369514851,2.583623762,-3.127544554
10,0.3-6.4,0.4735050060933355,0.349663366,2.583623762,-3.127544554
10,0.3-6.4,-0.3970021260637725,-0.45650495,2.583623762,-3.127544554
10,0.3-6.4,-0.9585067889246544,-1.029564356,2.583623762,-3.127544554
10,0.3-6.4,-1.9316563622363407,-2.068841584,2.583623762,-3.127544554
10,0.3-6.4,-2.8223124529712904,-2.739029703,2.583623762,-3.127544554
10,0.3-6.4,-3.092463812727045,-2.923574257,2.583623762,-3.127544554
10,0.3-6.4,-2.080002590161768,-1.826019802,2.583623762,-3.127544554
10,0.3-6.4,-0.9447152098933708,-0.90329703,2.583623762,-3.127544554
10,0.3-6.4,-0.2555210838946518,-0.126267327,2.583623762,-3.127544554
10,0.3-6.4,0.2913545084634419,0.242821782,2.583623762,-3.127544554
10,0.3-6.4,0.9463987707038696,1.146118812,2.583623762,-3.127544554
10,0.3-6.4,1.951244107486874,1.962,2.583623762,-3.127544554
10,0.3-6.4,2.4771153935222565,2.496207921,2.583623762,-3.127544554
10,0.3-6.4,2.4612154351330005,2.321376238,2.583623762,-3.127544554
10,0.3-6.4,2.036797402871165,2.03970297,2.583623762,-3.127544554
10,0.3-6.4,1.112711461236377,1.05870297,2.583623762,-3.127544554
10,0.3-6.4,0.0518942627433895,0.067990099,2.583623762,-3.127544554
10,0.3-6.4,-0.6822495790808144,-0.660475248,2.583623762,-3.127544554
10,0.3-6.4,-1.3276480062023297,-1.350089109,2.583623762,-3.127544554
10,0.3-6.4,-2.2351261710495223,-2.272811881,2.583623762,-3.127544554
10,0.3-6.4,-3.016623290693392,-3.010990099,2.583623762,-3.127544554
10,0.3-6.4,-2.902363045080404,-2.632188119,2.583623762,-3.127544554
10,0.3-6.4,-1.667780662365554,-1.592910891,2.583623762,-3.127544554
10,0.3-6.4,-0.6710008737195936,-0.573059406,2.583623762,-3.127544554
10,0.3-6.4,0.0738022813905819,0.097128713,2.583623762,-3.127544554
10,0.3-6.4,0.5725820860432519,0.563346535,2.583623762,-3.127544554
10,0.3-6.4,1.3399977151975475,1.369514851,2.583623762,-3.127544554
10,0.3-6.4,2.292650796860216,2.253386139,2.583623762,-3.127544554
10,0.3-6.4,2.564112672104215,2.496207921,2.583623762,-3.127544554
10,0.3-6.4,2.4074755732993967,2.350514851,2.583623762,-3.127544554
10,0.3-6.4,1.836967406758648,1.699752475,2.583623762,-3.127544554
10,0.3-6.4,0.7804793777562065,0.67990099,2.583623762,-3.127544554
10,0.3-6.4,-0.1862117767561543,-0.252534653,2.583623762,-3.127544554
10,0.3-6.4,-0.8203174952130475,-0.835306931,2.583623762,-3.127544554
10,0.3-6.4,-1.640439594949159,-1.758029703,2.583623762,-3.127544554
10,0.3-6.4,-2.5596980225287385,-2.505920792,2.583623762,-3.127544554
10,0.3-6.4,-3.065141584666988,-3.127544554,2.583623762,-3.127544554
10,0.3-6.4,-2.348831343364888,-2.156257426,2.583623762,-3.127544554
10,0.3-6.4,-1.1393204649649409,-1.20439604,2.583623762,-3.127544554
10,0.3-6.4,-0.3784034730966435,-0.320524752,2.583623762,-3.127544554
10,0.3-6.4,0.2387643661556408,0.135980198,2.583623762,-3.127544554
10,0.3-6.4,0.7444355124269119,0.786742574,2.583623762,-3.127544554
10,0.3-6.4,1.742042286617678,1.758029703,2.583623762,-3.127544554
10,0.3-6.4,2.4499480177163826,2.41850495,2.583623762,-3.127544554
10,0.3-6.4,2.547645233488029,2.379653465,2.583623762,-3.127544554
10,0.3-6.4,2.17607478766283,2.107693069,2.583623762,-3.127544554
10,0.3-6.4,1.3674686831195169,1.291811881,2.583623762,-3.127544554
10,0.3-6.4,0.3900324635357642,0.310811881,2.583623762,-3.127544554
10,0.3-6.4,-0.4699129543050374,-0.505069307,2.583623762,-3.127544554
10,0.3-6.4,-1.0883124061431115,-1.146118812,2.583623762,-3.127544554
10,0.3-6.4,-1.9734726667349325,-2.049415842,2.583623762,-3.127544554
10,0.3-6.4,-2.8053746552678884,-2.855584158,2.583623762,-3.127544554
10,0.3-6.4,-3.0740503941549404,-2.933287129,2.583623762,-3.127544554
10,0.3-6.4,-2.036630913506161,-1.864871287,2.583623762,-3.127544554
10,0.3-6.4,-0.8334080413485505,-0.796455446,2.583623762,-3.127544554
10,0.3-6.4,-0.160861092464716,-0.155405941,2.583623762,-3.127544554
10,0.3-6.4,0.4082767905881415,0.388514851,2.583623762,-3.127544554
10,0.3-6.4,1.058339331238797,1.165544554,2.583623762,-3.127544554
10,0.3-6.4,2.0914776487322326,2.136831683,2.583623762,-3.127544554
10,0.3-6.4,2.513318245444831,2.41850495,2.583623762,-3.127544554
10,0.3-6.4,2.4909895794311927,2.437930693,2.583623762,-3.127544554
10,0.3-6.4,2.0034326112439773,1.913435644,2.583623762,-3.127544554
10,0.3-6.4,0.9807678567338622,0.951861386,2.583623762,-3.127544554
10,0.3-6.4,-0.0112231096620347,-0.116554455,2.583623762,-3.127544554
10,0.3-6.4,-0.6962562306459051,-0.689613861,2.583623762,-3.127544554
10,0.3-6.4,-1.406681529274361,-1.58319802,2.583623762,-3.127544554
10,0.3-6.4,-2.297838560917933,-2.311663366,2.583623762,-3.127544554
10,0.3-6.4,-3.040477632306965,-3.078980198,2.583623762,-3.127544554
10,0.3-6.4,-2.6691332398766896,-2.48649505,2.583623762,-3.127544554
10,0.3-6.4,-1.4128715961269251,-1.43750495,2.583623762,-3.127544554
10,0.3-6.4,-0.556774782192251,-0.534207921,2.583623762,-3.127544554
10,0.3-6.4,0.0748016859304882,-0.029138614,2.583623762,-3.127544554
10,0.3-6.4,0.6560658609090294,0.699326733,2.583623762,-3.127544554
10,0.3-6.4,1.5068689814142395,1.515207921,2.583623762,-3.127544554
10,0.3-6.4,2.348789944325637,2.282524752,2.583623762,-3.127544554
10,0.3-6.4,2.5429875553826817,2.428217822,2.583623762,-3.127544554
10,0.3-6.4,2.32383508784783,2.282524752,2.583623762,-3.127544554
10,0.3-6.4,1.623565015947818,1.495782178,2.583623762,-3.127544554
10,0.3-6.4,0.5868791875626184,0.514782178,2.583623762,-3.127544554
10,0.3-6.4,-0.3730191765491849,-0.388514851,2.583623762,-3.127544554
10,0.3-6.4,-0.9127229194833664,-0.854732673,2.583623762,-3.127544554
10,0.3-6.4,-1.7062431859285478,-1.826019802,2.583623762,-3.127544554
10,0.3-6.4,-2.618811840841229,-2.535059406,2.583623762,-3.127544554
10,0.3-6.4,-3.2346125206936467,-3.108118812,2.583623762,-3.127544554
10,0.3-6.4,-2.385301775797485,-2.127118812,2.583623762,-3.127544554
10,0.3-6.4,-1.055846095784858,-1.048990099,2.583623762,-3.127544554
10,0.3-6.4,-0.3187236507287721,-0.281673267,2.583623762,-3.127544554
10,0.3-6.4,0.284810415501369,0.281673267,2.583623762,-3.127544554
10,0.3-6.4,0.8436994569457402,0.893584158,2.583623762,-3.127544554
10,0.3-6.4,1.830881989959413,1.894009901,2.583623762,-3.127544554
10,0.3-6.4,2.478480057174903,2.408792079,2.583623762,-3.127544554
10,0.3-6.4,2.476916029269172,2.321376238,2.583623762,-3.127544554
10,0.3-6.4,2.121463840115225,2.107693069,2.583623762,-3.127544554
10,0.3-6.4,1.3323201911533142,1.175257426,2.583623762,-3.127544554
10,0.3-6.4,0.1341940301116172,0.106841584,2.583623762,-3.127544554
10,0.3-6.4,-0.5631034810363027,-0.553633663,2.583623762,-3.127544554
10,0.3-6.4,-1.1881603248448396,-1.20439604,2.583623762,-3.127544554
10,0.3-6.4,-2.110020609316488,-2.097980198,2.583623762,-3.127544554
10,0.3-6.4,-2.956263257565024,-3.049841584,2.583623762,-3.127544554
10,0.3-6.4,-2.9313811130424696,-2.729316832,2.583623762,-3.127544554
10,0.3-6.4,-1.696410988676614,-1.709465347,2.583623762,-3.127544554
10,0.3-6.4,-0.7903447997272506,-0.641049505,2.583623762,-3.127544554
10,0.3-6.4,-0.1188832569860456,-0.174831683,2.583623762,-3.127544554
10,0.3-6.4,0.4295898252602221,0.475930693,2.583623762,-3.127544554
10,0.3-6.4,1.240545332644362,1.379227723,2.583623762,-3.127544554
10,0.3-6.4,2.190495491481243,2.195108911,2.583623762,-3.127544554
10,0.3-6.4,2.412338563093973,2.41850495,2.583623762,-3.127544554
10,0.3-6.4,2.372393583732909,2.350514851,2.583623762,-3.127544554
10,0.3-6.4,1.8321494324320569,1.787168317,2.583623762,-3.127544554
10,0.3-6.4,0.8704318248176314,0.854732673,2.583623762,-3.127544554
10,0.3-6.4,-0.2104553694335921,-0.184544554,2.583623762,-3.127544554
10,0.3-6.4,-0.7708040964670941,-0.709039604,2.583623762,-3.127544554
10,0.3-6.4,-1.547034591718725,-1.58319802,2.583623762,-3.127544554
10,0.3-6.4,-2.395643207728492,-2.34080198,2.583623762,-3.127544554
10,0.3-6.4,-3.097499332518236,-3.098405941,2.583623762,-3.127544554
10,0.3-6.4,-2.740119570724677,-2.515633663,2.583623762,-3.127544554
10,0.3-6.4,-1.4233457402971337,-1.223821782,2.583623762,-3.127544554
10,0.3-6.4,-0.5254450441555557,-0.45650495,2.583623762,-3.127544554
10,0.3-6.4,0.1478014792782725,0.145693069,2.583623762,-3.127544554
10,0.3-6.4,0.6225082325184501,0.670188119,2.583623762,-3.127544554
10,0.3-6.4,1.572889445936704,1.719178218,2.583623762,-3.127544554
10,0.3-6.4,2.348442229809624,2.282524752,2.583623762,-3.127544554
10,0.3-6.4,2.533516084638759,2.476782178,2.583623762,-3.127544554
10,0.3-6.4,2.2486184741653186,2.253386139,2.583623762,-3.127544554
10,0.3-6.4,1.5281773263676766,1.418079208,2.583623762,-3.127544554
10,0.3-6.4,0.3005068507708435,0.184544554,2.583623762,-3.127544554
10,0.3-6.4,-0.6379545955326453,-0.543920792,2.583623762,-3.127544554
10,0.3-6.4,-1.3201261707399008,-1.388940594,2.583623762,-3.127544554
10,0.3-6.4,-1.9841507610859368,-1.923148515,2.583623762,-3.127544554
10,0.3-6.4,-2.6368392641264324,-2.612762376,2.583623762,-3.127544554
10,0.3-6.4,-2.582941268761834,-2.399079208,2.583623762,-3.127544554
10,0.3-6.4,-1.37930886854023,-1.418079208,2.583623762,-3.127544554
10,0.3-6.4,-0.4257070552210078,-0.349663366,2.583623762,-3.127544554
10,0.3-6.4,0.1659048184201824,0.07770297,2.583623762,-3.127544554
10,0.3-6.4,0.5822397203596688,0.52449505,2.583623762,-3.127544554
10,0.3-6.4,1.0654919151959412,0.990712871,2.583623762,-3.127544554
10,0.3-6.4,1.564735728808939,1.43750495,2.583623762,-3.127544554
10,0.3-6.4,1.6362233684077456,1.43750495,2.583623762,-3.127544554
10,0.3-6.4,1.4228351568882711,1.301524752,2.583623762,-3.127544554
10,0.3-6.4,1.1351371234098824,0.961574257,2.583623762,-3.127544554
10,0.3-6.4,0.5710935062422589,0.495356436,2.583623762,-3.127544554
10,0.3-6.4,-0.2142023221491319,-0.291386139,2.583623762,-3.127544554
10,0.3-6.4,-0.7151246551384514,-0.689613861,2.583623762,-3.127544554
10,0.3-6.4,-0.8779453296407159,-0.913009901,2.583623762,-3.127544554
10,0.3-6.4,-1.1947460138065835,-1.20439604,2.583623762,-3.127544554
10,0.3-6.4,-1.5200819082494077,-1.486069307,2.583623762,-3.127544554
10,0.3-6.4,-0.92304589181895,-0.913009901,2.583623762,-3.127544554
10,0.3-6.4,-0.1981529133995864,-0.213683168,2.583623762,-3.127544554
10,0.3-6.4,0.336638667896305,0.213683168,2.583623762,-3.127544554
10,0.3-6.4,0.4977858819904757,0.339950495,2.583623762,-3.127544554
10,0.3-6.4,0.5419360289587556,0.369089109,2.583623762,-3.127544554
10,0.3-6.4,0.596626796974246,0.475930693,2.583623762,-3.127544554
10,0.3-6.4,0.6654563777140646,0.543920792,2.583623762,-3.127544554
10,0.3-6.4,0.460622135829892,0.291386139,2.583623762,-3.127544554
10,0.3-6.4,0.1869586417086353,0.009712871,2.583623762,-3.127544554
10,0.3-6.4,-0.0067434701552449,-0.184544554,2.583623762,-3.127544554
10,0.3-6.4,-0.0531646248167378,-0.281673267,2.583623762,-3.127544554
10,0.3-6.4,0.0100379925141125,-0.155405941,2.583623762,-3.127544554
10,0.3-6.4,0.1252527841560325,-0.126267327,2.583623762,-3.127544554
10,0.3-6.4,0.106614993898465,-0.038851485,2.583623762,-3.127544554
10,0.3-6.4,0.0844183583649613,-0.135980198,2.583623762,-3.127544554
10,0.3-6.4,0.0520127685320489,-0.097128713,2.583623762,-3.127544554
10,0.3-6.4,0.054387320471274,-0.116554455,2.583623762,-3.127544554
10,0.3-6.4,0.1222909579664422,-0.019425743,2.583623762,-3.127544554
8,0.4-8,0.0124687018602702,-0.019425743,3.117831683,-3.826871287
8,0.4-8,0.0909599276964979,0.184544554,3.117831683,-3.826871287
8,0.4-8,0.2854032499997634,0.22339604,3.117831683,-3.826871287
8,0.4-8,0.2405478371016934,0.087415842,3.117831683,-3.826871287
8,0.4-8,-0.0768359842430927,-0.369089109,3.117831683,-3.826871287
8,0.4-8,-0.5235896675365453,-0.874158416,3.117831683,-3.826871287
8,0.4-8,-0.8871007647625675,-0.981,3.117831683,-3.826871287
8,0.4-8,-0.8949125265481797,-0.738178218,3.117831683,-3.826871287
8,0.4-8,-0.3769617539178856,0.07770297,3.117831683,-3.826871287
8,0.4-8,0.3366545763140895,0.621623762,3.117831683,-3.826871287
8,0.4-8,1.0675564451868418,1.515207921,3.117831683,-3.826871287
8,0.4-8,1.474014266056746,1.320950495,3.117831683,-3.826871287
8,0.4-8,1.475718075985674,1.35980198,3.117831683,-3.826871287
8,0.4-8,1.2111123101529973,0.621623762,3.117831683,-3.826871287
8,0.4-8,0.357868926918981,-0.281673267,3.117831683,-3.826871287
8,0.4-8,-0.5503900432937937,-1.301524752,3.117831683,-3.826871287
8,0.4-8,-1.587582122271242,-2.321376238,3.117831683,-3.826871287
8,0.4-8,-2.4586571905971626,-2.64190099,3.117831683,-3.826871287
8,0.4-8,-2.3731099979731884,-1.845445545,3.117831683,-3.826871287
8,0.4-8,-1.4791659473084515,-0.806168317,3.117831683,-3.826871287
8,0.4-8,-0.3538092366830606,0.349663366,3.117831683,-3.826871287
8,0.4-8,0.7813005515033858,1.515207921,3.117831683,-3.826871287
8,0.4-8,1.9221844643317367,2.233960396,3.117831683,-3.826871287
8,0.4-8,2.4995583102416563,2.709891089,3.117831683,-3.826871287
8,0.4-8,2.8020482332730103,2.56419802,3.117831683,-3.826871287
8,0.4-8,2.283368151302279,1.544346535,3.117831683,-3.826871287
8,0.4-8,1.0054948112679505,-0.165118812,3.117831683,-3.826871287
8,0.4-8,-0.6335450701565074,-1.573485149,3.117831683,-3.826871287
8,0.4-8,-2.1663191599857514,-3.176108911,3.117831683,-3.826871287
8,0.4-8,-3.4467667182168293,-3.788019802,3.117831683,-3.826871287
8,0.4-8,-3.491489661924525,-2.875009901,3.117831683,-3.826871287
8,0.4-8,-2.318657049440048,-1.369514851,3.117831683,-3.826871287
8,0.4-8,-0.7349963334546418,0.184544554,3.117831683,-3.826871287
8,0.4-8,0.6147803371208607,1.427792079,3.117831683,-3.826871287
8,0.4-8,1.883710768388784,2.505920792,3.117831683,-3.826871287
8,0.4-8,2.7360599736015403,2.923574257,3.117831683,-3.826871287
8,0.4-8,2.9981941682989675,2.836158416,3.117831683,-3.826871287
8,0.4-8,2.729480795880384,2.020277228,3.117831683,-3.826871287
8,0.4-8,1.647669923450678,0.582772277,3.117831683,-3.826871287
8,0.4-8,0.1465114852740846,-0.913009901,3.117831683,-3.826871287
8,0.4-8,-1.3347218804808063,-2.399079208,3.117831683,-3.826871287
8,0.4-8,-2.694847686000005,-3.496633663,3.117831683,-3.826871287
8,0.4-8,-3.5798486877927185,-3.496633663,3.117831683,-3.826871287
8,0.4-8,-3.101003261684263,-2.175683168,3.117831683,-3.826871287
8,0.4-8,-1.5900178423915432,-0.60219802,3.117831683,-3.826871287
8,0.4-8,-0.0806139207956625,0.621623762,3.117831683,-3.826871287
8,0.4-8,1.25784250971599,2.136831683,3.117831683,-3.826871287
8,0.4-8,2.36467433937798,2.554485149,3.117831683,-3.826871287
8,0.4-8,2.94197339829968,3.117831683,3.117831683,-3.826871287
8,0.4-8,2.974610352224043,2.467069307,3.117831683,-3.826871287
8,0.4-8,2.284830964307921,1.408366337,3.117831683,-3.826871287
8,0.4-8,0.7693213976808181,-0.271960396,3.117831683,-3.826871287
8,0.4-8,-0.8601745170902849,-1.719178218,3.117831683,-3.826871287
8,0.4-8,-2.174618419291221,-2.952712871,3.117831683,-3.826871287
8,0.4-8,-3.473671889043432,-3.826871287,3.117831683,-3.826871287
8,0.4-8,-3.3580921239329298,-2.797306931,3.117831683,-3.826871287
8,0.4-8,-1.9586766243147165,-1.418079208,3.117831683,-3.826871287
8,0.4-8,-0.6084836939967414,0.135980198,3.117831683,-3.826871287
8,0.4-8,0.7795323005862441,1.291811881,3.117831683,-3.826871287
8,0.4-8,2.010365791518443,2.447643564,3.117831683,-3.826871287
8,0.4-8,2.818437377762704,3.02070297,3.117831683,-3.826871287
8,0.4-8,3.0207247236114334,2.836158416,3.117831683,-3.826871287
8,0.4-8,2.628497712043319,2.078554455,3.117831683,-3.826871287
8,0.4-8,1.4271627160201106,0.592485149,3.117831683,-3.826871287
8,0.4-8,-0.137263462937186,-0.922722772,3.117831683,-3.826871287
8,0.4-8,-1.644828417232442,-2.476782178,3.117831683,-3.826871287
8,0.4-8,-2.8593008687364634,-3.350940594,3.117831683,-3.826871287
8,0.4-8,-3.5681882870806567,-3.448069307,3.117831683,-3.826871287
8,0.4-8,-2.83971743803114,-2.068841584,3.117831683,-3.826871287
8,0.4-8,-1.3897392772197,-0.718752475,3.117831683,-3.826871287
8,0.4-8,-0.0992340260905314,0.611910891,3.117831683,-3.826871287
8,0.4-8,1.2889405736438968,1.991138614,3.117831683,-3.826871287
8,0.4-8,2.467581814553013,2.748742574,3.117831683,-3.826871287
8,0.4-8,2.9501614743232145,2.962425743,3.117831683,-3.826871287
8,0.4-8,2.9123707333005777,2.603049505,3.117831683,-3.826871287
8,0.4-8,1.9668125592389227,1.398653465,3.117831683,-3.826871287
8,0.4-8,0.4195247993060702,-0.165118812,3.117831683,-3.826871287
8,0.4-8,-1.1311199929605218,-1.835732673,3.117831683,-3.826871287
8,0.4-8,-2.4944153652847545,-2.972138614,3.117831683,-3.826871287
8,0.4-8,-3.462350915158757,-3.681178218,3.117831683,-3.826871287
8,0.4-8,-3.2275168009466064,-2.807019802,3.117831683,-3.826871287
8,0.4-8,-1.7660967676650263,-1.350089109,3.117831683,-3.826871287
8,0.4-8,-0.4016107033887246,0.009712871,3.117831683,-3.826871287
8,0.4-8,0.8954607642359641,1.078128713,3.117831683,-3.826871287
8,0.4-8,2.258219753257128,2.554485149,3.117831683,-3.826871287
8,0.4-8,2.8975482571813225,2.904148515,3.117831683,-3.826871287
8,0.4-8,2.946969399729623,2.86529703,3.117831683,-3.826871287
8,0.4-8,2.4477937736592184,2.097980198,3.117831683,-3.826871287
8,0.4-8,1.2078140612694834,0.621623762,3.117831683,-3.826871287
8,0.4-8,-0.4066768907904741,-0.922722772,3.117831683,-3.826871287
8,0.4-8,-1.8958094535072625,-2.437930693,3.117831683,-3.826871287
8,0.4-8,-3.0608735110457586,-3.312089109,3.117831683,-3.826871287
8,0.4-8,-3.4911815084171334,-3.46749505,3.117831683,-3.826871287
8,0.4-8,-2.3586358809180044,-1.991138614,3.117831683,-3.826871287
8,0.4-8,-0.912474784824837,-0.738178218,3.117831683,-3.826871287
8,0.4-8,0.2356350378690484,0.466217822,3.117831683,-3.826871287
8,0.4-8,1.6299822277146905,1.855158416,3.117831683,-3.826871287
8,0.4-8,2.6627873520490795,2.768168317,3.117831683,-3.826871287
8,0.4-8,2.96638329648399,2.952712871,3.117831683,-3.826871287
8,0.4-8,2.6206489093536818,2.389366337,3.117831683,-3.826871287
8,0.4-8,1.7182117038530729,1.534633663,3.117831683,-3.826871287
8,0.4-8,0.2219450322187333,-0.165118812,3.117831683,-3.826871287
8,0.4-8,-1.3725343616720065,-1.622049505,3.117831683,-3.826871287
8,0.4-8,-2.7780009849547325,-3.02070297,3.117831683,-3.826871287
8,0.4-8,-3.532082178963954,-3.62290099,3.117831683,-3.826871287
8,0.4-8,-2.799329534319192,-2.816732673,3.117831683,-3.826871287
8,0.4-8,-1.3866649255101788,-1.252960396,3.117831683,-3.826871287
8,0.4-8,-0.1906944727426571,-0.097128713,3.117831683,-3.826871287
8,0.4-8,1.0854799012646872,1.184970297,3.117831683,-3.826871287
8,0.4-8,2.527687412695218,2.408792079,3.117831683,-3.826871287
8,0.4-8,2.9417280924290563,3.059554455,3.117831683,-3.826871287
8,0.4-8,2.7748723463642926,2.651613861,3.117831683,-3.826871287
8,0.4-8,2.060493663975902,2.146544554,3.117831683,-3.826871287
8,0.4-8,0.8368590086040192,0.786742574,3.117831683,-3.826871287
8,0.4-8,-0.8088889387048113,-0.767316832,3.117831683,-3.826871287
8,0.4-8,-2.3259796151747483,-2.48649505,3.117831683,-3.826871287
8,0.4-8,-3.418157067291756,-3.428643564,3.117831683,-3.826871287
8,0.4-8,-3.153750733911511,-3.341227723,3.117831683,-3.826871287
8,0.4-8,-1.81641577896356,-2.049415842,3.117831683,-3.826871287
8,0.4-8,-0.5744032304099442,-0.728465347,3.117831683,-3.826871287
8,0.4-8,0.6222367128351742,0.485643564,3.117831683,-3.826871287
8,0.4-8,1.979616935963712,1.835732673,3.117831683,-3.826871287
8,0.4-8,2.8625360891253924,2.787594059,3.117831683,-3.826871287
8,0.4-8,2.87786517328962,2.86529703,3.117831683,-3.826871287
8,0.4-8,2.44543410958456,2.41850495,3.117831683,-3.826871287
8,0.4-8,1.395191190598527,1.379227723,3.117831683,-3.826871287
8,0.4-8,0.0295965904669827,0.067990099,3.117831683,-3.826871287
8,0.4-8,-1.6080651468174847,-1.563772277,3.117831683,-3.826871287
8,0.4-8,-2.9465783994105568,-3.001277228,3.117831683,-3.826871287
8,0.4-8,-3.489545778714324,-3.642326733,3.117831683,-3.826871287
8,0.4-8,-2.653866323518989,-2.748742574,3.117831683,-3.826871287
8,0.4-8,-1.2622039795193185,-1.301524752,3.117831683,-3.826871287
8,0.4-8,0.0250085080937662,-0.087415842,3.117831683,-3.826871287
8,0.4-8,1.2906512562314962,0.942148515,3.117831683,-3.826871287
8,0.4-8,2.629667049250895,2.554485149,3.117831683,-3.826871287
8,0.4-8,2.937160572333461,2.86529703,3.117831683,-3.826871287
8,0.4-8,2.7104252644850324,2.807019802,3.117831683,-3.826871287
8,0.4-8,1.8598586390156664,1.855158416,3.117831683,-3.826871287
8,0.4-8,0.7141576420507327,0.75760396,3.117831683,-3.826871287
8,0.4-8,-0.8826187726478846,-0.67990099,3.117831683,-3.826871287
8,0.4-8,-2.3530897131701862,-2.224247525,3.117831683,-3.826871287
8,0.4-8,-3.406033292323715,-3.418930693,3.117831683,-3.826871287
8,0.4-8,-3.0597341542258225,-3.312089109,3.117831683,-3.826871287
8,0.4-8,-1.696235885819963,-1.991138614,3.117831683,-3.826871287
8,0.4-8,-0.4895153538942927,-0.650762376,3.117831683,-3.826871287
8,0.4-8,0.6480704940281949,0.349663366,3.117831683,-3.826871287
8,0.4-8,2.007993417982238,1.835732673,3.117831683,-3.826871287
8,0.4-8,2.907273997283344,2.690465347,3.117831683,-3.826871287
8,0.4-8,2.866787455579218,2.913861386,3.117831683,-3.826871287
8,0.4-8,2.3221822031886945,2.350514851,3.117831683,-3.826871287
8,0.4-8,1.2342910082402323,1.369514851,3.117831683,-3.826871287
8,0.4-8,-0.018931617533016,0.038851485,3.117831683,-3.826871287
8,0.4-8,-1.5668675936596166,-1.35980198,3.117831683,-3.826871287
8,0.4-8,-2.9762130316094693,-2.943,3.117831683,-3.826871287
8,0.4-8,-3.546670587653925,-3.720029703,3.117831683,-3.826871287
8,0.4-8,-2.5720600747806506,-2.739029703,3.117831683,-3.826871287
8,0.4-8,-1.144901911423202,-1.350089109,3.117831683,-3.826871287
8,0.4-8,-0.0133479735057632,-0.048564356,3.117831683,-3.826871287
8,0.4-8,1.1627205643192708,0.971287129,3.117831683,-3.826871287
8,0.4-8,2.486732616914346,2.41850495,3.117831683,-3.826871287
8,0.4-8,2.987853526711953,2.943,3.117831683,-3.826871287
8,0.4-8,2.715710870490295,2.64190099,3.117831683,-3.826871287
8,0.4-8,1.87230760179122,1.864871287,3.117831683,-3.826871287
8,0.4-8,0.7040802623121791,0.641049505,3.117831683,-3.826871287
8,0.4-8,-0.6194069871283312,-0.650762376,3.117831683,-3.826871287
8,0.4-8,-2.1287315264419995,-2.195108911,3.117831683,-3.826871287
8,0.4-8,-3.478775158122557,-3.477207921,3.117831683,-3.826871287
8,0.4-8,-3.1371948372119176,-3.389792079,3.117831683,-3.826871287
8,0.4-8,-1.767408400806037,-1.981425743,3.117831683,-3.826871287
8,0.4-8,-0.5077368932556382,-0.777029703,3.117831683,-3.826871287
8,0.4-8,0.5571404706573782,0.52449505,3.117831683,-3.826871287
8,0.4-8,1.911593288278215,1.602623762,3.117831683,-3.826871287
8,0.4-8,2.8700369478381766,2.875009901,3.117831683,-3.826871287
8,0.4-8,2.8595834360284766,2.797306931,3.117831683,-3.826871287
8,0.4-8,2.361593043691712,2.467069307,3.117831683,-3.826871287
8,0.4-8,1.2575121876061603,1.262673267,3.117831683,-3.826871287
8,0.4-8,0.0076960243371742,0.038851485,3.117831683,-3.826871287
8,0.4-8,-1.4358907075039016,-1.456930693,3.117831683,-3.826871287
8,0.4-8,-2.88539017829019,-2.923574257,3.117831683,-3.826871287
8,0.4-8,-3.547150514224682,-3.690891089,3.117831683,-3.826871287
8,0.4-8,-2.64818169205096,-2.700178218,3.117831683,-3.826871287
8,0.4-8,-1.1498554294455658,-1.252960396,3.117831683,-3.826871287
8,0.4-8,0.122659800617142,-0.048564356,3.117831683,-3.826871287
8,0.4-8,1.2306596216724308,1.010138614,3.117831683,-3.826871287
8,0.4-8,2.543947977262268,2.408792079,3.117831683,-3.826871287
8,0.4-8,2.948967108584864,2.884722772,3.117831683,-3.826871287
8,0.4-8,2.681328001933553,2.729316832,3.117831683,-3.826871287
8,0.4-8,1.7835117915811418,1.894009901,3.117831683,-3.826871287
8,0.4-8,0.583859549927761,0.670188119,3.117831683,-3.826871287
8,0.4-8,-0.7670194607271364,-0.60219802,3.117831683,-3.826871287
8,0.4-8,-2.2204222168464547,-2.195108911,3.117831683,-3.826871287
8,0.4-8,-3.396952213638413,-3.331514851,3.117831683,-3.826871287
8,0.4-8,-3.1695157865551664,-3.360653465,3.117831683,-3.826871287
8,0.4-8,-1.8296203585803648,-2.000851485,3.117831683,-3.826871287
8,0.4-8,-0.5752065616270833,-0.67990099,3.117831683,-3.826871287
8,0.4-8,0.6466590837338748,0.437079208,3.117831683,-3.826871287
8,0.4-8,1.9928760327327384,1.719178218,3.117831683,-3.826871287
8,0.4-8,2.9007545230978637,2.748742574,3.117831683,-3.826871287
8,0.4-8,2.822865299837264,2.972138614,3.117831683,-3.826871287
8,0.4-8,2.2753811017163885,2.301950495,3.117831683,-3.826871287
8,0.4-8,1.1313008077279267,1.291811881,3.117831683,-3.826871287
8,0.4-8,-0.1896890101305656,-0.019425743,3.117831683,-3.826871287
8,0.4-8,-1.6625334006140156,-1.330663366,3.117831683,-3.826871287
8,0.4-8,-3.065927528053982,-2.855584158,3.117831683,-3.826871287
8,0.4-8,-3.4743938501501,-3.729742574,3.117831683,-3.826871287
8,0.4-8,-2.360773930541926,-2.768168317,3.117831683,-3.826871287
8,0.4-8,-0.96047700313441,-1.291811881,3.117831683,-3.826871287
8,0.4-8,0.1586903138758391,-0.029138614,3.117831683,-3.826871287
8,0.4-8,1.3402308664356792,1.029564356,3.117831683,-3.826871287
8,0.4-8,2.604614304812296,2.369940594,3.117831683,-3.826871287
8,0.4-8,2.930032913245144,2.923574257,3.117831683,-3.826871287
8,0.4-8,2.647303021370141,2.680752475,3.117831683,-3.826871287
8,0.4-8,1.680638427265104,1.874584158,3.117831683,-3.826871287
8,0.4-8,0.461289596568739,0.631336634,3.117831683,-3.826871287
8,0.4-8,-0.8654796220960892,-0.718752475,3.117831683,-3.826871287
8,0.4-8,-2.3104291892244224,-2.136831683,3.117831683,-3.826871287
8,0.4-8,-3.3994052328462274,-3.39950495,3.117831683,-3.826871287
8,0.4-8,-3.149149211648313,-3.389792079,3.117831683,-3.826871287
8,0.4-8,-1.726911476775998,-2.088267327,3.117831683,-3.826871287
8,0.4-8,-0.4643023260960756,-0.641049505,3.117831683,-3.826871287
8,0.4-8,0.6351851001134401,0.417653465,3.117831683,-3.826871287
8,0.4-8,1.912977178739676,1.709465347,3.117831683,-3.826871287
8,0.4-8,2.8428737952711147,2.758455446,3.117831683,-3.826871287
8,0.4-8,2.8786058728127992,2.894435644,3.117831683,-3.826871287
8,0.4-8,2.3537392998073945,2.48649505,3.117831683,-3.826871287
8,0.4-8,1.1025171900247484,1.175257426,3.117831683,-3.826871287
8,0.4-8,-0.2589036144232876,-0.058277228,3.117831683,-3.826871287
8,0.4-8,-1.6413651556219468,-1.427792079,3.117831683,-3.826871287
8,0.4-8,-2.95185270642162,-2.748742574,3.117831683,-3.826871287
8,0.4-8,-3.4415752258563077,-3.671465347,3.117831683,-3.826871287
8,0.4-8,-2.4256400604987305,-2.729316832,3.117831683,-3.826871287
8,0.4-8,-1.0336563214807737,-1.291811881,3.117831683,-3.826871287
8,0.4-8,0.0982675790129207,-0.029138614,3.117831683,-3.826871287
8,0.4-8,1.2800143640770705,0.854732673,3.117831683,-3.826871287
8,0.4-8,2.571128672171443,2.476782178,3.117831683,-3.826871287
8,0.4-8,2.95758457799229,2.797306931,3.117831683,-3.826871287
8,0.4-8,2.6613265430302944,2.807019802,3.117831683,-3.826871287
8,0.4-8,1.737551700925456,1.748316832,3.117831683,-3.826871287
8,0.4-8,0.3607195187979324,0.60219802,3.117831683,-3.826871287
8,0.4-8,-0.9966266708253776,-0.670188119,3.117831683,-3.826871287
8,0.4-8,-2.3465228852057787,-2.156257426,3.117831683,-3.826871287
8,0.4-8,-3.4194882697260467,-3.253811881,3.117831683,-3.826871287
8,0.4-8,-3.037299193213944,-3.418930693,3.117831683,-3.826871287
8,0.4-8,-1.6487452909267897,-1.991138614,3.117831683,-3.826871287
8,0.4-8,-0.3849042264766587,-0.660475248,3.117831683,-3.826871287
8,0.4-8,0.7095766281261952,0.407940594,3.117831683,-3.826871287
8,0.4-8,2.0272002053152045,1.728891089,3.117831683,-3.826871287
8,0.4-8,2.892596564055657,2.777881188,3.117831683,-3.826871287
8,0.4-8,2.8030792680978207,2.768168317,3.117831683,-3.826871287
8,0.4-8,2.316172890465704,2.428217822,3.117831683,-3.826871287
8,0.4-8,1.1131837228486352,1.262673267,3.117831683,-3.826871287
8,0.4-8,-0.214854233598412,-0.009712871,3.117831683,-3.826871287
8,0.4-8,-1.5682117174252024,-1.418079208,3.117831683,-3.826871287
8,0.4-8,-2.9630966182622607,-2.787594059,3.117831683,-3.826871287
8,0.4-8,-3.425332235903285,-3.652039604,3.117831683,-3.826871287
8,0.4-8,-2.314931884994841,-2.729316832,3.117831683,-3.826871287
8,0.4-8,-0.9645323308255016,-1.311237624,3.117831683,-3.826871287
8,0.4-8,0.1929918681109439,-0.067990099,3.117831683,-3.826871287
8,0.4-8,1.53507276343528,1.20439604,3.117831683,-3.826871287
8,0.4-8,2.650545225570054,2.437930693,3.117831683,-3.826871287
8,0.4-8,2.7422400301091496,2.777881188,3.117831683,-3.826871287
8,0.4-8,2.5992426776583994,2.593336634,3.117831683,-3.826871287
8,0.4-8,1.6887107066932616,2.029990099,3.117831683,-3.826871287
8,0.4-8,0.3984285912706971,0.534207921,3.117831683,-3.826871287
8,0.4-8,-0.9471623897399531,-0.699326733,3.117831683,-3.826871287
8,0.4-8,-2.3018161267956345,-2.214534653,3.117831683,-3.826871287
8,0.4-8,-3.375868664275689,-3.234386139,3.117831683,-3.826871287
8,0.4-8,-3.08217791607342,-3.448069307,3.117831683,-3.826871287
8,0.4-8,-1.7299833518807075,-1.991138614,3.117831683,-3.826871287
8,0.4-8,-0.4375576663104855,-0.718752475,3.117831683,-3.826871287
8,0.4-8,0.6243880379764314,0.475930693,3.117831683,-3.826871287
8,0.4-8,1.96667594415251,1.651188119,3.117831683,-3.826871287
8,0.4-8,2.8478474383859984,2.797306931,3.117831683,-3.826871287
8,0.4-8,2.899871175961602,2.86529703,3.117831683,-3.826871287
8,0.4-8,2.3086001816000463,2.408792079,3.117831683,-3.826871287
8,0.4-8,1.1395874841557203,1.233534653,3.117831683,-3.826871287
8,0.4-8,-0.1751538401439479,-0.106841584,3.117831683,-3.826871287
8,0.4-8,-1.4760727825159277,-1.35980198,3.117831683,-3.826871287
8,0.4-8,-2.853120226986396,-2.768168317,3.117831683,-3.826871287
8,0.4-8,-3.462531596047296,-3.574336634,3.117831683,-3.826871287
8,0.4-8,-2.411812298526873,-2.797306931,3.117831683,-3.826871287
8,0.4-8,-1.0174633413692522,-1.291811881,3.117831683,-3.826871287
8,0.4-8,0.1309293987512074,-0.048564356,3.117831683,-3.826871287
8,0.4-8,1.3427281333274694,1.010138614,3.117831683,-3.826871287
8,0.4-8,2.6306996337451864,2.447643564,3.117831683,-3.826871287
8,0.4-8,2.953709580662463,2.855584158,3.117831683,-3.826871287
8,0.4-8,2.660158209795329,2.739029703,3.117831683,-3.826871287
8,0.4-8,1.7359575057213672,1.796881188,3.117831683,-3.826871287
8,0.4-8,0.4106500211312648,0.60219802,3.117831683,-3.826871287
8,0.4-8,-0.8909901686330165,-0.699326733,3.117831683,-3.826871287
8,0.4-8,-2.228502705297657,-2.214534653,3.117831683,-3.826871287
8,0.4-8,-3.374204276090464,-3.282950495,3.117831683,-3.826871287
8,0.4-8,-3.158565807594019,-3.409217822,3.117831683,-3.826871287
8,0.4-8,-1.8437089957169723,-2.078554455,3.117831683,-3.826871287
8,0.4-8,-0.4916639583144929,-0.621623762,3.117831683,-3.826871287
8,0.4-8,0.6092782953418845,0.398227723,3.117831683,-3.826871287
8,0.4-8,1.9113980653405669,1.806594059,3.117831683,-3.826871287
8,0.4-8,2.903525732762149,2.729316832,3.117831683,-3.826871287
8,0.4-8,2.9001448767797458,3.010990099,3.117831683,-3.826871287
8,0.4-8,2.3570367771314342,2.214534653,3.117831683,-3.826871287
8,0.4-8,1.1867909198310131,1.233534653,3.117831683,-3.826871287
8,0.4-8,-0.093416586665886,-0.097128713,3.117831683,-3.826871287
8,0.4-8,-1.4334402178878354,-1.369514851,3.117831683,-3.826871287
8,0.4-8,-2.8438278848382,-2.777881188,3.117831683,-3.826871287
8,0.4-8,-3.490052691187872,-3.749168317,3.117831683,-3.826871287
8,0.4-8,-2.4649432418784274,-2.748742574,3.117831683,-3.826871287
8,0.4-8,-1.0933284355378576,-1.311237624,3.117831683,-3.826871287
8,0.4-8,0.2186657241472072,-0.07770297,3.117831683,-3.826871287
8,0.4-8,1.425433154524595,1.029564356,3.117831683,-3.826871287
8,0.4-8,2.663711023520147,2.34080198,3.117831683,-3.826871287
8,0.4-8,3.002312290538718,3.001277228,3.117831683,-3.826871287
8,0.4-8,2.637594783442899,2.729316832,3.117831683,-3.826871287
8,0.4-8,1.6188599329962432,1.845445545,3.117831683,-3.826871287
8,0.4-8,0.316811884442009,0.543920792,3.117831683,-3.826871287
8,0.4-8,-0.9865781178830212,-0.738178218,3.117831683,-3.826871287
8,0.4-8,-2.3594368447322283,-2.175683168,3.117831683,-3.826871287
8,0.4-8,-3.402272414018364,-3.302376238,3.117831683,-3.826871287
8,0.4-8,-3.071966131577192,-3.360653465,3.117831683,-3.826871287
8,0.4-8,-1.7593820722211069,-2.059128713,3.117831683,-3.826871287
8,0.4-8,-0.4234206344153908,-0.718752475,3.117831683,-3.826871287
8,0.4-8,0.7011691235923715,0.466217822,3.117831683,-3.826871287
8,0.4-8,2.043881006789673,1.728891089,3.117831683,-3.826871287
8,0.4-8,2.9187949008214704,2.923574257,3.117831683,-3.826871287
8,0.4-8,2.877576274896453,2.777881188,3.117831683,-3.826871287
8,0.4-8,2.314162101379245,2.447643564,3.117831683,-3.826871287
8,0.4-8,1.104659845632668,1.165544554,3.117831683,-3.826871287
8,0.4-8,-0.2151236136922284,-0.087415842,3.117831683,-3.826871287
8,0.4-8,-1.582521975906386,-1.534633663,3.117831683,-3.826871287
8,0.4-8,-2.859560550610813,-2.787594059,3.117831683,-3.826871287
8,0.4-8,-3.465062392840066,-3.564623762,3.117831683,-3.826871287
8,0.4-8,-2.6095866382297586,-2.768168317,3.117831683,-3.826871287
8,0.4-8,-1.0792046188109152,-1.408366337,3.117831683,-3.826871287
8,0.4-8,0.1626539880974379,-0.009712871,3.117831683,-3.826871287
8,0.4-8,1.3692341369618588,0.942148515,3.117831683,-3.826871287
8,0.4-8,2.694956140278095,2.525346535,3.117831683,-3.826871287
8,0.4-8,2.992700224155804,2.894435644,3.117831683,-3.826871287
8,0.4-8,2.633055358346686,2.807019802,3.117831683,-3.826871287
8,0.4-8,1.5263280584894383,1.826019802,3.117831683,-3.826871287
8,0.4-8,0.2426587905444758,0.534207921,3.117831683,-3.826871287
8,0.4-8,-1.1127023138011862,-0.689613861,3.117831683,-3.826871287
8,0.4-8,-2.491032487945453,-2.233960396,3.117831683,-3.826871287
8,0.4-8,-3.4400952028294136,-3.273237624,3.117831683,-3.826871287
8,0.4-8,-3.003654228135915,-3.438356436,3.117831683,-3.826871287
8,0.4-8,-1.6066587966700354,-2.010564356,3.117831683,-3.826871287
8,0.4-8,-0.3556694535427397,-0.670188119,3.117831683,-3.826871287
8,0.4-8,0.7660205451490166,0.475930693,3.117831683,-3.826871287
8,0.4-8,2.130232547827496,1.806594059,3.117831683,-3.826871287
8,0.4-8,2.961207409225018,2.845871287,3.117831683,-3.826871287
8,0.4-8,2.8766599735011456,2.952712871,3.117831683,-3.826871287
8,0.4-8,2.2536771863286007,2.311663366,3.117831683,-3.826871287
8,0.4-8,1.0408510500177806,1.350089109,3.117831683,-3.826871287
8,0.4-8,-0.3065518644140463,-0.165118812,3.117831683,-3.826871287
8,0.4-8,-1.7070885346652354,-1.418079208,3.117831683,-3.826871287
8,0.4-8,-3.0014912118778305,-2.913861386,3.117831683,-3.826871287
8,0.4-8,-3.459429250043265,-3.554910891,3.117831683,-3.826871287
8,0.4-8,-2.451623044813516,-2.787594059,3.117831683,-3.826871287
8,0.4-8,-1.0795337203561368,-1.233534653,3.117831683,-3.826871287
8,0.4-8,0.1085467714521297,-0.087415842,3.117831683,-3.826871287
8,0.4-8,1.295309822050397,1.116980198,3.117831683,-3.826871287
8,0.4-8,2.6135700027980167,2.389366337,3.117831683,-3.826871287
8,0.4-8,3.009853287542306,3.078980198,3.117831683,-3.826871287
8,0.4-8,2.665536551012644,2.680752475,3.117831683,-3.826871287
8,0.4-8,1.6676095773209705,1.923148515,3.117831683,-3.826871287
8,0.4-8,0.3009413851887734,0.573059406,3.117831683,-3.826871287
8,0.4-8,-1.059523722710284,-0.728465347,3.117831683,-3.826871287
8,0.4-8,-2.454220289951388,-2.26309901,3.117831683,-3.826871287
8,0.4-8,-3.4715503178044504,-3.380079208,3.117831683,-3.826871287
8,0.4-8,-3.044751885851755,-3.457782178,3.117831683,-3.826871287
8,0.4-8,-1.7092666044463878,-1.962,3.117831683,-3.826871287
8,0.4-8,-0.3858157229293656,-0.650762376,3.117831683,-3.826871287
8,0.4-8,0.7380803509146827,0.475930693,3.117831683,-3.826871287
8,0.4-8,2.1016155388629256,1.806594059,3.117831683,-3.826871287
8,0.4-8,2.993425816300409,2.875009901,3.117831683,-3.826871287
8,0.4-8,2.8843315702123378,2.894435644,3.117831683,-3.826871287
8,0.4-8,2.349084550771176,2.41850495,3.117831683,-3.826871287
8,0.4-8,1.0562416399079375,1.340376238,3.117831683,-3.826871287
8,0.4-8,-0.254043046539942,-0.135980198,3.117831683,-3.826871287
8,0.4-8,-1.6460622291396447,-1.524920792,3.117831683,-3.826871287
8,0.4-8,-2.952500993950868,-2.826445545,3.117831683,-3.826871287
8,0.4-8,-3.523654159402635,-3.661752475,3.117831683,-3.826871287
8,0.4-8,-2.5009661582299905,-2.71960396,3.117831683,-3.826871287
8,0.4-8,-1.1423928589324204,-1.28209901,3.117831683,-3.826871287
8,0.4-8,0.0728247078643334,0.067990099,3.117831683,-3.826871287
8,0.4-8,1.233443454139301,0.883871287,3.117831683,-3.826871287
8,0.4-8,2.6372702137461155,2.593336634,3.117831683,-3.826871287
8,0.4-8,3.0502442335093964,2.86529703,3.117831683,-3.826871287
8,0.4-8,2.69770825565133,2.845871287,3.117831683,-3.826871287
8,0.4-8,1.6969805398299025,1.855158416,3.117831683,-3.826871287
8,0.4-8,0.3566028903415874,0.563346535,3.117831683,-3.826871287
8,0.4-8,-1.0095947814460176,-0.854732673,3.117831683,-3.826871287
8,0.4-8,-2.3814139822796987,-2.214534653,3.117831683,-3.826871287
8,0.4-8,-3.4287545112290747,-3.428643564,3.117831683,-3.826871287
8,0.4-8,-3.12332508967388,-3.389792079,3.117831683,-3.826871287
8,0.4-8,-1.7447137740919532,-2.000851485,3.117831683,-3.826871287
8,0.4-8,-0.488273521888339,-0.60219802,3.117831683,-3.826871287
8,0.4-8,0.6537215239496423,0.45650495,3.117831683,-3.826871287
8,0.4-8,1.9981786291080037,1.806594059,3.117831683,-3.826871287
8,0.4-8,3.0073576229149377,2.894435644,3.117831683,-3.826871287
8,0.4-8,2.9508291863729217,2.933287129,3.117831683,-3.826871287
8,0.4-8,2.382498475147676,2.41850495,3.117831683,-3.826871287
8,0.4-8,1.1801353135243196,1.233534653,3.117831683,-3.826871287
8,0.4-8,-0.172459159108325,-0.087415842,3.117831683,-3.826871287
8,0.4-8,-1.6161833208515033,-1.554059406,3.117831683,-3.826871287
8,0.4-8,-2.9857067014190064,-2.943,3.117831683,-3.826871287
8,0.4-8,-3.492234490725642,-3.661752475,3.117831683,-3.826871287
8,0.4-8,-2.595612152168945,-2.777881188,3.117831683,-3.826871287
8,0.4-8,-1.22223282427281,-1.320950495,3.117831683,-3.826871287
8,0.4-8,0.0109749812709197,-0.009712871,3.117831683,-3.826871287
8,0.4-8,1.358101165291343,1.068415842,3.117831683,-3.826871287
8,0.4-8,2.694087213589334,2.544772277,3.117831683,-3.826871287
8,0.4-8,3.0299611413785827,3.049841584,3.117831683,-3.826871287
8,0.4-8,2.705257879314664,2.671039604,3.117831683,-3.826871287
8,0.4-8,1.8196592455758145,1.942574257,3.117831683,-3.826871287
8,0.4-8,0.3429697894267545,0.475930693,3.117831683,-3.826871287
8,0.4-8,-1.1298951819374314,-0.738178218,3.117831683,-3.826871287
8,0.4-8,-2.5238168733849524,-2.350514851,3.117831683,-3.826871287
8,0.4-8,-3.491614379703507,-3.370366337,3.117831683,-3.826871287
8,0.4-8,-3.0434211734691807,-3.554910891,3.117831683,-3.826871287
8,0.4-8,-1.6775029636882797,-2.010564356,3.117831683,-3.826871287
8,0.4-8,-0.3932895541917413,-0.796455446,3.117831683,-3.826871287
8,0.4-8,0.7906401840698923,0.543920792,3.117831683,-3.826871287
8,0.4-8,2.18102601549575,1.709465347,3.117831683,-3.826871287
8,0.4-8,2.985857476596078,2.943,3.117831683,-3.826871287
8,0.4-8,2.9297987387998696,2.894435644,3.117831683,-3.826871287
8,0.4-8,2.382104504916619,2.612762376,3.117831683,-3.826871287
8,0.4-8,1.0604701441089366,1.223821782,3.117831683,-3.826871287
8,0.4-8,-0.3273929297983498,-0.213683168,3.117831683,-3.826871287
8,0.4-8,-1.7588465838281349,-1.58319802,3.117831683,-3.826871287
8,0.4-8,-3.037612489135129,-2.952712871,3.117831683,-3.826871287
8,0.4-8,-3.483649969062375,-3.593762376,3.117831683,-3.826871287
8,0.4-8,-2.4752069472520075,-2.758455446,3.117831683,-3.826871287
8,0.4-8,-1.0709670651909162,-1.28209901,3.117831683,-3.826871287
8,0.4-8,0.0681140283926724,-0.019425743,3.117831683,-3.826871287
8,0.4-8,1.303986915857129,0.961574257,3.117831683,-3.826871287
8,0.4-8,2.6261859515856134,2.583623762,3.117831683,-3.826871287
8,0.4-8,3.043926519714912,3.001277228,3.117831683,-3.826871287
8,0.4-8,2.7940738585217337,2.836158416,3.117831683,-3.826871287
8,0.4-8,1.869489972432196,1.923148515,3.117831683,-3.826871287
8,0.4-8,0.4350413563596381,0.495356436,3.117831683,-3.826871287
8,0.4-8,-1.1019903020789057,-0.786742574,3.117831683,-3.826871287
8,0.4-8,-2.449914304696257,-2.321376238,3.117831683,-3.826871287
8,0.4-8,-3.4599885817288927,-3.409217822,3.117831683,-3.826871287
8,0.4-8,-3.071433676177658,-3.360653465,3.117831683,-3.826871287
8,0.4-8,-1.6182997080302188,-2.078554455,3.117831683,-3.826871287
8,0.4-8,-0.2754525903157234,-0.621623762,3.117831683,-3.826871287
8,0.4-8,0.8512763490980243,0.427366337,3.117831683,-3.826871287
8,0.4-8,2.274903653339777,1.874584158,3.117831683,-3.826871287
8,0.4-8,3.057275629413326,2.894435644,3.117831683,-3.826871287
8,0.4-8,2.8860067677259296,3.040128713,3.117831683,-3.826871287
8,0.4-8,2.1139266651219084,2.437930693,3.117831683,-3.826871287
8,0.4-8,0.8097367126804041,1.28209901,3.117831683,-3.826871287
8,0.4-8,-0.5775521305862971,-0.174831683,3.117831683,-3.826871287
8,0.4-8,-2.013811049463936,-1.544346535,3.117831683,-3.826871287
8,0.4-8,-3.326913992296367,-2.981851485,3.117831683,-3.826871287
8,0.4-8,-3.4521453862146347,-3.661752475,3.117831683,-3.826871287
8,0.4-8,-2.1953289813247183,-2.739029703,3.117831683,-3.826871287
8,0.4-8,-0.8206011125370029,-1.291811881,3.117831683,-3.826871287
8,0.4-8,0.3345027997851441,0.0,3.117831683,-3.826871287
8,0.4-8,1.59753742633945,1.078128713,3.117831683,-3.826871287
8,0.4-8,2.8563939796110542,2.554485149,3.117831683,-3.826871287
8,0.4-8,2.981384307065291,3.030415842,3.117831683,-3.826871287
8,0.4-8,2.673141831363321,2.661326733,3.117831683,-3.826871287
8,0.4-8,1.6172464889223008,1.942574257,3.117831683,-3.826871287
8,0.4-8,0.2674755133590721,0.543920792,3.117831683,-3.826871287
8,0.4-8,-1.2297134073261553,-0.815881188,3.117831683,-3.826871287
8,0.4-8,-2.6092540581511225,-2.331089109,3.117831683,-3.826871287
8,0.4-8,-3.5066275612264888,-3.389792079,3.117831683,-3.826871287
8,0.4-8,-3.001099818241867,-3.409217822,3.117831683,-3.826871287
8,0.4-8,-1.666349119915774,-2.029990099,3.117831683,-3.826871287
8,0.4-8,-0.3761281305202056,-0.796455446,3.117831683,-3.826871287
8,0.4-8,0.8085722416615074,0.514782178,3.117831683,-3.826871287
8,0.4-8,2.2374299784829885,1.826019802,3.117831683,-3.826871287
8,0.4-8,3.05626790403833,3.010990099,3.117831683,-3.826871287
8,0.4-8,2.9288206565068338,2.787594059,3.117831683,-3.826871287
8,0.4-8,2.1687179607111937,2.612762376,3.117831683,-3.826871287
8,0.4-8,0.8332330024124425,1.194683168,3.117831683,-3.826871287
8,0.4-8,-0.5336963903030728,-0.174831683,3.117831683,-3.826871287
8,0.4-8,-1.9803635935064428,-1.573485149,3.117831683,-3.826871287
8,0.4-8,-3.2230827392569403,-2.913861386,3.117831683,-3.826871287
8,0.4-8,-3.4630809229470314,-3.661752475,3.117831683,-3.826871287
8,0.4-8,-2.284162544648789,-2.700178218,3.117831683,-3.826871287
8,0.4-8,-0.9336466022340256,-1.369514851,3.117831683,-3.826871287
8,0.4-8,0.2930358150908901,0.029138614,3.117831683,-3.826871287
8,0.4-8,1.5357788846489149,1.029564356,3.117831683,-3.826871287
8,0.4-8,2.8338882863748998,2.671039604,3.117831683,-3.826871287
8,0.4-8,3.0327413918250925,3.02070297,3.117831683,-3.826871287
8,0.4-8,2.7333976731253062,2.836158416,3.117831683,-3.826871287
8,0.4-8,1.67950957975528,1.932861386,3.117831683,-3.826871287
8,0.4-8,0.2986091716250102,0.495356436,3.117831683,-3.826871287
8,0.4-8,-1.1482955987781476,-0.777029703,3.117831683,-3.826871287
8,0.4-8,-2.56396858452055,-2.379653465,3.117831683,-3.826871287
8,0.4-8,-3.5824345907536865,-3.39950495,3.117831683,-3.826871287
8,0.4-8,-3.0762953345682105,-3.409217822,3.117831683,-3.826871287
8,0.4-8,-1.7085368839508008,-1.991138614,3.117831683,-3.826871287
8,0.4-8,-0.3806829854293981,-0.718752475,3.117831683,-3.826871287
8,0.4-8,0.7446118120447327,0.52449505,3.117831683,-3.826871287
8,0.4-8,2.172218798857132,1.874584158,3.117831683,-3.826871287
8,0.4-8,3.0258245082280872,2.913861386,3.117831683,-3.826871287
8,0.4-8,2.9787389807940987,2.972138614,3.117831683,-3.826871287
8,0.4-8,2.208650689457518,2.41850495,3.117831683,-3.826871287
8,0.4-8,0.7826680244971772,1.155831683,3.117831683,-3.826871287
8,0.4-8,-0.663369274231133,-0.398227723,3.117831683,-3.826871287
8,0.4-8,-2.106094092228723,-1.728891089,3.117831683,-3.826871287
8,0.4-8,-3.084017541037629,-3.069267327,3.117831683,-3.826871287
8,0.4-8,-2.998069283648794,-3.224673267,3.117831683,-3.826871287
8,0.4-8,-1.779244646083246,-2.214534653,3.117831683,-3.826871287
8,0.4-8,-0.4560612268985442,-0.699326733,3.117831683,-3.826871287
8,0.4-8,0.5929950858657481,0.310811881,3.117831683,-3.826871287
8,0.4-8,1.587627677538102,1.418079208,3.117831683,-3.826871287
8,0.4-8,2.0224519818288247,1.903722772,3.117831683,-3.826871287
8,0.4-8,1.8363796043101028,1.962,3.117831683,-3.826871287
8,0.4-8,1.427435162522294,1.398653465,3.117831683,-3.826871287
8,0.4-8,0.8065767635022435,1.010138614,3.117831683,-3.826871287
8,0.4-8,0.0065864084665593,0.009712871,3.117831683,-3.826871287
8,0.4-8,-0.906130435355925,-0.806168317,3.117831683,-3.826871287
8,0.4-8,-1.5840125282619295,-1.66090099,3.117831683,-3.826871287
8,0.4-8,-1.6329968480256614,-1.728891089,3.117831683,-3.826871287
8,0.4-8,-1.0357091424796545,-1.214108911,3.117831683,-3.826871287
8,0.4-8,-0.2584264724977314,-0.417653465,3.117831683,-3.826871287
8,0.4-8,0.3027496186217442,0.252534653,3.117831683,-3.826871287
8,0.4-8,0.6841617829993187,0.553633663,3.117831683,-3.826871287
8,0.4-8,0.8349199513779285,0.806168317,3.117831683,-3.826871287
8,0.4-8,0.5435830374295364,0.592485149,3.117831683,-3.826871287
8,0.4-8,0.1218903855976583,0.106841584,3.117831683,-3.826871287
8,0.4-8,-0.0836061289665159,-0.087415842,3.117831683,-3.826871287
8,0.4-8,-0.1521012215817837,-0.194257426,3.117831683,-3.826871287
8,0.4-8,-0.1381565609441401,-0.252534653,3.117831683,-3.826871287
8,0.4-8,0.0231215749674221,-0.058277228,3.117831683,-3.826871287
8,0.4-8,0.0227629951154566,0.019425743,3.117831683,-3.826871287
8,0.4-8,-0.0108142369009329,-0.07770297,3.117831683,-3.826871287
8,0.4-8,-0.0904396693646933,-0.106841584,3.117831683,-3.826871287
8,0.4-8,-0.0937319480357097,-0.184544554,3.117831683,-3.826871287
8,0.4-8,-0.0066425095393933,0.0,3.117831683,-3.826871287
9,0.4-8,0.0134413729191169,-0.019425743,3.117831683,-3.826871287
9,0.4-8,0.1332265995784827,0.184544554,3.117831683,-3.826871287
9,0.4-8,0.3137723231073188,0.22339604,3.117831683,-3.826871287
9,0.4-8,0.231922835534144,0.087415842,3.117831683,-3.826871287
9,0.4-8,-0.0711264590854891,-0.369089109,3.117831683,-3.826871287
9,0.4-8,-0.6141075347972146,-0.874158416,3.117831683,-3.826871287
9,0.4-8,-0.895444254731838,-0.981,3.117831683,-3.826871287
9,0.4-8,-0.8773216081341773,-0.738178218,3.117831683,-3.826871287
9,0.4-8,-0.2666657342643333,0.07770297,3.117831683,-3.826871287
9,0.4-8,0.4256140261397422,0.621623762,3.117831683,-3.826871287
9,0.4-8,1.143866318817886,1.515207921,3.117831683,-3.826871287
9,0.4-8,1.5353898196691094,1.320950495,3.117831683,-3.826871287
9,0.4-8,1.399073387837907,1.35980198,3.117831683,-3.826871287
9,0.4-8,1.0961239080217244,0.621623762,3.117831683,-3.826871287
9,0.4-8,0.0801387768745288,-0.281673267,3.117831683,-3.826871287
9,0.4-8,-0.7489541025544099,-1.301524752,3.117831683,-3.826871287
9,0.4-8,-1.8979316742216656,-2.321376238,3.117831683,-3.826871287
9,0.4-8,-2.5134016788030324,-2.64190099,3.117831683,-3.826871287
9,0.4-8,-2.283616349482425,-1.845445545,3.117831683,-3.826871287
9,0.4-8,-1.1429361373570486,-0.806168317,3.117831683,-3.826871287
9,0.4-8,-0.040715266062761,0.349663366,3.117831683,-3.826871287
9,0.4-8,1.0379103662945433,1.515207921,3.117831683,-3.826871287
9,0.4-8,2.0533417658617794,2.233960396,3.117831683,-3.826871287
9,0.4-8,2.611627982139651,2.709891089,3.117831683,-3.826871287
9,0.4-8,2.787344236332445,2.56419802,3.117831683,-3.826871287
9,0.4-8,2.1638958204359606,1.544346535,3.117831683,-3.826871287
9,0.4-8,0.7228983541347049,-0.165118812,3.117831683,-3.826871287
9,0.4-8,-0.8892065081248149,-1.573485149,3.117831683,-3.826871287
9,0.4-8,-2.5128610192124525,-3.176108911,3.117831683,-3.826871287
9,0.4-8,-3.5838546087810377,-3.788019802,3.117831683,-3.826871287
9,0.4-8,-3.4409387760698498,-2.875009901,3.117831683,-3.826871287
9,0.4-8,-1.8943475917779609,-1.369514851,3.117831683,-3.826871287
9,0.4-8,-0.3542240027795583,0.184544554,3.117831683,-3.826871287
9,0.4-8,0.9197051454188372,1.427792079,3.117831683,-3.826871287
9,0.4-8,2.2171012940356403,2.505920792,3.117831683,-3.826871287
9,0.4-8,2.793228015954344,2.923574257,3.117831683,-3.826871287
9,0.4-8,2.9731439529831536,2.836158416,3.117831683,-3.826871287
9,0.4-8,2.5395179864685087,2.020277228,3.117831683,-3.826871287
9,0.4-8,1.2270257400555082,0.582772277,3.117831683,-3.826871287
9,0.4-8,-0.3239074645510596,-0.913009901,3.117831683,-3.826871287
9,0.4-8,-1.787163393773807,-2.399079208,3.117831683,-3.826871287
9,0.4-8,-3.014200770580015,-3.496633663,3.117831683,-3.826871287
9,0.4-8,-3.704860969231368,-3.496633663,3.117831683,-3.826871287
9,0.4-8,-2.6602086046817104,-2.175683168,3.117831683,-3.826871287
9,0.4-8,-1.216866553182087,-0.60219802,3.117831683,-3.826871287
9,0.4-8,0.2345073657863166,0.621623762,3.117831683,-3.826871287
9,0.4-8,1.5538564102150223,2.136831683,3.117831683,-3.826871287
9,0.4-8,2.552133924659129,2.554485149,3.117831683,-3.826871287
9,0.4-8,2.9915521606950843,3.117831683,3.117831683,-3.826871287
9,0.4-8,2.8862023863544994,2.467069307,3.117831683,-3.826871287
9,0.4-8,2.040994280128355,1.408366337,3.117831683,-3.826871287
9,0.4-8,0.5595695623007603,-0.271960396,3.117831683,-3.826871287
9,0.4-8,-1.0510531685264637,-1.719178218,3.117831683,-3.826871287
9,0.4-8,-2.3482718412475783,-2.952712871,3.117831683,-3.826871287
9,0.4-8,-3.556489057079511,-3.826871287,3.117831683,-3.826871287
9,0.4-8,-3.3470408669972938,-2.797306931,3.117831683,-3.826871287
9,0.4-8,-1.8733311581523848,-1.418079208,3.117831683,-3.826871287
9,0.4-8,-0.4343358899899682,0.135980198,3.117831683,-3.826871287
9,0.4-8,0.8094530000025605,1.291811881,3.117831683,-3.826871287
9,0.4-8,2.135174859476171,2.447643564,3.117831683,-3.826871287
9,0.4-8,2.850146996545724,3.02070297,3.117831683,-3.826871287
9,0.4-8,2.9806547338327603,2.836158416,3.117831683,-3.826871287
9,0.4-8,2.6142049438733803,2.078554455,3.117831683,-3.826871287
9,0.4-8,1.2438098156602138,0.592485149,3.117831683,-3.826871287
9,0.4-8,-0.255154359850314,-0.922722772,3.117831683,-3.826871287
9,0.4-8,-1.850844998478285,-2.476782178,3.117831683,-3.826871287
9,0.4-8,-3.0235948054648354,-3.350940594,3.117831683,-3.826871287
9,0.4-8,-3.7201423397295454,-3.448069307,3.117831683,-3.826871287
9,0.4-8,-2.663253734360085,-2.068841584,3.117831683,-3.826871287
9,0.4-8,-1.1673688727811324,-0.718752475,3.117831683,-3.826871287
9,0.4-8,0.1177800715922575,0.611910891,3.117831683,-3.826871287
9,0.4-8,1.5320340040251617,1.991138614,3.117831683,-3.826871287
9,0.4-8,2.5907798111100884,2.748742574,3.117831683,-3.826871287
9,0.4-8,2.994065754216665,2.962425743,3.117831683,-3.826871287
9,0.4-8,2.907596179287272,2.603049505,3.117831683,-3.826871287
9,0.4-8,2.038190596195044,1.398653465,3.117831683,-3.826871287
9,0.4-8,0.5699781422936534,-0.165118812,3.117831683,-3.826871287
9,0.4-8,-1.095982051027705,-1.835732673,3.117831683,-3.826871287
9,0.4-8,-2.422828755771349,-2.972138614,3.117831683,-3.826871287
9,0.4-8,-3.4599427828740583,-3.681178218,3.117831683,-3.826871287
9,0.4-8,-3.29835476353746,-2.807019802,3.117831683,-3.826871287
9,0.4-8,-1.841837254028043,-1.350089109,3.117831683,-3.826871287
9,0.4-8,-0.4738850351129694,0.009712871,3.117831683,-3.826871287
9,0.4-8,0.7195105449852148,1.078128713,3.117831683,-3.826871287
9,0.4-8,2.1518894888554057,2.554485149,3.117831683,-3.826871287
9,0.4-8,2.908207627058838,2.904148515,3.117831683,-3.826871287
9,0.4-8,2.956108130962624,2.86529703,3.117831683,-3.826871287
9,0.4-8,2.5333726156390823,2.097980198,3.117831683,-3.826871287
9,0.4-8,1.2912765875808652,0.621623762,3.117831683,-3.826871287
9,0.4-8,-0.2754349966878912,-0.922722772,3.117831683,-3.826871287
9,0.4-8,-1.8570836831021584,-2.437930693,3.117831683,-3.826871287
9,0.4-8,-2.9645865588191618,-3.312089109,3.117831683,-3.826871287
9,0.4-8,-3.557824580890036,-3.46749505,3.117831683,-3.826871287
9,0.4-8,-2.60205927125024,-1.991138614,3.117831683,-3.826871287
9,0.4-8,-1.1121866864624028,-0.738178218,3.117831683,-3.826871287
9,0.4-8,0.0476652560075398,0.466217822,3.117831683,-3.826871287
9,0.4-8,1.395170852902578,1.855158416,3.117831683,-3.826871287
9,0.4-8,2.6435545380413195,2.768168317,3.117831683,-3.826871287
9,0.4-8,2.9710352348972777,2.952712871,3.117831683,-3.826871287
9,0.4-8,2.7776491343394807,2.389366337,3.117831683,-3.826871287
9,0.4-8,2.0245745923150222,1.534633663,3.117831683,-3.826871287
9,0.4-8,0.6737290231490678,-0.165118812,3.117831683,-3.826871287
9,0.4-8,-1.0555218940887228,-1.622049505,3.117831683,-3.826871287
9,0.4-8,-2.3993646447158805,-3.02070297,3.117831683,-3.826871287
9,0.4-8,-3.468890898441953,-3.62290099,3.117831683,-3.826871287
9,0.4-8,-3.196067697516102,-2.816732673,3.117831683,-3.826871287
9,0.4-8,-1.817645068462374,-1.252960396,3.117831683,-3.826871287
9,0.4-8,-0.4637542822459631,-0.097128713,3.117831683,-3.826871287
9,0.4-8,0.6604522236965534,1.184970297,3.117831683,-3.826871287
9,0.4-8,2.0408927116148923,2.408792079,3.117831683,-3.826871287
9,0.4-8,2.919519836337626,3.059554455,3.117831683,-3.826871287
9,0.4-8,2.856492411193438,2.651613861,3.117831683,-3.826871287
9,0.4-8,2.455354981381264,2.146544554,3.117831683,-3.826871287
9,0.4-8,1.3561875896103075,0.786742574,3.117831683,-3.826871287
9,0.4-8,-0.1406233774468255,-0.767316832,3.117831683,-3.826871287
9,0.4-8,-1.7941956891624082,-2.48649505,3.117831683,-3.826871287
9,0.4-8,-3.1366872754270343,-3.428643564,3.117831683,-3.826871287
9,0.4-8,-3.498200542859237,-3.341227723,3.117831683,-3.826871287
9,0.4-8,-2.5645936068400474,-2.049415842,3.117831683,-3.826871287
9,0.4-8,-1.0891200108508958,-0.728465347,3.117831683,-3.826871287
9,0.4-8,0.0444696639032627,0.485643564,3.117831683,-3.826871287
9,0.4-8,1.3349938858249712,1.835732673,3.117831683,-3.826871287
9,0.4-8,2.6426105080613302,2.787594059,3.117831683,-3.826871287
9,0.4-8,2.915422631574579,2.86529703,3.117831683,-3.826871287
9,0.4-8,2.7737753867397035,2.41850495,3.117831683,-3.826871287
9,0.4-8,1.900194718007776,1.379227723,3.117831683,-3.826871287
9,0.4-8,0.7197992771058709,0.067990099,3.117831683,-3.826871287
9,0.4-8,-0.8946271041643382,-1.563772277,3.117831683,-3.826871287
9,0.4-8,-2.448966703958718,-3.001277228,3.117831683,-3.826871287
9,0.4-8,-3.397303356601247,-3.642326733,3.117831683,-3.826871287
9,0.4-8,-3.2195550638492527,-2.748742574,3.117831683,-3.826871287
9,0.4-8,-1.7294810507103482,-1.301524752,3.117831683,-3.826871287
9,0.4-8,-0.5450472855372559,-0.087415842,3.117831683,-3.826871287
9,0.4-8,0.677057548334169,0.942148515,3.117831683,-3.826871287
9,0.4-8,1.9816842136950663,2.554485149,3.117831683,-3.826871287
9,0.4-8,2.9942985145863203,2.86529703,3.117831683,-3.826871287
9,0.4-8,2.8187613254719928,2.807019802,3.117831683,-3.826871287
9,0.4-8,2.329936867755489,1.855158416,3.117831683,-3.826871287
9,0.4-8,1.244041999940404,0.75760396,3.117831683,-3.826871287
9,0.4-8,-0.1254905447297074,-0.67990099,3.117831683,-3.826871287
9,0.4-8,-1.6854965839959537,-2.224247525,3.117831683,-3.826871287
9,0.4-8,-3.0830822087057728,-3.418930693,3.117831683,-3.826871287
9,0.4-8,-3.5785267325360697,-3.312089109,3.117831683,-3.826871287
9,0.4-8,-2.4356667398469085,-1.991138614,3.117831683,-3.826871287
9,0.4-8,-1.069744973376227,-0.650762376,3.117831683,-3.826871287
9,0.4-8,0.0631092567211382,0.349663366,3.117831683,-3.826871287
9,0.4-8,1.2412213140986328,1.835732673,3.117831683,-3.826871287
9,0.4-8,2.6603290027300104,2.690465347,3.117831683,-3.826871287
9,0.4-8,2.9171796021461995,2.913861386,3.117831683,-3.826871287
9,0.4-8,2.700817328376928,2.350514851,3.117831683,-3.826871287
9,0.4-8,1.8130269815322335,1.369514851,3.117831683,-3.826871287
9,0.4-8,0.6304711870616139,0.038851485,3.117831683,-3.826871287
9,0.4-8,-0.8366154388829893,-1.35980198,3.117831683,-3.826871287
9,0.4-8,-2.4205985912051373,-2.943,3.117831683,-3.826871287
9,0.4-8,-3.5298453584254736,-3.720029703,3.117831683,-3.826871287
9,0.4-8,-3.182559846820627,-2.739029703,3.117831683,-3.826871287
9,0.4-8,-1.6957664161544526,-1.350089109,3.117831683,-3.826871287
9,0.4-8,-0.3921612069371264,-0.048564356,3.117831683,-3.826871287
9,0.4-8,0.6384007712381742,0.971287129,3.117831683,-3.826871287
9,0.4-8,1.9916658240609488,2.41850495,3.117831683,-3.826871287
9,0.4-8,2.9276012770967714,2.943,3.117831683,-3.826871287
9,0.4-8,2.8902077039652143,2.64190099,3.117831683,-3.826871287
9,0.4-8,2.244516840179416,1.864871287,3.117831683,-3.826871287
9,0.4-8,1.1780312682474674,0.641049505,3.117831683,-3.826871287
9,0.4-8,-0.1244994739658018,-0.650762376,3.117831683,-3.826871287
9,0.4-8,-1.598246692855987,-2.195108911,3.117831683,-3.826871287
9,0.4-8,-3.0983564554286147,-3.477207921,3.117831683,-3.826871287
9,0.4-8,-3.6030121273073528,-3.389792079,3.117831683,-3.826871287
9,0.4-8,-2.4514786883768487,-1.981425743,3.117831683,-3.826871287
9,0.4-8,-1.0567492378264145,-0.777029703,3.117831683,-3.826871287
9,0.4-8,0.1660389421214725,0.52449505,3.117831683,-3.826871287
9,0.4-8,1.235263446592166,1.602623762,3.117831683,-3.826871287
9,0.4-8,2.65559663326609,2.875009901,3.117831683,-3.826871287
9,0.4-8,2.9184026389057287,2.797306931,3.117831683,-3.826871287
9,0.4-8,2.6991241137468776,2.467069307,3.117831683,-3.826871287
9,0.4-8,1.7766241055221563,1.262673267,3.117831683,-3.826871287
9,0.4-8,0.4782213202439112,0.038851485,3.117831683,-3.826871287
9,0.4-8,-0.814763760414086,-1.456930693,3.117831683,-3.826871287
9,0.4-8,-2.3201456241115777,-2.923574257,3.117831683,-3.826871287
9,0.4-8,-3.47264137176099,-3.690891089,3.117831683,-3.826871287
9,0.4-8,-3.2075673044961093,-2.700178218,3.117831683,-3.826871287
9,0.4-8,-1.6677628087423924,-1.252960396,3.117831683,-3.826871287
9,0.4-8,-0.3711586531470978,-0.048564356,3.117831683,-3.826871287
9,0.4-8,0.6343073805622083,1.010138614,3.117831683,-3.826871287
9,0.4-8,2.0020078921726405,2.408792079,3.117831683,-3.826871287
9,0.4-8,2.8935291391501323,2.884722772,3.117831683,-3.826871287
9,0.4-8,2.938202007092702,2.729316832,3.117831683,-3.826871287
9,0.4-8,2.275230326329743,1.894009901,3.117831683,-3.826871287
9,0.4-8,1.0787286266671523,0.670188119,3.117831683,-3.826871287
9,0.4-8,-0.1573242019280832,-0.60219802,3.117831683,-3.826871287
9,0.4-8,-1.6239150330747982,-2.195108911,3.117831683,-3.826871287
9,0.4-8,-3.0361108417705074,-3.331514851,3.117831683,-3.826871287
9,0.4-8,-3.5981045481286498,-3.360653465,3.117831683,-3.826871287
9,0.4-8,-2.4056726859167017,-2.000851485,3.117831683,-3.826871287
9,0.4-8,-1.1122869888903506,-0.67990099,3.117831683,-3.826871287
9,0.4-8,0.138521177611161,0.437079208,3.117831683,-3.826871287
9,0.4-8,1.2264841828397013,1.719178218,3.117831683,-3.826871287
9,0.4-8,2.635272193182591,2.748742574,3.117831683,-3.826871287
9,0.4-8,2.890941665901857,2.972138614,3.117831683,-3.826871287
9,0.4-8,2.6002223007325784,2.301950495,3.117831683,-3.826871287
9,0.4-8,1.789887419548454,1.291811881,3.117831683,-3.826871287
9,0.4-8,0.4683780148555525,-0.019425743,3.117831683,-3.826871287
9,0.4-8,-0.8233733130140622,-1.330663366,3.117831683,-3.826871287
9,0.4-8,-2.309096032586804,-2.855584158,3.117831683,-3.826871287
9,0.4-8,-3.4806808092519392,-3.729742574,3.117831683,-3.826871287
9,0.4-8,-3.166404267909967,-2.768168317,3.117831683,-3.826871287
9,0.4-8,-1.6707304861837515,-1.291811881,3.117831683,-3.826871287
9,0.4-8,-0.3564012181794112,-0.029138614,3.117831683,-3.826871287
9,0.4-8,0.6535789167328775,1.029564356,3.117831683,-3.826871287
9,0.4-8,2.0416702693517674,2.369940594,3.117831683,-3.826871287
9,0.4-8,2.8974738992955973,2.923574257,3.117831683,-3.826871287
9,0.4-8,2.8450833591952303,2.680752475,3.117831683,-3.826871287
9,0.4-8,2.28691858519927,1.874584158,3.117831683,-3.826871287
9,0.4-8,1.04642859623536,0.631336634,3.117831683,-3.826871287
9,0.4-8,-0.1308495664281815,-0.718752475,3.117831683,-3.826871287
9,0.4-8,-1.6327012364481288,-2.136831683,3.117831683,-3.826871287
9,0.4-8,-2.957993969726492,-3.39950495,3.117831683,-3.826871287
9,0.4-8,-3.599016928607937,-3.389792079,3.117831683,-3.826871287
9,0.4-8,-2.510819800335297,-2.088267327,3.117831683,-3.826871287
9,0.4-8,-0.963193614103978,-0.641049505,3.117831683,-3.826871287
9,0.4-8,0.1103531781245658,0.417653465,3.117831683,-3.826871287
9,0.4-8,1.2943456599393128,1.709465347,3.117831683,-3.826871287
9,0.4-8,2.5538578911921217,2.758455446,3.117831683,-3.826871287
9,0.4-8,2.957316027306003,2.894435644,3.117831683,-3.826871287
9,0.4-8,2.6622235956519846,2.48649505,3.117831683,-3.826871287
9,0.4-8,1.7263639427710136,1.175257426,3.117831683,-3.826871287
9,0.4-8,0.3715345000230944,-0.058277228,3.117831683,-3.826871287
9,0.4-8,-0.9103163369048966,-1.427792079,3.117831683,-3.826871287
9,0.4-8,-2.269282052341157,-2.748742574,3.117831683,-3.826871287
9,0.4-8,-3.3816998171315324,-3.671465347,3.117831683,-3.826871287
9,0.4-8,-3.1189880614044183,-2.729316832,3.117831683,-3.826871287
9,0.4-8,-1.6382867917540036,-1.291811881,3.117831683,-3.826871287
9,0.4-8,-0.3251756892556977,-0.029138614,3.117831683,-3.826871287
9,0.4-8,0.6239104529524203,0.854732673,3.117831683,-3.826871287
9,0.4-8,2.0482965866983887,2.476782178,3.117831683,-3.826871287
9,0.4-8,2.957969661497572,2.797306931,3.117831683,-3.826871287
9,0.4-8,2.84413226218134,2.807019802,3.117831683,-3.826871287
9,0.4-8,2.323994724512999,1.748316832,3.117831683,-3.826871287
9,0.4-8,0.9467295773670348,0.60219802,3.117831683,-3.826871287
9,0.4-8,-0.2026299441935535,-0.670188119,3.117831683,-3.826871287
9,0.4-8,-1.650866437356125,-2.156257426,3.117831683,-3.826871287
9,0.4-8,-2.932514050956694,-3.253811881,3.117831683,-3.826871287
9,0.4-8,-3.5405891686614464,-3.418930693,3.117831683,-3.826871287
9,0.4-8,-2.4198231886879378,-1.991138614,3.117831683,-3.826871287
9,0.4-8,-0.99236593263287,-0.660475248,3.117831683,-3.826871287
9,0.4-8,0.1369874542098325,0.407940594,3.117831683,-3.826871287
9,0.4-8,1.2591877234493225,1.728891089,3.117831683,-3.826871287
9,0.4-8,2.6424646108364205,2.777881188,3.117831683,-3.826871287
9,0.4-8,2.8412168694375315,2.768168317,3.117831683,-3.826871287
9,0.4-8,2.624519985878636,2.428217822,3.117831683,-3.826871287
9,0.4-8,1.7135787464411725,1.262673267,3.117831683,-3.826871287
9,0.4-8,0.4358997069673748,-0.009712871,3.117831683,-3.826871287
9,0.4-8,-0.9740233249207672,-1.418079208,3.117831683,-3.826871287
9,0.4-8,-2.314386310126263,-2.787594059,3.117831683,-3.826871287
9,0.4-8,-3.461415882322098,-3.652039604,3.117831683,-3.826871287
9,0.4-8,-3.1136389463705254,-2.729316832,3.117831683,-3.826871287
9,0.4-8,-1.640022112566953,-1.311237624,3.117831683,-3.826871287
9,0.4-8,-0.406286526751939,-0.067990099,3.117831683,-3.826871287
9,0.4-8,0.7527969578228649,1.20439604,3.117831683,-3.826871287
9,0.4-8,2.248440194523919,2.437930693,3.117831683,-3.826871287
9,0.4-8,2.842445689978533,2.777881188,3.117831683,-3.826871287
9,0.4-8,2.6610748766881445,2.593336634,3.117831683,-3.826871287
9,0.4-8,2.2877109389473875,2.029990099,3.117831683,-3.826871287
9,0.4-8,1.0218934154911234,0.534207921,3.117831683,-3.826871287
9,0.4-8,-0.2640116559380653,-0.699326733,3.117831683,-3.826871287
9,0.4-8,-1.6563229276088205,-2.214534653,3.117831683,-3.826871287
9,0.4-8,-3.007237608772007,-3.234386139,3.117831683,-3.826871287
9,0.4-8,-3.4801792131625278,-3.448069307,3.117831683,-3.826871287
9,0.4-8,-2.4608911103760485,-1.991138614,3.117831683,-3.826871287
9,0.4-8,-0.9562657674184978,-0.718752475,3.117831683,-3.826871287
9,0.4-8,0.1749440656014668,0.475930693,3.117831683,-3.826871287
9,0.4-8,1.2920185528768542,1.651188119,3.117831683,-3.826871287
9,0.4-8,2.664286653141932,2.797306931,3.117831683,-3.826871287
9,0.4-8,2.918801466238125,2.86529703,3.117831683,-3.826871287
9,0.4-8,2.7393956410754967,2.408792079,3.117831683,-3.826871287
9,0.4-8,1.623419141172955,1.233534653,3.117831683,-3.826871287
9,0.4-8,0.3453257295439008,-0.106841584,3.117831683,-3.826871287
9,0.4-8,-1.0028288485419066,-1.35980198,3.117831683,-3.826871287
9,0.4-8,-2.3362636943515573,-2.768168317,3.117831683,-3.826871287
9,0.4-8,-3.3641461640785533,-3.574336634,3.117831683,-3.826871287
9,0.4-8,-3.145640238493033,-2.797306931,3.117831683,-3.826871287
9,0.4-8,-1.635118615196864,-1.291811881,3.117831683,-3.826871287
9,0.4-8,-0.3984675042783616,-0.048564356,3.117831683,-3.826871287
9,0.4-8,0.7368077494773827,1.010138614,3.117831683,-3.826871287
9,0.4-8,2.088697612266048,2.447643564,3.117831683,-3.826871287
9,0.4-8,3.0279111804915355,2.855584158,3.117831683,-3.826871287
9,0.4-8,2.8551761177351698,2.739029703,3.117831683,-3.826871287
9,0.4-8,2.2983257220139004,1.796881188,3.117831683,-3.826871287
9,0.4-8,1.0134597590246173,0.60219802,3.117831683,-3.826871287
9,0.4-8,-0.3215849835594499,-0.699326733,3.117831683,-3.826871287
9,0.4-8,-1.6262943253142377,-2.214534653,3.117831683,-3.826871287
9,0.4-8,-3.0163404659876245,-3.282950495,3.117831683,-3.826871287
9,0.4-8,-3.5154616573655386,-3.409217822,3.117831683,-3.826871287
9,0.4-8,-2.416898627793045,-2.078554455,3.117831683,-3.826871287
9,0.4-8,-0.9622248556751746,-0.621623762,3.117831683,-3.826871287
9,0.4-8,0.2272557096279047,0.398227723,3.117831683,-3.826871287
9,0.4-8,1.3261902578668436,1.806594059,3.117831683,-3.826871287
9,0.4-8,2.6914166365478884,2.729316832,3.117831683,-3.826871287
9,0.4-8,2.9182550868220165,3.010990099,3.117831683,-3.826871287
9,0.4-8,2.6110067610976317,2.214534653,3.117831683,-3.826871287
9,0.4-8,1.5936913035505498,1.233534653,3.117831683,-3.826871287
9,0.4-8,0.3070686220028275,-0.097128713,3.117831683,-3.826871287
9,0.4-8,-0.9727140676614392,-1.369514851,3.117831683,-3.826871287
9,0.4-8,-2.3768449399589526,-2.777881188,3.117831683,-3.826871287
9,0.4-8,-3.4757363521526834,-3.749168317,3.117831683,-3.826871287
9,0.4-8,-3.0971935681613627,-2.748742574,3.117831683,-3.826871287
9,0.4-8,-1.6176075272384292,-1.311237624,3.117831683,-3.826871287
9,0.4-8,-0.310542723084365,-0.07770297,3.117831683,-3.826871287
9,0.4-8,0.7479841185835672,1.029564356,3.117831683,-3.826871287
9,0.4-8,2.0889824966147845,2.34080198,3.117831683,-3.826871287
9,0.4-8,2.97771121613979,3.001277228,3.117831683,-3.826871287
9,0.4-8,2.8901111052351705,2.729316832,3.117831683,-3.826871287
9,0.4-8,2.243174682281974,1.845445545,3.117831683,-3.826871287
9,0.4-8,0.9222677029109266,0.543920792,3.117831683,-3.826871287
9,0.4-8,-0.3201569269897679,-0.738178218,3.117831683,-3.826871287
9,0.4-8,-1.731568539595114,-2.175683168,3.117831683,-3.826871287
9,0.4-8,-2.9858579337440085,-3.302376238,3.117831683,-3.826871287
9,0.4-8,-3.4409272317601665,-3.360653465,3.117831683,-3.826871287
9,0.4-8,-2.31874329284728,-2.059128713,3.117831683,-3.826871287
9,0.4-8,-1.012023308298433,-0.718752475,3.117831683,-3.826871287
9,0.4-8,0.2253226260041542,0.466217822,3.117831683,-3.826871287
9,0.4-8,1.3703703142437234,1.728891089,3.117831683,-3.826871287
9,0.4-8,2.698439852394764,2.923574257,3.117831683,-3.826871287
9,0.4-8,2.951842169660594,2.777881188,3.117831683,-3.826871287
9,0.4-8,2.603017555615666,2.447643564,3.117831683,-3.826871287
9,0.4-8,1.623189390837291,1.165544554,3.117831683,-3.826871287
9,0.4-8,0.2314594945902417,-0.087415842,3.117831683,-3.826871287
9,0.4-8,-1.0234634957435031,-1.534633663,3.117831683,-3.826871287
9,0.4-8,-2.438748808552525,-2.787594059,3.117831683,-3.826871287
9,0.4-8,-3.3849073431783023,-3.564623762,3.117831683,-3.826871287
9,0.4-8,-3.1128860046928795,-2.768168317,3.117831683,-3.826871287
9,0.4-8,-1.6380327477901238,-1.408366337,3.117831683,-3.826871287
9,0.4-8,-0.3107699574789622,-0.009712871,3.117831683,-3.826871287
9,0.4-8,0.7697774139704435,0.942148515,3.117831683,-3.826871287
9,0.4-8,2.1481924234093244,2.525346535,3.117831683,-3.826871287
9,0.4-8,3.0292037800887472,2.894435644,3.117831683,-3.826871287
9,0.4-8,2.9064902988899277,2.807019802,3.117831683,-3.826871287
9,0.4-8,2.282625827368104,1.826019802,3.117831683,-3.826871287
9,0.4-8,0.9388152048552916,0.534207921,3.117831683,-3.826871287
9,0.4-8,-0.3659394785231474,-0.689613861,3.117831683,-3.826871287
9,0.4-8,-1.7825291324596622,-2.233960396,3.117831683,-3.826871287
9,0.4-8,-3.0255535760065566,-3.273237624,3.117831683,-3.826871287
9,0.4-8,-3.522483030842307,-3.438356436,3.117831683,-3.826871287
9,0.4-8,-2.302863706323593,-2.010564356,3.117831683,-3.826871287
9,0.4-8,-0.9400909407249533,-0.670188119,3.117831683,-3.826871287
9,0.4-8,0.2789313707917887,0.475930693,3.117831683,-3.826871287
9,0.4-8,1.4514413031375564,1.806594059,3.117831683,-3.826871287
9,0.4-8,2.7133997838066786,2.845871287,3.117831683,-3.826871287
9,0.4-8,2.9389418951897253,2.952712871,3.117831683,-3.826871287
9,0.4-8,2.6354983320561147,2.311663366,3.117831683,-3.826871287
9,0.4-8,1.608282521884425,1.350089109,3.117831683,-3.826871287
9,0.4-8,0.2377208441804401,-0.165118812,3.117831683,-3.826871287
9,0.4-8,-1.0664974126470042,-1.418079208,3.117831683,-3.826871287
9,0.4-8,-2.420070157057038,-2.913861386,3.117831683,-3.826871287
9,0.4-8,-3.5513163600060755,-3.554910891,3.117831683,-3.826871287
9,0.4-8,-2.993207500822357,-2.787594059,3.117831683,-3.826871287
9,0.4-8,-1.652329924450073,-1.233534653,3.117831683,-3.826871287
9,0.4-8,-0.2549864109308086,-0.087415842,3.117831683,-3.826871287
9,0.4-8,0.7527409562571676,1.116980198,3.117831683,-3.826871287
9,0.4-8,2.215106907374475,2.389366337,3.117831683,-3.826871287
9,0.4-8,3.0235238304475653,3.078980198,3.117831683,-3.826871287
9,0.4-8,2.906329306104722,2.680752475,3.117831683,-3.826871287
9,0.4-8,2.3044473097452274,1.923148515,3.117831683,-3.826871287
9,0.4-8,0.9053145362841988,0.573059406,3.117831683,-3.826871287
9,0.4-8,-0.3907177580355388,-0.728465347,3.117831683,-3.826871287
9,0.4-8,-1.819088607655774,-2.26309901,3.117831683,-3.826871287
9,0.4-8,-3.1704181257127297,-3.380079208,3.117831683,-3.826871287
9,0.4-8,-3.495086789615436,-3.457782178,3.117831683,-3.826871287
9,0.4-8,-2.3257539552534707,-1.962,3.117831683,-3.826871287
9,0.4-8,-0.8219729079502011,-0.650762376,3.117831683,-3.826871287
9,0.4-8,0.2472904338724813,0.475930693,3.117831683,-3.826871287
9,0.4-8,1.4864258431539623,1.806594059,3.117831683,-3.826871287
9,0.4-8,2.8019049942317777,2.875009901,3.117831683,-3.826871287
9,0.4-8,3.0076917808024843,2.894435644,3.117831683,-3.826871287
9,0.4-8,2.6520036625158068,2.41850495,3.117831683,-3.826871287
9,0.4-8,1.5545910624399093,1.340376238,3.117831683,-3.826871287
9,0.4-8,0.2258305673198389,-0.135980198,3.117831683,-3.826871287
9,0.4-8,-1.1463211135711135,-1.524920792,3.117831683,-3.826871287
9,0.4-8,-2.488465458023508,-2.826445545,3.117831683,-3.826871287
9,0.4-8,-3.5958269193155874,-3.661752475,3.117831683,-3.826871287
9,0.4-8,-3.002391191959759,-2.71960396,3.117831683,-3.826871287
9,0.4-8,-1.5905263978292847,-1.28209901,3.117831683,-3.826871287
9,0.4-8,-0.2450987082350976,0.067990099,3.117831683,-3.826871287
9,0.4-8,0.8172157276638526,0.883871287,3.117831683,-3.826871287
9,0.4-8,2.2243644765086694,2.593336634,3.117831683,-3.826871287
9,0.4-8,3.079051035026654,2.86529703,3.117831683,-3.826871287
9,0.4-8,2.8027396508833524,2.845871287,3.117831683,-3.826871287
9,0.4-8,2.219251848744422,1.855158416,3.117831683,-3.826871287
9,0.4-8,0.9452011062775484,0.563346535,3.117831683,-3.826871287
9,0.4-8,-0.4257553753453909,-0.854732673,3.117831683,-3.826871287
9,0.4-8,-1.8325670177081448,-2.214534653,3.117831683,-3.826871287
9,0.4-8,-3.1487697827725736,-3.428643564,3.117831683,-3.826871287
9,0.4-8,-3.4781205711549585,-3.389792079,3.117831683,-3.826871287
9,0.4-8,-2.2664647313119053,-2.000851485,3.117831683,-3.826871287
9,0.4-8,-0.8969655278194167,-0.60219802,3.117831683,-3.826871287
9,0.4-8,0.2594340722675065,0.45650495,3.117831683,-3.826871287
9,0.4-8,1.520717078496418,1.806594059,3.117831683,-3.826871287
9,0.4-8,2.8494902793423127,2.894435644,3.117831683,-3.826871287
9,0.4-8,3.047754528248644,2.933287129,3.117831683,-3.826871287
9,0.4-8,2.6527282594391943,2.41850495,3.117831683,-3.826871287
9,0.4-8,1.5718358802078063,1.233534653,3.117831683,-3.826871287
9,0.4-8,0.2349945567330038,-0.087415842,3.117831683,-3.826871287
9,0.4-8,-1.1457565566625616,-1.554059406,3.117831683,-3.826871287
9,0.4-8,-2.623516168937928,-2.943,3.117831683,-3.826871287
9,0.4-8,-3.5614711686797524,-3.661752475,3.117831683,-3.826871287
9,0.4-8,-3.038731668792491,-2.777881188,3.117831683,-3.826871287
9,0.4-8,-1.6006460198354726,-1.320950495,3.117831683,-3.826871287
9,0.4-8,-0.2831341705256061,-0.009712871,3.117831683,-3.826871287
9,0.4-8,0.825941224914442,1.068415842,3.117831683,-3.826871287
9,0.4-8,2.276068320883972,2.544772277,3.117831683,-3.826871287
9,0.4-8,3.062466579151314,3.049841584,3.117831683,-3.826871287
9,0.4-8,2.862600309503938,2.671039604,3.117831683,-3.826871287
9,0.4-8,2.2325326291467595,1.942574257,3.117831683,-3.826871287
9,0.4-8,0.8935707478500754,0.475930693,3.117831683,-3.826871287
9,0.4-8,-0.5083918936975903,-0.738178218,3.117831683,-3.826871287
9,0.4-8,-1.8477729780206456,-2.350514851,3.117831683,-3.826871287
9,0.4-8,-3.179562992598653,-3.370366337,3.117831683,-3.826871287
9,0.4-8,-3.4523224770642464,-3.554910891,3.117831683,-3.826871287
9,0.4-8,-2.29372934514778,-2.010564356,3.117831683,-3.826871287
9,0.4-8,-0.8563406971998136,-0.796455446,3.117831683,-3.826871287
9,0.4-8,0.3445844681982526,0.543920792,3.117831683,-3.826871287
9,0.4-8,1.6145514800658602,1.709465347,3.117831683,-3.826871287
9,0.4-8,2.8664126994551715,2.943,3.117831683,-3.826871287
9,0.4-8,2.95434792897502,2.894435644,3.117831683,-3.826871287
9,0.4-8,2.7192536858851417,2.612762376,3.117831683,-3.826871287
9,0.4-8,1.6084429301030962,1.223821782,3.117831683,-3.826871287
9,0.4-8,0.1981608717564668,-0.213683168,3.117831683,-3.826871287
9,0.4-8,-1.2505374292528375,-1.58319802,3.117831683,-3.826871287
9,0.4-8,-2.6435914935528864,-2.952712871,3.117831683,-3.826871287
9,0.4-8,-3.494927350777665,-3.593762376,3.117831683,-3.826871287
9,0.4-8,-3.037040735931164,-2.758455446,3.117831683,-3.826871287
9,0.4-8,-1.4651277631688078,-1.28209901,3.117831683,-3.826871287
9,0.4-8,-0.2740010124749739,-0.019425743,3.117831683,-3.826871287
9,0.4-8,0.8093998293567158,0.961574257,3.117831683,-3.826871287
9,0.4-8,2.281797336962492,2.583623762,3.117831683,-3.826871287
9,0.4-8,3.042448252479108,3.001277228,3.117831683,-3.826871287
9,0.4-8,2.8819067741333795,2.836158416,3.117831683,-3.826871287
9,0.4-8,2.209749326792395,1.923148515,3.117831683,-3.826871287
9,0.4-8,0.8813589596572328,0.495356436,3.117831683,-3.826871287
9,0.4-8,-0.4985917922368477,-0.786742574,3.117831683,-3.826871287
9,0.4-8,-1.9432435572868916,-2.321376238,3.117831683,-3.826871287
9,0.4-8,-3.1649044430287647,-3.409217822,3.117831683,-3.826871287
9,0.4-8,-3.490366794937769,-3.360653465,3.117831683,-3.826871287
9,0.4-8,-2.2293057738370488,-2.078554455,3.117831683,-3.826871287
9,0.4-8,-0.8786453626789794,-0.621623762,3.117831683,-3.826871287
9,0.4-8,0.3827189178414859,0.427366337,3.117831683,-3.826871287
9,0.4-8,1.5420423554746778,1.874584158,3.117831683,-3.826871287
9,0.4-8,2.950799522545488,2.894435644,3.117831683,-3.826871287
9,0.4-8,3.0024691833872,3.040128713,3.117831683,-3.826871287
9,0.4-8,2.688781708856794,2.437930693,3.117831683,-3.826871287
9,0.4-8,1.575170398397481,1.28209901,3.117831683,-3.826871287
9,0.4-8,0.1915035650111106,-0.174831683,3.117831683,-3.826871287
9,0.4-8,-1.2164808890760948,-1.544346535,3.117831683,-3.826871287
9,0.4-8,-2.652674510798896,-2.981851485,3.117831683,-3.826871287
9,0.4-8,-3.703232271583888,-3.661752475,3.117831683,-3.826871287
9,0.4-8,-2.9019465835711054,-2.739029703,3.117831683,-3.826871287
9,0.4-8,-1.5540765085057922,-1.291811881,3.117831683,-3.826871287
9,0.4-8,-0.1705817004952704,0.0,3.117831683,-3.826871287
9,0.4-8,0.839489809006765,1.078128713,3.117831683,-3.826871287
9,0.4-8,2.3797688291569314,2.554485149,3.117831683,-3.826871287
9,0.4-8,3.0415025860129434,3.030415842,3.117831683,-3.826871287
9,0.4-8,2.8266074357658204,2.661326733,3.117831683,-3.826871287
9,0.4-8,2.244467022788634,1.942574257,3.117831683,-3.826871287
9,0.4-8,0.82814451928773,0.543920792,3.117831683,-3.826871287
9,0.4-8,-0.5270418067580465,-0.815881188,3.117831683,-3.826871287
9,0.4-8,-2.0704505621281526,-2.331089109,3.117831683,-3.826871287
9,0.4-8,-3.241281030881744,-3.389792079,3.117831683,-3.826871287
9,0.4-8,-3.504260819797669,-3.409217822,3.117831683,-3.826871287
9,0.4-8,-2.2234689973807287,-2.029990099,3.117831683,-3.826871287
9,0.4-8,-0.8438327773112461,-0.796455446,3.117831683,-3.826871287
9,0.4-8,0.338240993786757,0.514782178,3.117831683,-3.826871287
9,0.4-8,1.6657525689129802,1.826019802,3.117831683,-3.826871287
9,0.4-8,2.958184340904362,3.010990099,3.117831683,-3.826871287
9,0.4-8,3.090880637636225,2.787594059,3.117831683,-3.826871287
9,0.4-8,2.666033471471704,2.612762376,3.117831683,-3.826871287
9,0.4-8,1.5457959445164946,1.194683168,3.117831683,-3.826871287
9,0.4-8,0.1426720385235654,-0.174831683,3.117831683,-3.826871287
9,0.4-8,-1.2546527731784611,-1.573485149,3.117831683,-3.826871287
9,0.4-8,-2.6702248307961414,-2.913861386,3.117831683,-3.826871287
9,0.4-8,-3.6232848483703832,-3.661752475,3.117831683,-3.826871287
9,0.4-8,-3.0007894739285508,-2.700178218,3.117831683,-3.826871287
9,0.4-8,-1.4921649368559495,-1.369514851,3.117831683,-3.826871287
9,0.4-8,-0.1590364909969275,0.029138614,3.117831683,-3.826871287
9,0.4-8,0.9077662654814496,1.029564356,3.117831683,-3.826871287
9,0.4-8,2.336398391903641,2.671039604,3.117831683,-3.826871287
9,0.4-8,3.085988123584233,3.02070297,3.117831683,-3.826871287
9,0.4-8,2.899701542421486,2.836158416,3.117831683,-3.826871287
9,0.4-8,2.203591750430108,1.932861386,3.117831683,-3.826871287
9,0.4-8,0.8036578748153379,0.495356436,3.117831683,-3.826871287
9,0.4-8,-0.5383416478836871,-0.777029703,3.117831683,-3.826871287
9,0.4-8,-2.049651274056488,-2.379653465,3.117831683,-3.826871287
9,0.4-8,-3.315959137331017,-3.39950495,3.117831683,-3.826871287
9,0.4-8,-3.5587895522206017,-3.409217822,3.117831683,-3.826871287
9,0.4-8,-2.204151400375614,-1.991138614,3.117831683,-3.826871287
9,0.4-8,-0.8150434088442791,-0.718752475,3.117831683,-3.826871287
9,0.4-8,0.3554790040890369,0.52449505,3.117831683,-3.826871287
9,0.4-8,1.679343575273343,1.874584158,3.117831683,-3.826871287
9,0.4-8,2.965332664851869,2.913861386,3.117831683,-3.826871287
9,0.4-8,3.0639057059689754,2.972138614,3.117831683,-3.826871287
9,0.4-8,2.6826283782345963,2.41850495,3.117831683,-3.826871287
9,0.4-8,1.4249781044263066,1.155831683,3.117831683,-3.826871287
9,0.4-8,-0.0080923833005344,-0.398227723,3.117831683,-3.826871287
9,0.4-8,-1.5471614624430166,-1.728891089,3.117831683,-3.826871287
9,0.4-8,-2.7315359929378293,-3.069267327,3.117831683,-3.826871287
9,0.4-8,-3.2138216611551367,-3.224673267,3.117831683,-3.826871287
9,0.4-8,-2.269794619796678,-2.214534653,3.117831683,-3.826871287
9,0.4-8,-0.9267638850248502,-0.699326733,3.117831683,-3.826871287
9,0.4-8,0.2341150314199848,0.310811881,3.117831683,-3.826871287
9,0.4-8,1.2435250759493746,1.418079208,3.117831683,-3.826871287
9,0.4-8,1.9737893461520228,1.903722772,3.117831683,-3.826871287
9,0.4-8,1.9379847508133456,1.962,3.117831683,-3.826871287
9,0.4-8,1.5296731183848318,1.398653465,3.117831683,-3.826871287
9,0.4-8,1.0102356519047906,1.010138614,3.117831683,-3.826871287
9,0.4-8,0.2456677334092144,0.009712871,3.117831683,-3.826871287
9,0.4-8,-0.642952356703988,-0.806168317,3.117831683,-3.826871287
9,0.4-8,-1.4519073373685372,-1.66090099,3.117831683,-3.826871287
9,0.4-8,-1.7555844607159972,-1.728891089,3.117831683,-3.826871287
9,0.4-8,-1.2406243196310978,-1.214108911,3.117831683,-3.826871287
9,0.4-8,-0.4875129737721029,-0.417653465,3.117831683,-3.826871287
9,0.4-8,0.247323364469543,0.252534653,3.117831683,-3.826871287
9,0.4-8,0.5249088639362344,0.553633663,3.117831683,-3.826871287
9,0.4-8,0.8445913338708881,0.806168317,3.117831683,-3.826871287
9,0.4-8,0.6161365817114063,0.592485149,3.117831683,-3.826871287
9,0.4-8,0.2193646729093432,0.106841584,3.117831683,-3.826871287
9,0.4-8,0.0306256985311322,-0.087415842,3.117831683,-3.826871287
9,0.4-8,-0.1064858484481618,-0.194257426,3.117831683,-3.826871287
9,0.4-8,-0.1067136500484143,-0.252534653,3.117831683,-3.826871287
9,0.4-8,0.018735616427554,-0.058277228,3.117831683,-3.826871287
9,0.4-8,0.0575137580996295,0.019425743,3.117831683,-3.826871287
9,0.4-8,0.0519716137032985,-0.07770297,3.117831683,-3.826871287
9,0.4-8,-0.1065745340395834,-0.106841584,3.117831683,-3.826871287
9,0.4-8,-0.0034722187095975,-0.184544554,3.117831683,-3.826871287
9,0.4-8,-0.0743524002028331,0.0,3.117831683,-3.826871287
10,0.4-8,0.4547584193566368,-0.019425743,3.117831683,-3.826871287
10,0.4-8,0.6255907761767556,0.184544554,3.117831683,-3.826871287
10,0.4-8,0.6272549761342534,0.22339604,3.117831683,-3.826871287
10,0.4-8,0.3034038545778865,0.087415842,3.117831683,-3.826871287
10,0.4-8,-0.1365581297058133,-0.369089109,3.117831683,-3.826871287
10,0.4-8,-0.4886491369438152,-0.874158416,3.117831683,-3.826871287
10,0.4-8,-0.5367049657880075,-0.981,3.117831683,-3.826871287
10,0.4-8,-0.0090648137902908,-0.738178218,3.117831683,-3.826871287
10,0.4-8,0.7052742649755321,0.07770297,3.117831683,-3.826871287
10,0.4-8,1.3839144641020735,0.621623762,3.117831683,-3.826871287
10,0.4-8,1.9034665178343912,1.515207921,3.117831683,-3.826871287
10,0.4-8,1.8297736124406647,1.320950495,3.117831683,-3.826871287
10,0.4-8,1.5789134482459062,1.35980198,3.117831683,-3.826871287
10,0.4-8,0.6008804171835112,0.621623762,3.117831683,-3.826871287
10,0.4-8,-0.2649553462252751,-0.281673267,3.117831683,-3.826871287
10,0.4-8,-1.3060437061777137,-1.301524752,3.117831683,-3.826871287
10,0.4-8,-2.222964583245756,-2.321376238,3.117831683,-3.826871287
10,0.4-8,-2.113519129379008,-2.64190099,3.117831683,-3.826871287
10,0.4-8,-1.0709800551975937,-1.845445545,3.117831683,-3.826871287
10,0.4-8,0.0369312471158149,-0.806168317,3.117831683,-3.826871287
10,0.4-8,1.137956161784005,0.349663366,3.117831683,-3.826871287
10,0.4-8,2.1981292528406238,1.515207921,3.117831683,-3.826871287
10,0.4-8,2.820605797665454,2.233960396,3.117831683,-3.826871287
10,0.4-8,3.150014874004253,2.709891089,3.117831683,-3.826871287
10,0.4-8,2.724871055389088,2.56419802,3.117831683,-3.826871287
10,0.4-8,1.3479540327804624,1.544346535,3.117831683,-3.826871287
10,0.4-8,-0.1939401858426123,-0.165118812,3.117831683,-3.826871287
10,0.4-8,-1.7487139794124889,-1.573485149,3.117831683,-3.826871287
10,0.4-8,-3.141437217565476,-3.176108911,3.117831683,-3.826871287
10,0.4-8,-3.360246494527124,-3.788019802,3.117831683,-3.826871287
10,0.4-8,-2.0900624310154927,-2.875009901,3.117831683,-3.826871287
10,0.4-8,-0.3879034197886279,-1.369514851,3.117831683,-3.826871287
10,0.4-8,0.8573456595006157,0.184544554,3.117831683,-3.826871287
10,0.4-8,2.18865171877594,1.427792079,3.117831683,-3.826871287
10,0.4-8,3.04779945795194,2.505920792,3.117831683,-3.826871287
10,0.4-8,3.3111712771909825,2.923574257,3.117831683,-3.826871287
10,0.4-8,2.9793188777804103,2.836158416,3.117831683,-3.826871287
10,0.4-8,1.9364115488658649,2.020277228,3.117831683,-3.826871287
10,0.4-8,0.3038860752064048,0.582772277,3.117831683,-3.826871287
10,0.4-8,-1.0742236406660233,-0.913009901,3.117831683,-3.826871287
10,0.4-8,-2.4771934764438317,-2.399079208,3.117831683,-3.826871287
10,0.4-8,-3.360453547110136,-3.496633663,3.117831683,-3.826871287
10,0.4-8,-2.8547353794267525,-3.496633663,3.117831683,-3.826871287
10,0.4-8,-1.3049455864108164,-2.175683168,3.117831683,-3.826871287
10,0.4-8,0.1774000973335465,-0.60219802,3.117831683,-3.826871287
10,0.4-8,1.4352735318506022,0.621623762,3.117831683,-3.826871287
10,0.4-8,2.595312886939721,2.136831683,3.117831683,-3.826871287
10,0.4-8,3.174901533135746,2.554485149,3.117831683,-3.826871287
10,0.4-8,3.2457916854828164,3.117831683,3.117831683,-3.826871287
10,0.4-8,2.534272224790993,2.467069307,3.117831683,-3.826871287
10,0.4-8,1.202873919855718,1.408366337,3.117831683,-3.826871287
10,0.4-8,-0.4837404544652404,-0.271960396,3.117831683,-3.826871287
10,0.4-8,-1.7476908915151013,-1.719178218,3.117831683,-3.826871287
10,0.4-8,-3.113061696825269,-2.952712871,3.117831683,-3.826871287
10,0.4-8,-3.3464643980045228,-3.826871287,3.117831683,-3.826871287
10,0.4-8,-2.106521909291732,-2.797306931,3.117831683,-3.826871287
10,0.4-8,-0.6057230244912267,-1.418079208,3.117831683,-3.826871287
10,0.4-8,0.7287643575320422,0.135980198,3.117831683,-3.826871287
10,0.4-8,1.970964289417088,1.291811881,3.117831683,-3.826871287
10,0.4-8,2.953704232044174,2.447643564,3.117831683,-3.826871287
10,0.4-8,3.268069058012704,3.02070297,3.117831683,-3.826871287
10,0.4-8,2.993232318953849,2.836158416,3.117831683,-3.826871287
10,0.4-8,1.906528374346964,2.078554455,3.117831683,-3.826871287
10,0.4-8,0.3647107332190514,0.592485149,3.117831683,-3.826871287
10,0.4-8,-1.3130267353214844,-0.922722772,3.117831683,-3.826871287
10,0.4-8,-2.4994643127265688,-2.476782178,3.117831683,-3.826871287
10,0.4-8,-3.418506168343272,-3.350940594,3.117831683,-3.826871287
10,0.4-8,-2.885342173110011,-3.448069307,3.117831683,-3.826871287
10,0.4-8,-1.4159910346966358,-2.068841584,3.117831683,-3.826871287
10,0.4-8,-0.0079337868379273,-0.718752475,3.117831683,-3.826871287
10,0.4-8,1.2944094844018474,0.611910891,3.117831683,-3.826871287
10,0.4-8,2.5195812160907733,1.991138614,3.117831683,-3.826871287
10,0.4-8,3.131982422689468,2.748742574,3.117831683,-3.826871287
10,0.4-8,3.133425651740142,2.962425743,3.117831683,-3.826871287
10,0.4-8,2.4909522863716558,2.603049505,3.117831683,-3.826871287
10,0.4-8,1.0242761894736334,1.398653465,3.117831683,-3.826871287
10,0.4-8,-0.477715193920165,-0.165118812,3.117831683,-3.826871287
10,0.4-8,-2.025869270052618,-1.835732673,3.117831683,-3.826871287
10,0.4-8,-3.082470276689145,-2.972138614,3.117831683,-3.826871287
10,0.4-8,-3.3887864180250427,-3.681178218,3.117831683,-3.826871287
10,0.4-8,-2.173708282287388,-2.807019802,3.117831683,-3.826871287
10,0.4-8,-0.8207049569741399,-1.350089109,3.117831683,-3.826871287
10,0.4-8,0.4712012055978896,0.009712871,3.117831683,-3.826871287
10,0.4-8,1.738216950334568,1.078128713,3.117831683,-3.826871287
10,0.4-8,2.873930916378542,2.554485149,3.117831683,-3.826871287
10,0.4-8,3.0401632031157453,2.904148515,3.117831683,-3.826871287
10,0.4-8,2.8186142053504084,2.86529703,3.117831683,-3.826871287
10,0.4-8,1.7211201647946552,2.097980198,3.117831683,-3.826871287
10,0.4-8,0.1905458041383119,0.621623762,3.117831683,-3.826871287
10,0.4-8,-1.3516298729818748,-0.922722772,3.117831683,-3.826871287
10,0.4-8,-2.7131463996435685,-2.437930693,3.117831683,-3.826871287
10,0.4-8,-3.501607912278853,-3.312089109,3.117831683,-3.826871287
10,0.4-8,-2.8932542688441827,-3.46749505,3.117831683,-3.826871287
10,0.4-8,-1.4290483862885428,-1.991138614,3.117831683,-3.826871287
10,0.4-8,-0.2425984412255106,-0.738178218,3.117831683,-3.826871287
10,0.4-8,1.1436898664376038,0.466217822,3.117831683,-3.826871287
10,0.4-8,2.426045918826035,1.855158416,3.117831683,-3.826871287
10,0.4-8,3.012924123033469,2.768168317,3.117831683,-3.826871287
10,0.4-8,2.934166394609356,2.952712871,3.117831683,-3.826871287
10,0.4-8,2.344232025785706,2.389366337,3.117831683,-3.826871287
10,0.4-8,1.051014376123996,1.534633663,3.117831683,-3.826871287
10,0.4-8,-0.5225179168599057,-0.165118812,3.117831683,-3.826871287
10,0.4-8,-1.998452469681432,-1.622049505,3.117831683,-3.826871287
10,0.4-8,-3.209331437769221,-3.02070297,3.117831683,-3.826871287
10,0.4-8,-3.467632240900968,-3.62290099,3.117831683,-3.826871287
10,0.4-8,-2.201525674731907,-2.816732673,3.117831683,-3.826871287
10,0.4-8,-0.6913820203231419,-1.252960396,3.117831683,-3.826871287
10,0.4-8,0.3752630390017692,-0.097128713,3.117831683,-3.826871287
10,0.4-8,1.796581126480207,1.184970297,3.117831683,-3.826871287
10,0.4-8,2.841321047856982,2.408792079,3.117831683,-3.826871287
10,0.4-8,3.0246720805138323,3.059554455,3.117831683,-3.826871287
10,0.4-8,2.662286051092081,2.651613861,3.117831683,-3.826871287
10,0.4-8,1.7637998286110292,2.146544554,3.117831683,-3.826871287
10,0.4-8,0.2508003064905721,0.786742574,3.117831683,-3.826871287
10,0.4-8,-1.3117785076726838,-0.767316832,3.117831683,-3.826871287
10,0.4-8,-2.745911993128542,-2.48649505,3.117831683,-3.826871287
10,0.4-8,-3.584599709431701,-3.428643564,3.117831683,-3.826871287
10,0.4-8,-3.018890741015766,-3.341227723,3.117831683,-3.826871287
10,0.4-8,-1.5138801080405733,-2.049415842,3.117831683,-3.826871287
10,0.4-8,-0.292930771472257,-0.728465347,3.117831683,-3.826871287
10,0.4-8,0.8380079102117988,0.485643564,3.117831683,-3.826871287
10,0.4-8,2.2581197827020927,1.835732673,3.117831683,-3.826871287
10,0.4-8,2.877740445244819,2.787594059,3.117831683,-3.826871287
10,0.4-8,2.747111494896863,2.86529703,3.117831683,-3.826871287
10,0.4-8,2.113034197235013,2.41850495,3.117831683,-3.826871287
10,0.4-8,0.9662775756823644,1.379227723,3.117831683,-3.826871287
10,0.4-8,-0.5665227130206317,0.067990099,3.117831683,-3.826871287
10,0.4-8,-2.096860521395963,-1.563772277,3.117831683,-3.826871287
10,0.4-8,-3.3571966221205893,-3.001277228,3.117831683,-3.826871287
10,0.4-8,-3.55350690032926,-3.642326733,3.117831683,-3.826871287
10,0.4-8,-2.3163892864164404,-2.748742574,3.117831683,-3.826871287
10,0.4-8,-0.8364565143749959,-1.301524752,3.117831683,-3.826871287
10,0.4-8,0.256007621604569,-0.087415842,3.117831683,-3.826871287
10,0.4-8,1.5714658426910049,0.942148515,3.117831683,-3.826871287
10,0.4-8,2.776848919573468,2.554485149,3.117831683,-3.826871287
10,0.4-8,2.95630373807387,2.86529703,3.117831683,-3.826871287
10,0.4-8,2.5134496837608458,2.807019802,3.117831683,-3.826871287
10,0.4-8,1.535377657964537,1.855158416,3.117831683,-3.826871287
10,0.4-8,0.3079930352100011,0.75760396,3.117831683,-3.826871287
10,0.4-8,-1.3125426058702463,-0.67990099,3.117831683,-3.826871287
10,0.4-8,-2.661611266283725,-2.224247525,3.117831683,-3.826871287
10,0.4-8,-3.693662180930093,-3.418930693,3.117831683,-3.826871287
10,0.4-8,-3.030531791546521,-3.312089109,3.117831683,-3.826871287
10,0.4-8,-1.5132093529022548,-1.991138614,3.117831683,-3.826871287
10,0.4-8,-0.2049457492373514,-0.650762376,3.117831683,-3.826871287
10,0.4-8,0.8267665212065184,0.349663366,3.117831683,-3.826871287
10,0.4-8,2.2716286045227254,1.835732673,3.117831683,-3.826871287
10,0.4-8,2.949617597740186,2.690465347,3.117831683,-3.826871287
10,0.4-8,2.811982061968501,2.913861386,3.117831683,-3.826871287
10,0.4-8,2.058610111413031,2.350514851,3.117831683,-3.826871287
10,0.4-8,0.9999410734054356,1.369514851,3.117831683,-3.826871287
10,0.4-8,-0.430296274387396,0.038851485,3.117831683,-3.826871287
10,0.4-8,-1.933259834487968,-1.35980198,3.117831683,-3.826871287
10,0.4-8,-3.24264910553984,-2.943,3.117831683,-3.826871287
10,0.4-8,-3.5575014380913696,-3.720029703,3.117831683,-3.826871287
10,0.4-8,-2.355139260466904,-2.739029703,3.117831683,-3.826871287
10,0.4-8,-0.9038347370541664,-1.350089109,3.117831683,-3.826871287
10,0.4-8,0.2387180213108328,-0.048564356,3.117831683,-3.826871287
10,0.4-8,1.4047364178541226,0.971287129,3.117831683,-3.826871287
10,0.4-8,2.686988161156846,2.41850495,3.117831683,-3.826871287
10,0.4-8,2.9147972556824877,2.943,3.117831683,-3.826871287
10,0.4-8,2.4626841328278606,2.64190099,3.117831683,-3.826871287
10,0.4-8,1.375086095158451,1.864871287,3.117831683,-3.826871287
10,0.4-8,0.2950538521625806,0.641049505,3.117831683,-3.826871287
10,0.4-8,-1.2312877755741003,-0.650762376,3.117831683,-3.826871287
10,0.4-8,-2.688285628310792,-2.195108911,3.117831683,-3.826871287
10,0.4-8,-3.6822935943991553,-3.477207921,3.117831683,-3.826871287
10,0.4-8,-3.017375428268937,-3.389792079,3.117831683,-3.826871287
10,0.4-8,-1.5784656790450842,-1.981425743,3.117831683,-3.826871287
10,0.4-8,-0.247656455656356,-0.777029703,3.117831683,-3.826871287
10,0.4-8,0.8429147641467524,0.52449505,3.117831683,-3.826871287
10,0.4-8,2.1332662730637835,1.602623762,3.117831683,-3.826871287
10,0.4-8,2.9290082384905904,2.875009901,3.117831683,-3.826871287
10,0.4-8,2.7883927267070083,2.797306931,3.117831683,-3.826871287
10,0.4-8,2.065296839346213,2.467069307,3.117831683,-3.826871287
10,0.4-8,0.8467171203132944,1.262673267,3.117831683,-3.826871287
10,0.4-8,-0.3831706572997145,0.038851485,3.117831683,-3.826871287
10,0.4-8,-1.9671943997331571,-1.456930693,3.117831683,-3.826871287
10,0.4-8,-3.216461261266274,-2.923574257,3.117831683,-3.826871287
10,0.4-8,-3.61134492222874,-3.690891089,3.117831683,-3.826871287
10,0.4-8,-2.213061477329243,-2.700178218,3.117831683,-3.826871287
10,0.4-8,-0.9439142689095058,-1.252960396,3.117831683,-3.826871287
10,0.4-8,0.207314079049813,-0.048564356,3.117831683,-3.826871287
10,0.4-8,1.388648506649536,1.010138614,3.117831683,-3.826871287
10,0.4-8,2.5542161893863304,2.408792079,3.117831683,-3.826871287
10,0.4-8,2.801279249529092,2.884722772,3.117831683,-3.826871287
10,0.4-8,2.477808590331698,2.729316832,3.117831683,-3.826871287
10,0.4-8,1.350835752587329,1.894009901,3.117831683,-3.826871287
10,0.4-8,0.1587285669875913,0.670188119,3.117831683,-3.826871287
10,0.4-8,-1.2192928378386825,-0.60219802,3.117831683,-3.826871287
10,0.4-8,-2.730319071226592,-2.195108911,3.117831683,-3.826871287
10,0.4-8,-3.726571055581773,-3.331514851,3.117831683,-3.826871287
10,0.4-8,-3.0854936129946418,-3.360653465,3.117831683,-3.826871287
10,0.4-8,-1.56264142785634,-2.000851485,3.117831683,-3.826871287
10,0.4-8,-0.4618203133115715,-0.67990099,3.117831683,-3.826871287
10,0.4-8,0.6868514410871704,0.437079208,3.117831683,-3.826871287
10,0.4-8,2.0189661675471244,1.719178218,3.117831683,-3.826871287
10,0.4-8,2.7413771273326124,2.748742574,3.117831683,-3.826871287
10,0.4-8,2.585666230820054,2.972138614,3.117831683,-3.826871287
10,0.4-8,1.92072452165382,2.301950495,3.117831683,-3.826871287
10,0.4-8,0.6841865118389425,1.291811881,3.117831683,-3.826871287
10,0.4-8,-0.5442678646424391,-0.019425743,3.117831683,-3.826871287
10,0.4-8,-1.9730001245353863,-1.330663366,3.117831683,-3.826871287
10,0.4-8,-3.410186338404678,-2.855584158,3.117831683,-3.826871287
10,0.4-8,-3.725506880079728,-3.729742574,3.117831683,-3.826871287
10,0.4-8,-2.4567286006078297,-2.768168317,3.117831683,-3.826871287
10,0.4-8,-0.9969893489557234,-1.291811881,3.117831683,-3.826871287
10,0.4-8,0.0361919354693909,-0.029138614,3.117831683,-3.826871287
10,0.4-8,1.313442199660506,1.029564356,3.117831683,-3.826871287
10,0.4-8,2.43800186119438,2.369940594,3.117831683,-3.826871287
10,0.4-8,2.6994044303889906,2.923574257,3.117831683,-3.826871287
10,0.4-8,2.2512990851072323,2.680752475,3.117831683,-3.826871287
10,0.4-8,1.2164054156327544,1.874584158,3.117831683,-3.826871287
10,0.4-8,-0.024307063883156,0.631336634,3.117831683,-3.826871287
10,0.4-8,-1.4447041329406276,-0.718752475,3.117831683,-3.826871287
10,0.4-8,-2.747999834339109,-2.136831683,3.117831683,-3.826871287
10,0.4-8,-3.8197839370468847,-3.39950495,3.117831683,-3.826871287
10,0.4-8,-3.251037736634109,-3.389792079,3.117831683,-3.826871287
10,0.4-8,-1.6258386066506012,-2.088267327,3.117831683,-3.826871287
10,0.4-8,-0.3440726846260767,-0.641049505,3.117831683,-3.826871287
10,0.4-8,0.6732319951872197,0.417653465,3.117831683,-3.826871287
10,0.4-8,2.0516416930696875,1.709465347,3.117831683,-3.826871287
10,0.4-8,2.7276480936690333,2.758455446,3.117831683,-3.826871287
10,0.4-8,2.626891887669367,2.894435644,3.117831683,-3.826871287
10,0.4-8,1.9284220464276989,2.48649505,3.117831683,-3.826871287
10,0.4-8,0.6922458242087982,1.175257426,3.117831683,-3.826871287
10,0.4-8,-0.6775197768877207,-0.058277228,3.117831683,-3.826871287
10,0.4-8,-2.061990090263427,-1.427792079,3.117831683,-3.826871287
10,0.4-8,-3.2741074786508646,-2.748742574,3.117831683,-3.826871287
10,0.4-8,-3.607467211502708,-3.671465347,3.117831683,-3.826871287
10,0.4-8,-2.3274379578633426,-2.729316832,3.117831683,-3.826871287
10,0.4-8,-0.867309777278615,-1.291811881,3.117831683,-3.826871287
10,0.4-8,0.1647497792115813,-0.029138614,3.117831683,-3.826871287
10,0.4-8,1.3591209544033616,0.854732673,3.117831683,-3.826871287
10,0.4-8,2.6725573170531542,2.476782178,3.117831683,-3.826871287
10,0.4-8,2.808061418649633,2.797306931,3.117831683,-3.826871287
10,0.4-8,2.4583713871408865,2.807019802,3.117831683,-3.826871287
10,0.4-8,1.215629120319746,1.748316832,3.117831683,-3.826871287
10,0.4-8,0.1241767075708676,0.60219802,3.117831683,-3.826871287
10,0.4-8,-1.333606051575415,-0.670188119,3.117831683,-3.826871287
10,0.4-8,-2.6296665352732957,-2.156257426,3.117831683,-3.826871287
10,0.4-8,-3.610104271850815,-3.253811881,3.117831683,-3.826871287
10,0.4-8,-3.0378078038532648,-3.418930693,3.117831683,-3.826871287
10,0.4-8,-1.557146988767133,-1.991138614,3.117831683,-3.826871287
10,0.4-8,-0.2202793068987161,-0.660475248,3.117831683,-3.826871287
10,0.4-8,0.7714208299085648,0.407940594,3.117831683,-3.826871287
10,0.4-8,2.1370658199625616,1.728891089,3.117831683,-3.826871287
10,0.4-8,2.9000662222005373,2.777881188,3.117831683,-3.826871287
10,0.4-8,2.722532057250375,2.768168317,3.117831683,-3.826871287
10,0.4-8,2.0304748061253792,2.428217822,3.117831683,-3.826871287
10,0.4-8,0.6878738145471376,1.262673267,3.117831683,-3.826871287
10,0.4-8,-0.5152336231456933,-0.009712871,3.117831683,-3.826871287
10,0.4-8,-2.006819935268583,-1.418079208,3.117831683,-3.826871287
10,0.4-8,-3.187532151395552,-2.787594059,3.117831683,-3.826871287
10,0.4-8,-3.497159725499005,-3.652039604,3.117831683,-3.826871287
10,0.4-8,-2.2743980047278143,-2.729316832,3.117831683,-3.826871287
10,0.4-8,-0.9046158123256854,-1.311237624,3.117831683,-3.826871287
10,0.4-8,0.2907639153769822,-0.067990099,3.117831683,-3.826871287
10,0.4-8,1.6037231922109725,1.20439604,3.117831683,-3.826871287
10,0.4-8,2.690803319838043,2.437930693,3.117831683,-3.826871287
10,0.4-8,2.7152988091702737,2.777881188,3.117831683,-3.826871287
10,0.4-8,2.5053064435496544,2.593336634,3.117831683,-3.826871287
10,0.4-8,1.3909019278695105,2.029990099,3.117831683,-3.826871287
10,0.4-8,0.1352218713311796,0.534207921,3.117831683,-3.826871287
10,0.4-8,-1.2074123702439676,-0.699326733,3.117831683,-3.826871287
10,0.4-8,-2.615126724073325,-2.214534653,3.117831683,-3.826871287
10,0.4-8,-3.5019331940262006,-3.234386139,3.117831683,-3.826871287
10,0.4-8,-2.953601598519677,-3.448069307,3.117831683,-3.826871287
10,0.4-8,-1.5510292082196786,-1.991138614,3.117831683,-3.826871287
10,0.4-8,-0.3289299998696235,-0.718752475,3.117831683,-3.826871287
10,0.4-8,0.7640113311544301,0.475930693,3.117831683,-3.826871287
10,0.4-8,2.034974812387922,1.651188119,3.117831683,-3.826871287
10,0.4-8,2.89226897636197,2.797306931,3.117831683,-3.826871287
10,0.4-8,2.7216540248472323,2.86529703,3.117831683,-3.826871287
10,0.4-8,2.0174438125235445,2.408792079,3.117831683,-3.826871287
10,0.4-8,0.6088492683167797,1.233534653,3.117831683,-3.826871287
10,0.4-8,-0.6120976108011239,-0.106841584,3.117831683,-3.826871287
10,0.4-8,-1.9797708982284816,-1.35980198,3.117831683,-3.826871287
10,0.4-8,-3.241314736975342,-2.768168317,3.117831683,-3.826871287
10,0.4-8,-3.5765734471657487,-3.574336634,3.117831683,-3.826871287
10,0.4-8,-2.278999504805022,-2.797306931,3.117831683,-3.826871287
10,0.4-8,-0.9014730756844496,-1.291811881,3.117831683,-3.826871287
10,0.4-8,0.2834930345266682,-0.048564356,3.117831683,-3.826871287
10,0.4-8,1.4661850009866415,1.010138614,3.117831683,-3.826871287
10,0.4-8,2.663841247669392,2.447643564,3.117831683,-3.826871287
10,0.4-8,2.8629880329705086,2.855584158,3.117831683,-3.826871287
10,0.4-8,2.472091116881639,2.739029703,3.117831683,-3.826871287
10,0.4-8,1.438459654695766,1.796881188,3.117831683,-3.826871287
10,0.4-8,0.019516832666813,0.60219802,3.117831683,-3.826871287
10,0.4-8,-1.1624678844046217,-0.699326733,3.117831683,-3.826871287
10,0.4-8,-2.619733288475324,-2.214534653,3.117831683,-3.826871287
10,0.4-8,-3.581608007898504,-3.282950495,3.117831683,-3.826871287
10,0.4-8,-3.004708375092912,-3.409217822,3.117831683,-3.826871287
10,0.4-8,-1.5402139240601564,-2.078554455,3.117831683,-3.826871287
10,0.4-8,-0.393752211201379,-0.621623762,3.117831683,-3.826871287
10,0.4-8,0.8614041404025765,0.398227723,3.117831683,-3.826871287
10,0.4-8,2.079099965455352,1.806594059,3.117831683,-3.826871287
10,0.4-8,2.908635466399549,2.729316832,3.117831683,-3.826871287
10,0.4-8,2.654236194006569,3.010990099,3.117831683,-3.826871287
10,0.4-8,1.9505650093946445,2.214534653,3.117831683,-3.826871287
10,0.4-8,0.6706169970923836,1.233534653,3.117831683,-3.826871287
10,0.4-8,-0.6568398188788044,-0.097128713,3.117831683,-3.826871287
10,0.4-8,-1.9486712516604252,-1.369514851,3.117831683,-3.826871287
10,0.4-8,-3.236944317569082,-2.777881188,3.117831683,-3.826871287
10,0.4-8,-3.646565735586802,-3.749168317,3.117831683,-3.826871287
10,0.4-8,-2.351427902009833,-2.748742574,3.117831683,-3.826871287
10,0.4-8,-0.9539226289316748,-1.311237624,3.117831683,-3.826871287
10,0.4-8,0.1008081942171613,-0.07770297,3.117831683,-3.826871287
10,0.4-8,1.3870936576889337,1.029564356,3.117831683,-3.826871287
10,0.4-8,2.5696816437879675,2.34080198,3.117831683,-3.826871287
10,0.4-8,2.8507849796529143,3.001277228,3.117831683,-3.826871287
10,0.4-8,2.4553311859582023,2.729316832,3.117831683,-3.826871287
10,0.4-8,1.3236837499462406,1.845445545,3.117831683,-3.826871287
10,0.4-8,-0.0376144385440742,0.543920792,3.117831683,-3.826871287
10,0.4-8,-1.262790660193314,-0.738178218,3.117831683,-3.826871287
10,0.4-8,-2.7187246294649143,-2.175683168,3.117831683,-3.826871287
10,0.4-8,-3.668983434993908,-3.302376238,3.117831683,-3.826871287
10,0.4-8,-3.206835975742323,-3.360653465,3.117831683,-3.826871287
10,0.4-8,-1.5781346539258476,-2.059128713,3.117831683,-3.826871287
10,0.4-8,-0.3395742828841237,-0.718752475,3.117831683,-3.826871287
10,0.4-8,0.7773037765221169,0.466217822,3.117831683,-3.826871287
10,0.4-8,2.169056713556294,1.728891089,3.117831683,-3.826871287
10,0.4-8,2.8440657932894213,2.923574257,3.117831683,-3.826871287
10,0.4-8,2.7101902374328453,2.777881188,3.117831683,-3.826871287
10,0.4-8,1.9644482298729768,2.447643564,3.117831683,-3.826871287
10,0.4-8,0.7385030844693884,1.165544554,3.117831683,-3.826871287
10,0.4-8,-0.6656160202934248,-0.087415842,3.117831683,-3.826871287
10,0.4-8,-1.997668226300763,-1.534633663,3.117831683,-3.826871287
10,0.4-8,-3.1730620567288894,-2.787594059,3.117831683,-3.826871287
10,0.4-8,-3.5886888000555177,-3.564623762,3.117831683,-3.826871287
10,0.4-8,-2.399797470715044,-2.768168317,3.117831683,-3.826871287
10,0.4-8,-0.8402038418840566,-1.408366337,3.117831683,-3.826871287
10,0.4-8,0.2756962839477819,-0.009712871,3.117831683,-3.826871287
10,0.4-8,1.50982024296163,0.942148515,3.117831683,-3.826871287
10,0.4-8,2.8116876867851155,2.525346535,3.117831683,-3.826871287
10,0.4-8,2.947315588504182,2.894435644,3.117831683,-3.826871287
10,0.4-8,2.545313818726266,2.807019802,3.117831683,-3.826871287
10,0.4-8,1.4752083042831696,1.826019802,3.117831683,-3.826871287
10,0.4-8,0.0867350106101295,0.534207921,3.117831683,-3.826871287
10,0.4-8,-1.338728429771345,-0.689613861,3.117831683,-3.826871287
10,0.4-8,-2.617262985092806,-2.233960396,3.117831683,-3.826871287
10,0.4-8,-3.5795536982609324,-3.273237624,3.117831683,-3.826871287
10,0.4-8,-2.967975024604665,-3.438356436,3.117831683,-3.826871287
10,0.4-8,-1.4802500905952307,-2.010564356,3.117831683,-3.826871287
10,0.4-8,-0.1910025732984818,-0.670188119,3.117831683,-3.826871287
10,0.4-8,0.8186410202107552,0.475930693,3.117831683,-3.826871287
10,0.4-8,2.2652102433214822,1.806594059,3.117831683,-3.826871287
10,0.4-8,3.042624133440351,2.845871287,3.117831683,-3.826871287
10,0.4-8,2.843285551446697,2.952712871,3.117831683,-3.826871287
10,0.4-8,2.112751949199484,2.311663366,3.117831683,-3.826871287
10,0.4-8,0.8608877230554698,1.350089109,3.117831683,-3.826871287
10,0.4-8,-0.5693184524890711,-0.165118812,3.117831683,-3.826871287
10,0.4-8,-2.015582946564483,-1.418079208,3.117831683,-3.826871287
10,0.4-8,-3.220280979881579,-2.913861386,3.117831683,-3.826871287
10,0.4-8,-3.478242479165788,-3.554910891,3.117831683,-3.826871287
10,0.4-8,-2.2703332452447595,-2.787594059,3.117831683,-3.826871287
10,0.4-8,-0.8181016432000886,-1.233534653,3.117831683,-3.826871287
10,0.4-8,0.3826497474394993,-0.087415842,3.117831683,-3.826871287
10,0.4-8,1.4833884692012798,1.116980198,3.117831683,-3.826871287
10,0.4-8,2.8519395405584334,2.389366337,3.117831683,-3.826871287
10,0.4-8,3.0075095048488625,3.078980198,3.117831683,-3.826871287
10,0.4-8,2.6530588109187536,2.680752475,3.117831683,-3.826871287
10,0.4-8,1.4582850373132712,1.923148515,3.117831683,-3.826871287
10,0.4-8,0.1996802298573844,0.573059406,3.117831683,-3.826871287
10,0.4-8,-1.237961740613171,-0.728465347,3.117831683,-3.826871287
10,0.4-8,-2.6469447401359334,-2.26309901,3.117831683,-3.826871287
10,0.4-8,-3.5055645690985933,-3.380079208,3.117831683,-3.826871287
10,0.4-8,-2.902475304844139,-3.457782178,3.117831683,-3.826871287
10,0.4-8,-1.4708150854322255,-1.962,3.117831683,-3.826871287
10,0.4-8,-0.1107897773585485,-0.650762376,3.117831683,-3.826871287
10,0.4-8,0.993185418674471,0.475930693,3.117831683,-3.826871287
10,0.4-8,2.311562732290902,1.806594059,3.117831683,-3.826871287
10,0.4-8,3.146375118172632,2.875009901,3.117831683,-3.826871287
10,0.4-8,2.9132892831239734,2.894435644,3.117831683,-3.826871287
10,0.4-8,2.203594038678552,2.41850495,3.117831683,-3.826871287
10,0.4-8,0.847562915833353,1.340376238,3.117831683,-3.826871287
10,0.4-8,-0.46845284228522,-0.135980198,3.117831683,-3.826871287
10,0.4-8,-1.9393231011648224,-1.524920792,3.117831683,-3.826871287
10,0.4-8,-3.188568742146812,-2.826445545,3.117831683,-3.826871287
10,0.4-8,-3.44095246531992,-3.661752475,3.117831683,-3.826871287
10,0.4-8,-2.0512253357238888,-2.71960396,3.117831683,-3.826871287
10,0.4-8,-0.777079146026176,-1.28209901,3.117831683,-3.826871287
10,0.4-8,0.4431438470743527,0.067990099,3.117831683,-3.826871287
10,0.4-8,1.5810756974604163,0.883871287,3.117831683,-3.826871287
10,0.4-8,2.899393885997658,2.593336634,3.117831683,-3.826871287
10,0.4-8,3.1189029494466283,2.86529703,3.117831683,-3.826871287
10,0.4-8,2.729806505530778,2.845871287,3.117831683,-3.826871287
10,0.4-8,1.499924161706483,1.855158416,3.117831683,-3.826871287
10,0.4-8,0.0924282066591424,0.563346535,3.117831683,-3.826871287
10,0.4-8,-1.1895334506385198,-0.854732673,3.117831683,-3.826871287
10,0.4-8,-2.606986115244603,-2.214534653,3.117831683,-3.826871287
10,0.4-8,-3.5541159063045007,-3.428643564,3.117831683,-3.826871287
10,0.4-8,-2.897711415293489,-3.389792079,3.117831683,-3.826871287
10,0.4-8,-1.4077876255006831,-2.000851485,3.117831683,-3.826871287
10,0.4-8,-0.1488701397448706,-0.60219802,3.117831683,-3.826871287
10,0.4-8,1.012869600575618,0.45650495,3.117831683,-3.826871287
10,0.4-8,2.3198526004473594,1.806594059,3.117831683,-3.826871287
10,0.4-8,3.162260443736599,2.894435644,3.117831683,-3.826871287
10,0.4-8,2.9549884544658007,2.933287129,3.117831683,-3.826871287
10,0.4-8,2.2360431861197343,2.41850495,3.117831683,-3.826871287
10,0.4-8,0.9023066627132252,1.233534653,3.117831683,-3.826871287
10,0.4-8,-0.3507356529173701,-0.087415842,3.117831683,-3.826871287
10,0.4-8,-1.9037605718706536,-1.554059406,3.117831683,-3.826871287
10,0.4-8,-3.2163664332124826,-2.943,3.117831683,-3.826871287
10,0.4-8,-3.4134840622314964,-3.661752475,3.117831683,-3.826871287
10,0.4-8,-2.1513167910762245,-2.777881188,3.117831683,-3.826871287
10,0.4-8,-0.8319444163719406,-1.320950495,3.117831683,-3.826871287
10,0.4-8,0.3616382347149539,-0.009712871,3.117831683,-3.826871287
10,0.4-8,1.6488300876550963,1.068415842,3.117831683,-3.826871287
10,0.4-8,2.8231997156463784,2.544772277,3.117831683,-3.826871287
10,0.4-8,3.0251616694384533,3.049841584,3.117831683,-3.826871287
10,0.4-8,2.6145196379483293,2.671039604,3.117831683,-3.826871287
10,0.4-8,1.5668930300276602,1.942574257,3.117831683,-3.826871287
10,0.4-8,0.0663476215587239,0.475930693,3.117831683,-3.826871287
10,0.4-8,-1.2481362320899652,-0.738178218,3.117831683,-3.826871287
10,0.4-8,-2.666705776157737,-2.350514851,3.117831683,-3.826871287
10,0.4-8,-3.634261433335952,-3.370366337,3.117831683,-3.826871287
10,0.4-8,-2.995799511088563,-3.554910891,3.117831683,-3.826871287
10,0.4-8,-1.537906328892264,-2.010564356,3.117831683,-3.826871287
10,0.4-8,-0.3556028600615853,-0.796455446,3.117831683,-3.826871287
10,0.4-8,0.857841104226443,0.543920792,3.117831683,-3.826871287
10,0.4-8,2.292026578721229,1.709465347,3.117831683,-3.826871287
10,0.4-8,2.9304161537062354,2.943,3.117831683,-3.826871287
10,0.4-8,2.820444806053904,2.894435644,3.117831683,-3.826871287
10,0.4-8,2.1263364453203013,2.612762376,3.117831683,-3.826871287
10,0.4-8,0.733999305710139,1.223821782,3.117831683,-3.826871287
10,0.4-8,-0.7312998125634712,-0.213683168,3.117831683,-3.826871287
10,0.4-8,-2.089412369179108,-1.58319802,3.117831683,-3.826871287
10,0.4-8,-3.296146815061936,-2.952712871,3.117831683,-3.826871287
10,0.4-8,-3.616588087198791,-3.593762376,3.117831683,-3.826871287
10,0.4-8,-2.2984547161353217,-2.758455446,3.117831683,-3.826871287
10,0.4-8,-0.8128914305799925,-1.28209901,3.117831683,-3.826871287
10,0.4-8,0.2398964007655884,-0.019425743,3.117831683,-3.826871287
10,0.4-8,1.5398770239690638,0.961574257,3.117831683,-3.826871287
10,0.4-8,2.7925839940489228,2.583623762,3.117831683,-3.826871287
10,0.4-8,2.966451085653796,3.001277228,3.117831683,-3.826871287
10,0.4-8,2.5932600600958566,2.836158416,3.117831683,-3.826871287
10,0.4-8,1.457341028344424,1.923148515,3.117831683,-3.826871287
10,0.4-8,0.1374000801526237,0.495356436,3.117831683,-3.826871287
10,0.4-8,-1.406615719400537,-0.786742574,3.117831683,-3.826871287
10,0.4-8,-2.6500283480344287,-2.321376238,3.117831683,-3.826871287
10,0.4-8,-3.55266834098074,-3.409217822,3.117831683,-3.826871287
10,0.4-8,-3.03666677812307,-3.360653465,3.117831683,-3.826871287
10,0.4-8,-1.5432896097818656,-2.078554455,3.117831683,-3.826871287
10,0.4-8,-0.1510489764822126,-0.621623762,3.117831683,-3.826871287
10,0.4-8,0.8741106817126824,0.427366337,3.117831683,-3.826871287
10,0.4-8,2.3808654503785776,1.874584158,3.117831683,-3.826871287
10,0.4-8,3.0853142398803364,2.894435644,3.117831683,-3.826871287
10,0.4-8,2.9110034352455463,3.040128713,3.117831683,-3.826871287
10,0.4-8,2.1689603723316435,2.437930693,3.117831683,-3.826871287
10,0.4-8,0.934767832362,1.28209901,3.117831683,-3.826871287
10,0.4-8,-0.5826168220845909,-0.174831683,3.117831683,-3.826871287
10,0.4-8,-2.0049293495709635,-1.544346535,3.117831683,-3.826871287
10,0.4-8,-3.31738543597789,-2.981851485,3.117831683,-3.826871287
10,0.4-8,-3.495709801313857,-3.661752475,3.117831683,-3.826871287
10,0.4-8,-2.2143595897760098,-2.739029703,3.117831683,-3.826871287
10,0.4-8,-0.7393436290499645,-1.291811881,3.117831683,-3.826871287
10,0.4-8,0.4012299778474574,0.0,3.117831683,-3.826871287
10,0.4-8,1.6025586423115712,1.078128713,3.117831683,-3.826871287
10,0.4-8,2.9263638857372136,2.554485149,3.117831683,-3.826871287
10,0.4-8,3.0829287249421977,3.030415842,3.117831683,-3.826871287
10,0.4-8,2.658426643176961,2.661326733,3.117831683,-3.826871287
10,0.4-8,1.627953522394098,1.942574257,3.117831683,-3.826871287
10,0.4-8,0.1983766156281839,0.543920792,3.117831683,-3.826871287
10,0.4-8,-1.2841992389332204,-0.815881188,3.117831683,-3.826871287
10,0.4-8,-2.60081192527398,-2.331089109,3.117831683,-3.826871287
10,0.4-8,-3.586218874169291,-3.389792079,3.117831683,-3.826871287
10,0.4-8,-3.0541939392804447,-3.409217822,3.117831683,-3.826871287
10,0.4-8,-1.5479036459153317,-2.029990099,3.117831683,-3.826871287
10,0.4-8,-0.1483741002695859,-0.796455446,3.117831683,-3.826871287
10,0.4-8,0.9266187832706908,0.514782178,3.117831683,-3.826871287
10,0.4-8,2.420051030379104,1.826019802,3.117831683,-3.826871287
10,0.4-8,3.1426718232623783,3.010990099,3.117831683,-3.826871287
10,0.4-8,2.981552604383942,2.787594059,3.117831683,-3.826871287
10,0.4-8,2.237926770367316,2.612762376,3.117831683,-3.826871287
10,0.4-8,0.935104927072233,1.194683168,3.117831683,-3.826871287
10,0.4-8,-0.51503816888608,-0.174831683,3.117831683,-3.826871287
10,0.4-8,-1.927813275345394,-1.573485149,3.117831683,-3.826871287
10,0.4-8,-3.131742855051572,-2.913861386,3.117831683,-3.826871287
10,0.4-8,-3.472921843975314,-3.661752475,3.117831683,-3.826871287
10,0.4-8,-2.168813269915949,-2.700178218,3.117831683,-3.826871287
10,0.4-8,-0.8862207185025349,-1.369514851,3.117831683,-3.826871287
10,0.4-8,0.3969864244072768,0.029138614,3.117831683,-3.826871287
10,0.4-8,1.5255533442367164,1.029564356,3.117831683,-3.826871287
10,0.4-8,2.910148311455265,2.671039604,3.117831683,-3.826871287
10,0.4-8,3.042872962890069,3.02070297,3.117831683,-3.826871287
10,0.4-8,2.689530105115346,2.836158416,3.117831683,-3.826871287
10,0.4-8,1.440941158267496,1.932861386,3.117831683,-3.826871287
10,0.4-8,0.0870192427625731,0.495356436,3.117831683,-3.826871287
10,0.4-8,-1.3258784409986617,-0.777029703,3.117831683,-3.826871287
10,0.4-8,-2.785034740656104,-2.379653465,3.117831683,-3.826871287
10,0.4-8,-3.706123994241434,-3.39950495,3.117831683,-3.826871287
10,0.4-8,-2.9527347873759204,-3.409217822,3.117831683,-3.826871287
10,0.4-8,-1.4887002248526553,-1.991138614,3.117831683,-3.826871287
10,0.4-8,-0.2185187006386526,-0.718752475,3.117831683,-3.826871287
10,0.4-8,0.9952106268298624,0.52449505,3.117831683,-3.826871287
10,0.4-8,2.2957303372980413,1.874584158,3.117831683,-3.826871287
10,0.4-8,3.161438081400769,2.913861386,3.117831683,-3.826871287
10,0.4-8,2.901481131387607,2.972138614,3.117831683,-3.826871287
10,0.4-8,2.172239681973813,2.41850495,3.117831683,-3.826871287
10,0.4-8,0.6611762331076242,1.155831683,3.117831683,-3.826871287
10,0.4-8,-0.7618484655033454,-0.398227723,3.117831683,-3.826871287
10,0.4-8,-2.167288453231498,-1.728891089,3.117831683,-3.826871287
10,0.4-8,-3.169257140984361,-3.069267327,3.117831683,-3.826871287
10,0.4-8,-2.9704794938005668,-3.224673267,3.117831683,-3.826871287
10,0.4-8,-1.6409961175081218,-2.214534653,3.117831683,-3.826871287
10,0.4-8,-0.3778922514008798,-0.699326733,3.117831683,-3.826871287
10,0.4-8,0.6635650169174334,0.310811881,3.117831683,-3.826871287
10,0.4-8,1.6773396255796702,1.418079208,3.117831683,-3.826871287
10,0.4-8,2.023959449352471,1.903722772,3.117831683,-3.826871287
10,0.4-8,1.7609626447768192,1.962,3.117831683,-3.826871287
10,0.4-8,1.2809800965418283,1.398653465,3.117831683,-3.826871287
10,0.4-8,0.7062479894706624,1.010138614,3.117831683,-3.826871287
10,0.4-8,-0.2141901720375703,0.009712871,3.117831683,-3.826871287
10,0.4-8,-1.0284705263034892,-0.806168317,3.117831683,-3.826871287
10,0.4-8,-1.6979718618639814,-1.66090099,3.117831683,-3.826871287
10,0.4-8,-1.6167570083084013,-1.728891089,3.117831683,-3.826871287
10,0.4-8,-0.8665597525947907,-1.214108911,3.117831683,-3.826871287
10,0.4-8,0.0304615949592469,-0.417653465,3.117831683,-3.826871287
10,0.4-8,0.5029557175238948,0.252534653,3.117831683,-3.826871287
10,0.4-8,0.9079195971325305,0.553633663,3.117831683,-3.826871287
10,0.4-8,0.9653398749877776,0.806168317,3.117831683,-3.826871287
10,0.4-8,0.6335838784740775,0.592485149,3.117831683,-3.826871287
10,0.4-8,0.2626228713258675,0.106841584,3.117831683,-3.826871287
10,0.4-8,0.101482937380289,-0.087415842,3.117831683,-3.826871287
10,0.4-8,0.0309659048948356,-0.194257426,3.117831683,-3.826871287
10,0.4-8,0.0958988937230366,-0.252534653,3.117831683,-3.826871287
10,0.4-8,0.2286230026498935,-0.058277228,3.117831683,-3.826871287
10,0.4-8,0.2628261751740578,0.019425743,3.117831683,-3.826871287
10,0.4-8,0.1904185196965439,-0.07770297,3.117831683,-3.826871287
10,0.4-8,0.1416146104529424,-0.106841584,3.117831683,-3.826871287
10,0.4-8,0.1540677208520082,-0.184544554,3.117831683,-3.826871287
10,0.4-8,0.2348183382120318,0.0,3.117831683,-3.826871287
8,0.7-6.4,-0.0234948754784802,0.0,6.206524752,-6.847574257
8,0.7-6.4,-0.0071321166812474,-0.067990099,6.206524752,-6.847574257
8,0.7-6.4,-0.0180478073517184,-0.058277228,6.206524752,-6.847574257
8,0.7-6.4,-0.0227451388195193,-0.097128713,6.206524752,-6.847574257
8,0.7-6.4,0.0541825638148484,-0.009712871,6.206524752,-6.847574257
8,0.7-6.4,0.3569468294509607,0.291386139,6.206524752,-6.847574257
8,0.7-6.4,0.6571087310513499,0.641049505,6.206524752,-6.847574257
8,0.7-6.4,0.5294394615629656,0.553633663,6.206524752,-6.847574257
8,0.7-6.4,0.0624086733858765,-0.038851485,6.206524752,-6.847574257
8,0.7-6.4,-0.6097800964187221,-0.660475248,6.206524752,-6.847574257
8,0.7-6.4,-1.3677415464391074,-1.495782178,6.206524752,-6.847574257
8,0.7-6.4,-1.6775355998332229,-1.66090099,6.206524752,-6.847574257
8,0.7-6.4,-1.3734393536421925,-1.35980198,6.206524752,-6.847574257
8,0.7-6.4,-0.7897640969316782,-0.718752475,6.206524752,-6.847574257
8,0.7-6.4,-0.1502520905676398,-0.087415842,6.206524752,-6.847574257
8,0.7-6.4,0.3888074716358006,0.407940594,6.206524752,-6.847574257
8,0.7-6.4,1.1730001967499215,1.330663366,6.206524752,-6.847574257
8,0.7-6.4,1.997457802577264,2.117405941,6.206524752,-6.847574257
8,0.7-6.4,2.584648172413199,2.671039604,6.206524752,-6.847574257
8,0.7-6.4,2.5675913381120195,2.389366337,6.206524752,-6.847574257
8,0.7-6.4,2.064838275690282,1.709465347,6.206524752,-6.847574257
8,0.7-6.4,1.101861356139092,0.670188119,6.206524752,-6.847574257
8,0.7-6.4,0.0166461303474941,-0.330237624,6.206524752,-6.847574257
8,0.7-6.4,-1.2017479173196723,-1.631762376,6.206524752,-6.847574257
8,0.7-6.4,-2.5460409877814096,-3.117831683,6.206524752,-6.847574257
8,0.7-6.4,-4.146384529029884,-4.652465347,6.206524752,-6.847574257
8,0.7-6.4,-4.294813413208687,-4.030841584,6.206524752,-6.847574257
8,0.7-6.4,-2.9817250703162315,-2.836158416,6.206524752,-6.847574257
8,0.7-6.4,-2.046912328911777,-1.622049505,6.206524752,-6.847574257
8,0.7-6.4,-0.8835372732657685,-0.52449505,6.206524752,-6.847574257
8,0.7-6.4,0.3054637532981477,0.573059406,6.206524752,-6.847574257
8,0.7-6.4,1.9494822574035404,2.428217822,6.206524752,-6.847574257
8,0.7-6.4,3.958615639882731,4.38050495,6.206524752,-6.847574257
8,0.7-6.4,5.423736418536245,5.652891089,6.206524752,-6.847574257
8,0.7-6.4,5.146203966084125,4.60390099,6.206524752,-6.847574257
8,0.7-6.4,3.695021228326715,3.380079208,6.206524752,-6.847574257
8,0.7-6.4,2.30736518913162,1.699752475,6.206524752,-6.847574257
8,0.7-6.4,0.5222858565170995,-0.07770297,6.206524752,-6.847574257
8,0.7-6.4,-1.0578333340431365,-1.73860396,6.206524752,-6.847574257
8,0.7-6.4,-2.8200696774190903,-3.661752475,6.206524752,-6.847574257
8,0.7-6.4,-5.0443896397595696,-5.905425743,6.206524752,-6.847574257
8,0.7-6.4,-6.715032025663117,-6.808722772,6.206524752,-6.847574257
8,0.7-6.4,-5.206179167653006,-4.069693069,6.206524752,-6.847574257
8,0.7-6.4,-3.19968826591122,-2.777881188,6.206524752,-6.847574257
8,0.7-6.4,-1.841479388667811,-1.223821782,6.206524752,-6.847574257
8,0.7-6.4,-0.2356475438483108,0.339950495,6.206524752,-6.847574257
8,0.7-6.4,1.2970735261506374,2.175683168,6.206524752,-6.847574257
8,0.7-6.4,3.3337779700824552,4.176534653,6.206524752,-6.847574257
8,0.7-6.4,5.145409156966915,5.856861386,6.206524752,-6.847574257
8,0.7-6.4,6.100146377370549,5.711168317,6.206524752,-6.847574257
8,0.7-6.4,5.007167528457872,4.030841584,6.206524752,-6.847574257
8,0.7-6.4,3.698416932296819,2.739029703,6.206524752,-6.847574257
8,0.7-6.4,2.07915827713491,0.796455446,6.206524752,-6.847574257
8,0.7-6.4,0.0721447220426241,-0.913009901,6.206524752,-6.847574257
8,0.7-6.4,-1.3641036837412974,-2.282524752,6.206524752,-6.847574257
8,0.7-6.4,-2.8497040708496413,-4.30280198,6.206524752,-6.847574257
8,0.7-6.4,-5.023473287523028,-6.517336634,6.206524752,-6.847574257
8,0.7-6.4,-6.685210112839241,-5.876287129,6.206524752,-6.847574257
8,0.7-6.4,-5.1308450030576,-3.788019802,6.206524752,-6.847574257
8,0.7-6.4,-3.1986504268151843,-2.224247525,6.206524752,-6.847574257
8,0.7-6.4,-1.8685190953867423,-0.689613861,6.206524752,-6.847574257
8,0.7-6.4,-0.1528271749103228,1.010138614,6.206524752,-6.847574257
8,0.7-6.4,1.5166736070639883,2.884722772,6.206524752,-6.847574257
8,0.7-6.4,3.3588079735059644,4.652465347,6.206524752,-6.847574257
8,0.7-6.4,5.275622436186219,6.10939604,6.206524752,-6.847574257
8,0.7-6.4,5.939501088504302,5.050693069,6.206524752,-6.847574257
8,0.7-6.4,4.418246781039963,3.690891089,6.206524752,-6.847574257
8,0.7-6.4,3.16140770550402,2.156257426,6.206524752,-6.847574257
8,0.7-6.4,1.199247595791627,0.0,6.206524752,-6.847574257
8,0.7-6.4,-0.5498843184697737,-1.427792079,6.206524752,-6.847574257
8,0.7-6.4,-2.013104998841774,-2.943,6.206524752,-6.847574257
8,0.7-6.4,-3.645287359995188,-5.196386139,6.206524752,-6.847574257
8,0.7-6.4,-5.923698128758698,-6.847574257,6.206524752,-6.847574257
8,0.7-6.4,-6.08270052587548,-4.749594059,6.206524752,-6.847574257
8,0.7-6.4,-3.9840976435704754,-3.127544554,6.206524752,-6.847574257
8,0.7-6.4,-2.536068552750643,-1.816306931,6.206524752,-6.847574257
8,0.7-6.4,-0.9140440833430488,0.029138614,6.206524752,-6.847574257
8,0.7-6.4,0.7683005392993799,1.66090099,6.206524752,-6.847574257
8,0.7-6.4,2.797051736871597,3.749168317,6.206524752,-6.847574257
8,0.7-6.4,4.6210808430654255,5.28380198,6.206524752,-6.847574257
8,0.7-6.4,5.855658334310097,5.80829703,6.206524752,-6.847574257
8,0.7-6.4,5.109219211262252,4.390217822,6.206524752,-6.847574257
8,0.7-6.4,3.7400178434552505,3.214960396,6.206524752,-6.847574257
8,0.7-6.4,2.4659215568614328,1.515207921,6.206524752,-6.847574257
8,0.7-6.4,0.3821514202348064,-0.573059406,6.206524752,-6.847574257
8,0.7-6.4,-1.1466457529294836,-1.991138614,6.206524752,-6.847574257
8,0.7-6.4,-2.744399020934603,-3.70060396,6.206524752,-6.847574257
8,0.7-6.4,-4.633549326927115,-5.847148515,6.206524752,-6.847574257
8,0.7-6.4,-6.4710613360149445,-6.56590099,6.206524752,-6.847574257
8,0.7-6.4,-5.197566915900324,-3.962851485,6.206524752,-6.847574257
8,0.7-6.4,-3.2715684155395386,-2.593336634,6.206524752,-6.847574257
8,0.7-6.4,-2.0706018537993067,-1.184970297,6.206524752,-6.847574257
8,0.7-6.4,-0.4405644201872154,0.417653465,6.206524752,-6.847574257
8,0.7-6.4,1.361424125352618,2.408792079,6.206524752,-6.847574257
8,0.7-6.4,3.391665670472908,4.244524752,6.206524752,-6.847574257
8,0.7-6.4,5.066180443642646,5.66260396,6.206524752,-6.847574257
8,0.7-6.4,6.050842008732952,5.604326733,6.206524752,-6.847574257
8,0.7-6.4,4.620655213551779,3.768594059,6.206524752,-6.847574257
8,0.7-6.4,3.3379365350074344,2.680752475,6.206524752,-6.847574257
8,0.7-6.4,1.8839157565616844,0.670188119,6.206524752,-6.847574257
8,0.7-6.4,-0.0945534552733003,-1.05870297,6.206524752,-6.847574257
8,0.7-6.4,-1.585452007662473,-2.408792079,6.206524752,-6.847574257
8,0.7-6.4,-3.2966812138103228,-4.419356436,6.206524752,-6.847574257
8,0.7-6.4,-5.449316853412817,-6.527049505,6.206524752,-6.847574257
8,0.7-6.4,-6.4062466547707695,-5.50719802,6.206524752,-6.847574257
8,0.7-6.4,-4.382724236015906,-3.418930693,6.206524752,-6.847574257
8,0.7-6.4,-2.953152937917206,-2.233960396,6.206524752,-6.847574257
8,0.7-6.4,-1.6271490584671482,-0.582772277,6.206524752,-6.847574257
8,0.7-6.4,-0.0618608751917966,1.05870297,6.206524752,-6.847574257
8,0.7-6.4,1.7782929545148267,3.078980198,6.206524752,-6.847574257
8,0.7-6.4,3.636522843904397,4.866148515,6.206524752,-6.847574257
8,0.7-6.4,5.376562437242313,6.206524752,6.206524752,-6.847574257
8,0.7-6.4,5.900545318479372,4.535910891,6.206524752,-6.847574257
8,0.7-6.4,4.326048840941283,3.292663366,6.206524752,-6.847574257
8,0.7-6.4,3.2366024339527004,2.088267327,6.206524752,-6.847574257
8,0.7-6.4,1.6061859355169656,0.087415842,6.206524752,-6.847574257
8,0.7-6.4,-0.2173218716983645,-1.544346535,6.206524752,-6.847574257
8,0.7-6.4,-1.8642769238738608,-3.234386139,6.206524752,-6.847574257
8,0.7-6.4,-3.7913321420641135,-5.380930693,6.206524752,-6.847574257
8,0.7-6.4,-5.959268145742105,-6.692168317,6.206524752,-6.847574257
8,0.7-6.4,-5.978117420393369,-4.176534653,6.206524752,-6.847574257
8,0.7-6.4,-3.6618298393960673,-3.030415842,6.206524752,-6.847574257
8,0.7-6.4,-2.4881791418572856,-1.680326733,6.206524752,-6.847574257
8,0.7-6.4,-0.9677424051653696,-0.048564356,6.206524752,-6.847574257
8,0.7-6.4,0.6758305301358015,1.845445545,6.206524752,-6.847574257
8,0.7-6.4,2.668182924883567,3.739455446,6.206524752,-6.847574257
8,0.7-6.4,4.340355114265454,5.36150495,6.206524752,-6.847574257
8,0.7-6.4,5.906352378185227,5.769445545,6.206524752,-6.847574257
8,0.7-6.4,5.160076432868314,3.856009901,6.206524752,-6.847574257
8,0.7-6.4,3.5115076038070026,2.86529703,6.206524752,-6.847574257
8,0.7-6.4,2.3239642496775472,1.350089109,6.206524752,-6.847574257
8,0.7-6.4,0.4843468888372831,-0.60219802,6.206524752,-6.847574257
8,0.7-6.4,-1.3628168148809825,-2.18539604,6.206524752,-6.847574257
8,0.7-6.4,-2.9181058670882902,-3.875435644,6.206524752,-6.847574257
8,0.7-6.4,-5.095527634724936,-6.041405941,6.206524752,-6.847574257
8,0.7-6.4,-6.487323560515691,-6.021980198,6.206524752,-6.847574257
8,0.7-6.4,-4.479874597184568,-3.632613861,6.206524752,-6.847574257
8,0.7-6.4,-2.9079746950002394,-2.593336634,6.206524752,-6.847574257
8,0.7-6.4,-1.7260101494416218,-1.223821782,6.206524752,-6.847574257
8,0.7-6.4,0.0530892005698749,0.582772277,6.206524752,-6.847574257
8,0.7-6.4,1.9744760408482844,2.544772277,6.206524752,-6.847574257
8,0.7-6.4,3.8670217633230175,4.438782178,6.206524752,-6.847574257
8,0.7-6.4,5.479619828158886,5.915138614,6.206524752,-6.847574257
8,0.7-6.4,5.7523532279328204,5.138108911,6.206524752,-6.847574257
8,0.7-6.4,4.142714813958025,3.642326733,6.206524752,-6.847574257
8,0.7-6.4,3.0603577596836047,2.408792079,6.206524752,-6.847574257
8,0.7-6.4,1.5394809951903774,0.747891089,6.206524752,-6.847574257
8,0.7-6.4,-0.1671654879128958,-1.155831683,6.206524752,-6.847574257
8,0.7-6.4,-1.843091523436303,-2.632188119,6.206524752,-6.847574257
8,0.7-6.4,-3.532744028692007,-4.788445545,6.206524752,-6.847574257
8,0.7-6.4,-5.632443207308681,-6.585326733,6.206524752,-6.847574257
8,0.7-6.4,-6.239132461703838,-4.972990099,6.206524752,-6.847574257
8,0.7-6.4,-4.055969317550201,-3.02070297,6.206524752,-6.847574257
8,0.7-6.4,-2.8239945322600457,-2.233960396,6.206524752,-6.847574257
8,0.7-6.4,-1.6557812807152792,-0.534207921,6.206524752,-6.847574257
8,0.7-6.4,-0.0534342470031933,1.136405941,6.206524752,-6.847574257
8,0.7-6.4,1.723345888975666,3.24409901,6.206524752,-6.847574257
8,0.7-6.4,3.7967920782534743,5.060405941,6.206524752,-6.847574257
8,0.7-6.4,5.621540023788027,6.099683168,6.206524752,-6.847574257
8,0.7-6.4,5.776812450197606,4.399930693,6.206524752,-6.847574257
8,0.7-6.4,4.053047001983794,3.040128713,6.206524752,-6.847574257
8,0.7-6.4,2.928960555124738,1.816306931,6.206524752,-6.847574257
8,0.7-6.4,1.2017845567164689,-0.097128713,6.206524752,-6.847574257
8,0.7-6.4,-0.4209243418453363,-1.680326733,6.206524752,-6.847574257
8,0.7-6.4,-2.103724139470677,-3.457782178,6.206524752,-6.847574257
8,0.7-6.4,-3.883754509599187,-5.516910891,6.206524752,-6.847574257
8,0.7-6.4,-6.047950997679492,-6.585326733,6.206524752,-6.847574257
8,0.7-6.4,-5.541671036830133,-3.826871287,6.206524752,-6.847574257
8,0.7-6.4,-3.2109322974647747,-2.777881188,6.206524752,-6.847574257
8,0.7-6.4,-2.2940337509882305,-1.767742574,6.206524752,-6.847574257
8,0.7-6.4,-0.517622845760052,0.155405941,6.206524752,-6.847574257
8,0.7-6.4,1.5042024769847333,1.962,6.206524752,-6.847574257
8,0.7-6.4,3.7318022535759146,4.040554455,6.206524752,-6.847574257
8,0.7-6.4,5.26163923924202,5.322653465,6.206524752,-6.847574257
8,0.7-6.4,5.886770677037336,5.633465347,6.206524752,-6.847574257
8,0.7-6.4,4.386402699303021,3.836584158,6.206524752,-6.847574257
8,0.7-6.4,3.061849186146596,2.651613861,6.206524752,-6.847574257
8,0.7-6.4,1.6001956297306874,1.039277228,6.206524752,-6.847574257
8,0.7-6.4,-0.1480538401981053,-0.573059406,6.206524752,-6.847574257
8,0.7-6.4,-1.8811867350707103,-2.243673267,6.206524752,-6.847574257
8,0.7-6.4,-3.728172444124444,-4.137683168,6.206524752,-6.847574257
8,0.7-6.4,-5.952358830479197,-6.26480198,6.206524752,-6.847574257
8,0.7-6.4,-5.769338376731608,-5.788871287,6.206524752,-6.847574257
8,0.7-6.4,-3.560139231370521,-3.389792079,6.206524752,-6.847574257
8,0.7-6.4,-2.582729867294113,-2.476782178,6.206524752,-6.847574257
8,0.7-6.4,-1.25579691897557,-1.155831683,6.206524752,-6.847574257
8,0.7-6.4,0.6588455171711562,0.709039604,6.206524752,-6.847574257
8,0.7-6.4,3.037862710825367,2.972138614,6.206524752,-6.847574257
8,0.7-6.4,4.949176172250092,4.934138614,6.206524752,-6.847574257
8,0.7-6.4,6.019392541554533,5.992841584,6.206524752,-6.847574257
8,0.7-6.4,4.629082250954434,4.837009901,6.206524752,-6.847574257
8,0.7-6.4,3.225938148633935,3.282950495,6.206524752,-6.847574257
8,0.7-6.4,1.8499654728028787,2.059128713,6.206524752,-6.847574257
8,0.7-6.4,0.211790374104226,0.252534653,6.206524752,-6.847574257
8,0.7-6.4,-1.4225052410998122,-1.28209901,6.206524752,-6.847574257
8,0.7-6.4,-3.450666107511027,-3.127544554,6.206524752,-6.847574257
8,0.7-6.4,-5.675288754796175,-5.332366337,6.206524752,-6.847574257
8,0.7-6.4,-6.156460777232934,-6.779584158,6.206524752,-6.847574257
8,0.7-6.4,-3.8046784001189713,-4.050267327,6.206524752,-6.847574257
8,0.7-6.4,-2.729118904564772,-2.894435644,6.206524752,-6.847574257
8,0.7-6.4,-1.469662784669728,-1.855158416,6.206524752,-6.847574257
8,0.7-6.4,0.2085909384578483,-0.242821782,6.206524752,-6.847574257
8,0.7-6.4,2.1933725922712566,1.787168317,6.206524752,-6.847574257
8,0.7-6.4,4.21594588131841,3.652039604,6.206524752,-6.847574257
8,0.7-6.4,5.83135073379386,5.439207921,6.206524752,-6.847574257
8,0.7-6.4,5.170842394391818,5.788871287,6.206524752,-6.847574257
8,0.7-6.4,3.57528378637107,4.050267327,6.206524752,-6.847574257
8,0.7-6.4,2.20418550433252,2.777881188,6.206524752,-6.847574257
8,0.7-6.4,0.2247499533145588,1.379227723,6.206524752,-6.847574257
8,0.7-6.4,-1.273348539275609,-0.369089109,6.206524752,-6.847574257
8,0.7-6.4,-3.044223804258004,-1.942574257,6.206524752,-6.847574257
8,0.7-6.4,-5.256646860061449,-3.924,6.206524752,-6.847574257
8,0.7-6.4,-6.500181605352415,-6.157960396,6.206524752,-6.847574257
8,0.7-6.4,-4.237622195038806,-6.352217822,6.206524752,-6.847574257
8,0.7-6.4,-2.5921708771408296,-3.418930693,6.206524752,-6.847574257
8,0.7-6.4,-1.6558978151135588,-2.399079208,6.206524752,-6.847574257
8,0.7-6.4,0.175716332904148,-1.369514851,6.206524752,-6.847574257
8,0.7-6.4,2.3173065126689765,0.388514851,6.206524752,-6.847574257
8,0.7-6.4,4.337989430333269,2.447643564,6.206524752,-6.847574257
8,0.7-6.4,5.798962553516375,4.477633663,6.206524752,-6.847574257
8,0.7-6.4,5.475164421167401,5.96370297,6.206524752,-6.847574257
8,0.7-6.4,3.911892185326884,5.099257426,6.206524752,-6.847574257
8,0.7-6.4,2.672532215572123,3.661752475,6.206524752,-6.847574257
8,0.7-6.4,0.8703195124779478,2.399079208,6.206524752,-6.847574257
8,0.7-6.4,-0.8350896716114173,0.738178218,6.206524752,-6.847574257
8,0.7-6.4,-2.554228091805488,-0.942148515,6.206524752,-6.847574257
8,0.7-6.4,-4.823656877736965,-2.64190099,6.206524752,-6.847574257
8,0.7-6.4,-6.623661782542087,-4.895287129,6.206524752,-6.847574257
8,0.7-6.4,-5.020856637064765,-6.779584158,6.206524752,-6.847574257
8,0.7-6.4,-3.1081515923641576,-5.050693069,6.206524752,-6.847574257
8,0.7-6.4,-2.1509721412469114,-3.02070297,6.206524752,-6.847574257
8,0.7-6.4,-0.6116486438909023,-2.03970297,6.206524752,-6.847574257
8,0.7-6.4,1.2445346211872708,-0.689613861,6.206524752,-6.847574257
8,0.7-6.4,3.256246696341724,1.165544554,6.206524752,-6.847574257
8,0.7-6.4,5.206775761258277,3.282950495,6.206524752,-6.847574257
8,0.7-6.4,5.540451909197554,5.089544554,6.206524752,-6.847574257
8,0.7-6.4,4.601237328162164,5.604326733,6.206524752,-6.847574257
8,0.7-6.4,3.843394401370945,4.409643564,6.206524752,-6.847574257
8,0.7-6.4,1.8426778927170493,3.739455446,6.206524752,-6.847574257
8,0.7-6.4,-0.3175323580911121,1.758029703,6.206524752,-6.847574257
8,0.7-6.4,-2.080658786735129,-0.437079208,6.206524752,-6.847574257
8,0.7-6.4,-3.6769185470668937,-2.088267327,6.206524752,-6.847574257
8,0.7-6.4,-5.556403840213013,-3.720029703,6.206524752,-6.847574257
8,0.7-6.4,-5.262436969765862,-5.604326733,6.206524752,-6.847574257
8,0.7-6.4,-3.01433185414231,-5.546049505,6.206524752,-6.847574257
8,0.7-6.4,-1.7475647278288755,-3.205247525,6.206524752,-6.847574257
8,0.7-6.4,-0.5266596195211581,-1.670613861,6.206524752,-6.847574257
8,0.7-6.4,0.6055035287816359,-0.777029703,6.206524752,-6.847574257
8,0.7-6.4,2.4815864050197054,0.592485149,6.206524752,-6.847574257
8,0.7-6.4,3.5655775357619826,2.292237624,6.206524752,-6.847574257
8,0.7-6.4,3.659313454970524,3.603475248,6.206524752,-6.847574257
8,0.7-6.4,3.1384459517953367,3.516059406,6.206524752,-6.847574257
8,0.7-6.4,2.261721634212024,3.16639604,6.206524752,-6.847574257
8,0.7-6.4,0.905760318381896,2.292237624,6.206524752,-6.847574257
8,0.7-6.4,-0.2631950773876646,0.971287129,6.206524752,-6.847574257
8,0.7-6.4,-1.260412289636219,-0.213683168,6.206524752,-6.847574257
8,0.7-6.4,-2.1052924817885703,-1.146118812,6.206524752,-6.847574257
8,0.7-6.4,-2.558479864415488,-1.942574257,6.206524752,-6.847574257
8,0.7-6.4,-2.5970186844091665,-2.515633663,6.206524752,-6.847574257
8,0.7-6.4,-1.5898992294211285,-2.758455446,6.206524752,-6.847574257
8,0.7-6.4,-0.3667786367199727,-2.000851485,6.206524752,-6.847574257
8,0.7-6.4,0.2718621656327317,-0.611910891,6.206524752,-6.847574257
8,0.7-6.4,0.6526085979799809,0.155405941,6.206524752,-6.847574257
8,0.7-6.4,1.078911714215813,0.437079208,6.206524752,-6.847574257
8,0.7-6.4,1.155920361223905,0.981,6.206524752,-6.847574257
8,0.7-6.4,0.9327062757778762,1.048990099,6.206524752,-6.847574257
8,0.7-6.4,0.4599661788080227,1.107267327,6.206524752,-6.847574257
8,0.7-6.4,0.1224521124702364,0.52449505,6.206524752,-6.847574257
8,0.7-6.4,-0.1965998554807029,0.233108911,6.206524752,-6.847574257
8,0.7-6.4,-0.3063017713685175,-0.135980198,6.206524752,-6.847574257
8,0.7-6.4,-0.2320900796545421,-0.281673267,6.206524752,-6.847574257
8,0.7-6.4,-0.0877456459516943,-0.437079208,6.206524752,-6.847574257
8,0.7-6.4,-0.0908229361090817,-0.097128713,6.206524752,-6.847574257
8,0.7-6.4,-0.0756758233696772,-0.174831683,6.206524752,-6.847574257
8,0.7-6.4,-0.0355365733117461,-0.067990099,6.206524752,-6.847574257
8,0.7-6.4,-0.0082490910606347,-0.106841584,6.206524752,-6.847574257
8,0.7-6.4,-0.0417914758094905,-0.048564356,6.206524752,-6.847574257
8,0.7-6.4,-0.0183201512559666,-0.097128713,6.206524752,-6.847574257
8,0.7-6.4,-0.0094544236637281,-0.067990099,6.206524752,-6.847574257
9,0.7-6.4,0.0281638917791712,0.0,6.206524752,-6.847574257
9,0.7-6.4,0.0268615058689058,-0.067990099,6.206524752,-6.847574257
9,0.7-6.4,0.0146507722635377,-0.058277228,6.206524752,-6.847574257
9,0.7-6.4,0.0234158091832897,-0.097128713,6.206524752,-6.847574257
9,0.7-6.4,0.1192405296826802,-0.009712871,6.206524752,-6.847574257
9,0.7-6.4,0.4072298466062792,0.291386139,6.206524752,-6.847574257
9,0.7-6.4,0.7213129354314216,0.641049505,6.206524752,-6.847574257
9,0.7-6.4,0.4056142873302169,0.553633663,6.206524752,-6.847574257
9,0.7-6.4,-0.0031887340276151,-0.038851485,6.206524752,-6.847574257
9,0.7-6.4,-0.8536177402720223,-0.660475248,6.206524752,-6.847574257
9,0.7-6.4,-1.5017583726169996,-1.495782178,6.206524752,-6.847574257
9,0.7-6.4,-1.6171099794103754,-1.66090099,6.206524752,-6.847574257
9,0.7-6.4,-1.1369996585682964,-1.35980198,6.206524752,-6.847574257
9,0.7-6.4,-0.4420171278811425,-0.718752475,6.206524752,-6.847574257
9,0.7-6.4,0.0754801604446484,-0.087415842,6.206524752,-6.847574257
9,0.7-6.4,0.6569189305783173,0.407940594,6.206524752,-6.847574257
9,0.7-6.4,1.5493580742654225,1.330663366,6.206524752,-6.847574257
9,0.7-6.4,2.296757978310236,2.117405941,6.206524752,-6.847574257
9,0.7-6.4,2.626514772946744,2.671039604,6.206524752,-6.847574257
9,0.7-6.4,2.316495031216344,2.389366337,6.206524752,-6.847574257
9,0.7-6.4,1.5255079347423588,1.709465347,6.206524752,-6.847574257
9,0.7-6.4,0.5149701600342056,0.670188119,6.206524752,-6.847574257
9,0.7-6.4,-0.5622987518265504,-0.330237624,6.206524752,-6.847574257
9,0.7-6.4,-1.928427016373152,-1.631762376,6.206524752,-6.847574257
9,0.7-6.4,-3.3964013213748934,-3.117831683,6.206524752,-6.847574257
9,0.7-6.4,-4.632091165248561,-4.652465347,6.206524752,-6.847574257
9,0.7-6.4,-3.578660675984446,-4.030841584,6.206524752,-6.847574257
9,0.7-6.4,-2.369405315778617,-2.836158416,6.206524752,-6.847574257
9,0.7-6.4,-1.3548527173659557,-1.622049505,6.206524752,-6.847574257
9,0.7-6.4,-0.2137015669076854,-0.52449505,6.206524752,-6.847574257
9,0.7-6.4,0.9774842675574988,0.573059406,6.206524752,-6.847574257
9,0.7-6.4,2.9951654714771725,2.428217822,6.206524752,-6.847574257
9,0.7-6.4,4.918028532385081,4.38050495,6.206524752,-6.847574257
9,0.7-6.4,5.584278218825349,5.652891089,6.206524752,-6.847574257
9,0.7-6.4,4.379214690415606,4.60390099,6.206524752,-6.847574257
9,0.7-6.4,2.91050334021362,3.380079208,6.206524752,-6.847574257
9,0.7-6.4,1.2809938568881216,1.699752475,6.206524752,-6.847574257
9,0.7-6.4,-0.3935910092666083,-0.07770297,6.206524752,-6.847574257
9,0.7-6.4,-2.062964029130471,-1.73860396,6.206524752,-6.847574257
9,0.7-6.4,-4.012331212749039,-3.661752475,6.206524752,-6.847574257
9,0.7-6.4,-6.443172072559587,-5.905425743,6.206524752,-6.847574257
9,0.7-6.4,-6.122200111929929,-6.808722772,6.206524752,-6.847574257
9,0.7-6.4,-3.6051592968976856,-4.069693069,6.206524752,-6.847574257
9,0.7-6.4,-2.413398896279904,-2.777881188,6.206524752,-6.847574257
9,0.7-6.4,-0.6666349995901262,-1.223821782,6.206524752,-6.847574257
9,0.7-6.4,0.6924141898505881,0.339950495,6.206524752,-6.847574257
9,0.7-6.4,2.697523762261071,2.175683168,6.206524752,-6.847574257
9,0.7-6.4,4.617713820413184,4.176534653,6.206524752,-6.847574257
9,0.7-6.4,6.154782132354572,5.856861386,6.206524752,-6.847574257
9,0.7-6.4,5.326683901510488,5.711168317,6.206524752,-6.847574257
9,0.7-6.4,3.774377349156519,4.030841584,6.206524752,-6.847574257
9,0.7-6.4,2.300995788249905,2.739029703,6.206524752,-6.847574257
9,0.7-6.4,0.2564507085517845,0.796455446,6.206524752,-6.847574257
9,0.7-6.4,-1.2340802179474488,-0.913009901,6.206524752,-6.847574257
9,0.7-6.4,-2.670535610529487,-2.282524752,6.206524752,-6.847574257
9,0.7-6.4,-4.792925857388195,-4.30280198,6.206524752,-6.847574257
9,0.7-6.4,-6.763626449797238,-6.517336634,6.206524752,-6.847574257
9,0.7-6.4,-5.151820096186678,-5.876287129,6.206524752,-6.847574257
9,0.7-6.4,-3.165124400653001,-3.788019802,6.206524752,-6.847574257
9,0.7-6.4,-1.847358568314257,-2.224247525,6.206524752,-6.847574257
9,0.7-6.4,-0.1210912691769448,-0.689613861,6.206524752,-6.847574257
9,0.7-6.4,1.4778328391922744,1.010138614,6.206524752,-6.847574257
9,0.7-6.4,3.438213718586114,2.884722772,6.206524752,-6.847574257
9,0.7-6.4,5.177230856670222,4.652465347,6.206524752,-6.847574257
9,0.7-6.4,6.108469203589022,6.10939604,6.206524752,-6.847574257
9,0.7-6.4,4.571635736538907,5.050693069,6.206524752,-6.847574257
9,0.7-6.4,3.3946872597874043,3.690891089,6.206524752,-6.847574257
9,0.7-6.4,1.6513113163914694,2.156257426,6.206524752,-6.847574257
9,0.7-6.4,-0.3392957867964681,0.0,6.206524752,-6.847574257
9,0.7-6.4,-1.7431512356801928,-1.427792079,6.206524752,-6.847574257
9,0.7-6.4,-3.303787743646278,-2.943,6.206524752,-6.847574257
9,0.7-6.4,-5.651120127419923,-5.196386139,6.206524752,-6.847574257
9,0.7-6.4,-6.491227050818266,-6.847574257,6.206524752,-6.847574257
9,0.7-6.4,-4.1683309367075125,-4.749594059,6.206524752,-6.847574257
9,0.7-6.4,-2.725204047465373,-3.127544554,6.206524752,-6.847574257
9,0.7-6.4,-1.2875994464348035,-1.816306931,6.206524752,-6.847574257
9,0.7-6.4,0.2949609589703698,0.029138614,6.206524752,-6.847574257
9,0.7-6.4,2.208440970723352,1.66090099,6.206524752,-6.847574257
9,0.7-6.4,4.092213165756166,3.749168317,6.206524752,-6.847574257
9,0.7-6.4,5.712205488608274,5.28380198,6.206524752,-6.847574257
9,0.7-6.4,5.640462004348919,5.80829703,6.206524752,-6.847574257
9,0.7-6.4,3.999842731653765,4.390217822,6.206524752,-6.847574257
9,0.7-6.4,2.853956044010702,3.214960396,6.206524752,-6.847574257
9,0.7-6.4,0.9193626271761272,1.515207921,6.206524752,-6.847574257
9,0.7-6.4,-0.8872485711117034,-0.573059406,6.206524752,-6.847574257
9,0.7-6.4,-2.2982802214197178,-1.991138614,6.206524752,-6.847574257
9,0.7-6.4,-4.026393547522778,-3.70060396,6.206524752,-6.847574257
9,0.7-6.4,-6.412428525420308,-5.847148515,6.206524752,-6.847574257
9,0.7-6.4,-5.801490275070219,-6.56590099,6.206524752,-6.847574257
9,0.7-6.4,-3.39182448826568,-3.962851485,6.206524752,-6.847574257
9,0.7-6.4,-2.2774837251277265,-2.593336634,6.206524752,-6.847574257
9,0.7-6.4,-0.6883822097179063,-1.184970297,6.206524752,-6.847574257
9,0.7-6.4,0.9121115787971732,0.417653465,6.206524752,-6.847574257
9,0.7-6.4,2.930879935862093,2.408792079,6.206524752,-6.847574257
9,0.7-6.4,4.737021821946717,4.244524752,6.206524752,-6.847574257
9,0.7-6.4,6.054402841608241,5.66260396,6.206524752,-6.847574257
9,0.7-6.4,4.933779000957676,5.604326733,6.206524752,-6.847574257
9,0.7-6.4,3.441854460359183,3.768594059,6.206524752,-6.847574257
9,0.7-6.4,2.3249590484615035,2.680752475,6.206524752,-6.847574257
9,0.7-6.4,0.1505131596011985,0.670188119,6.206524752,-6.847574257
9,0.7-6.4,-1.2580335479788938,-1.05870297,6.206524752,-6.847574257
9,0.7-6.4,-2.814829921573599,-2.408792079,6.206524752,-6.847574257
9,0.7-6.4,-4.886650804063761,-4.419356436,6.206524752,-6.847574257
9,0.7-6.4,-6.666030153340374,-6.527049505,6.206524752,-6.847574257
9,0.7-6.4,-4.775917757009535,-5.50719802,6.206524752,-6.847574257
9,0.7-6.4,-2.953897104082071,-3.418930693,6.206524752,-6.847574257
9,0.7-6.4,-1.7949167860428252,-2.233960396,6.206524752,-6.847574257
9,0.7-6.4,-0.1521071108399745,-0.582772277,6.206524752,-6.847574257
9,0.7-6.4,1.6350363723880477,1.05870297,6.206524752,-6.847574257
9,0.7-6.4,3.599246462975416,3.078980198,6.206524752,-6.847574257
9,0.7-6.4,5.351865227814586,4.866148515,6.206524752,-6.847574257
9,0.7-6.4,5.910865389391172,6.206524752,6.206524752,-6.847574257
9,0.7-6.4,4.087515308092551,4.535910891,6.206524752,-6.847574257
9,0.7-6.4,3.075714955119268,3.292663366,6.206524752,-6.847574257
9,0.7-6.4,1.5487368809101625,2.088267327,6.206524752,-6.847574257
9,0.7-6.4,-0.2534333004129632,0.087415842,6.206524752,-6.847574257
9,0.7-6.4,-1.8184785352944552,-1.544346535,6.206524752,-6.847574257
9,0.7-6.4,-3.6155857370003126,-3.234386139,6.206524752,-6.847574257
9,0.7-6.4,-5.847086521140484,-5.380930693,6.206524752,-6.847574257
9,0.7-6.4,-6.16705571985493,-6.692168317,6.206524752,-6.847574257
9,0.7-6.4,-3.724309482344704,-4.176534653,6.206524752,-6.847574257
9,0.7-6.4,-2.660248278222966,-3.030415842,6.206524752,-6.847574257
9,0.7-6.4,-1.1837586943298215,-1.680326733,6.206524752,-6.847574257
9,0.7-6.4,0.4252960355480261,-0.048564356,6.206524752,-6.847574257
9,0.7-6.4,2.391657176377897,1.845445545,6.206524752,-6.847574257
9,0.7-6.4,4.2043684287637895,3.739455446,6.206524752,-6.847574257
9,0.7-6.4,5.82221896449255,5.36150495,6.206524752,-6.847574257
9,0.7-6.4,5.43236344838212,5.769445545,6.206524752,-6.847574257
9,0.7-6.4,3.6207450084742376,3.856009901,6.206524752,-6.847574257
9,0.7-6.4,2.6415453331426018,2.86529703,6.206524752,-6.847574257
9,0.7-6.4,0.8084932750794905,1.350089109,6.206524752,-6.847574257
9,0.7-6.4,-0.8131512216855895,-0.60219802,6.206524752,-6.847574257
9,0.7-6.4,-2.467028385716273,-2.18539604,6.206524752,-6.847574257
9,0.7-6.4,-4.2623960230463735,-3.875435644,6.206524752,-6.847574257
9,0.7-6.4,-6.379026232381983,-6.041405941,6.206524752,-6.847574257
9,0.7-6.4,-5.251851813790829,-6.021980198,6.206524752,-6.847574257
9,0.7-6.4,-3.101984820248588,-3.632613861,6.206524752,-6.847574257
9,0.7-6.4,-2.22606542678364,-2.593336634,6.206524752,-6.847574257
9,0.7-6.4,-0.6828398658740739,-1.223821782,6.206524752,-6.847574257
9,0.7-6.4,0.9956211287830564,0.582772277,6.206524752,-6.847574257
9,0.7-6.4,3.114385320223708,2.544772277,6.206524752,-6.847574257
9,0.7-6.4,4.838058410629771,4.438782178,6.206524752,-6.847574257
9,0.7-6.4,6.035611715064828,5.915138614,6.206524752,-6.847574257
9,0.7-6.4,4.659413900260691,5.138108911,6.206524752,-6.847574257
9,0.7-6.4,3.25959397523055,3.642326733,6.206524752,-6.847574257
9,0.7-6.4,1.9865773260554,2.408792079,6.206524752,-6.847574257
9,0.7-6.4,0.1665883449772005,0.747891089,6.206524752,-6.847574257
9,0.7-6.4,-1.4460827821674098,-1.155831683,6.206524752,-6.847574257
9,0.7-6.4,-3.1177304675328594,-2.632188119,6.206524752,-6.847574257
9,0.7-6.4,-5.182859351968838,-4.788445545,6.206524752,-6.847574257
9,0.7-6.4,-6.452757658486963,-6.585326733,6.206524752,-6.847574257
9,0.7-6.4,-4.214216963202967,-4.972990099,6.206524752,-6.847574257
9,0.7-6.4,-2.770673392453596,-3.02070297,6.206524752,-6.847574257
9,0.7-6.4,-1.6992403760354995,-2.233960396,6.206524752,-6.847574257
9,0.7-6.4,-0.1143675890233423,-0.534207921,6.206524752,-6.847574257
9,0.7-6.4,1.7301597091119618,1.136405941,6.206524752,-6.847574257
9,0.7-6.4,3.756816182745325,3.24409901,6.206524752,-6.847574257
9,0.7-6.4,5.461539769653137,5.060405941,6.206524752,-6.847574257
9,0.7-6.4,5.928711740660848,6.099683168,6.206524752,-6.847574257
9,0.7-6.4,3.9760995280597977,4.399930693,6.206524752,-6.847574257
9,0.7-6.4,2.791462106140103,3.040128713,6.206524752,-6.847574257
9,0.7-6.4,1.3203022500852324,1.816306931,6.206524752,-6.847574257
9,0.7-6.4,-0.3603070501064472,-0.097128713,6.206524752,-6.847574257
9,0.7-6.4,-1.95455617910626,-1.680326733,6.206524752,-6.847574257
9,0.7-6.4,-3.80280417592138,-3.457782178,6.206524752,-6.847574257
9,0.7-6.4,-5.987475604148704,-5.516910891,6.206524752,-6.847574257
9,0.7-6.4,-5.833938650662273,-6.585326733,6.206524752,-6.847574257
9,0.7-6.4,-3.448181054958926,-3.826871287,6.206524752,-6.847574257
9,0.7-6.4,-2.547580053220395,-2.777881188,6.206524752,-6.847574257
9,0.7-6.4,-1.1882785334542665,-1.767742574,6.206524752,-6.847574257
9,0.7-6.4,0.5576348388837689,0.155405941,6.206524752,-6.847574257
9,0.7-6.4,2.5994417807276458,1.962,6.206524752,-6.847574257
9,0.7-6.4,4.400677137429229,4.040554455,6.206524752,-6.847574257
9,0.7-6.4,5.8637068330234055,5.322653465,6.206524752,-6.847574257
9,0.7-6.4,5.277006750581993,5.633465347,6.206524752,-6.847574257
9,0.7-6.4,3.3983776598601474,3.836584158,6.206524752,-6.847574257
9,0.7-6.4,2.369514256522511,2.651613861,6.206524752,-6.847574257
9,0.7-6.4,0.6143267416506731,1.039277228,6.206524752,-6.847574257
9,0.7-6.4,-0.9046235707959112,-0.573059406,6.206524752,-6.847574257
9,0.7-6.4,-2.6281657499945847,-2.243673267,6.206524752,-6.847574257
9,0.7-6.4,-4.605358095684853,-4.137683168,6.206524752,-6.847574257
9,0.7-6.4,-6.578605430997804,-6.26480198,6.206524752,-6.847574257
9,0.7-6.4,-4.888445468967528,-5.788871287,6.206524752,-6.847574257
9,0.7-6.4,-2.8408788338881634,-3.389792079,6.206524752,-6.847574257
9,0.7-6.4,-2.18433697892948,-2.476782178,6.206524752,-6.847574257
9,0.7-6.4,-0.6292699977893454,-1.155831683,6.206524752,-6.847574257
9,0.7-6.4,1.2388008370145616,0.709039604,6.206524752,-6.847574257
9,0.7-6.4,3.5400109958658224,2.972138614,6.206524752,-6.847574257
9,0.7-6.4,5.297868042909656,4.934138614,6.206524752,-6.847574257
9,0.7-6.4,6.031274216090306,5.992841584,6.206524752,-6.847574257
9,0.7-6.4,4.42102634359741,4.837009901,6.206524752,-6.847574257
9,0.7-6.4,3.023007091302849,3.282950495,6.206524752,-6.847574257
9,0.7-6.4,1.6517841599955874,2.059128713,6.206524752,-6.847574257
9,0.7-6.4,-0.085797349740731,0.252534653,6.206524752,-6.847574257
9,0.7-6.4,-1.6584770059913003,-1.28209901,6.206524752,-6.847574257
9,0.7-6.4,-3.5839494432487498,-3.127544554,6.206524752,-6.847574257
9,0.7-6.4,-5.875140124758445,-5.332366337,6.206524752,-6.847574257
9,0.7-6.4,-6.219770349486822,-6.779584158,6.206524752,-6.847574257
9,0.7-6.4,-3.592883428532163,-4.050267327,6.206524752,-6.847574257
9,0.7-6.4,-2.548378499190841,-2.894435644,6.206524752,-6.847574257
9,0.7-6.4,-1.4280253107461651,-1.855158416,6.206524752,-6.847574257
9,0.7-6.4,0.2478898642750356,-0.242821782,6.206524752,-6.847574257
9,0.7-6.4,2.25464473627539,1.787168317,6.206524752,-6.847574257
9,0.7-6.4,4.239705312534827,3.652039604,6.206524752,-6.847574257
9,0.7-6.4,5.744529052200071,5.439207921,6.206524752,-6.847574257
9,0.7-6.4,5.430659859027903,5.788871287,6.206524752,-6.847574257
9,0.7-6.4,3.72849179101833,4.050267327,6.206524752,-6.847574257
9,0.7-6.4,2.58470201185301,2.777881188,6.206524752,-6.847574257
9,0.7-6.4,0.8481777866285922,1.379227723,6.206524752,-6.847574257
9,0.7-6.4,-0.6690110423304485,-0.369089109,6.206524752,-6.847574257
9,0.7-6.4,-2.348929010769304,-1.942574257,6.206524752,-6.847574257
9,0.7-6.4,-4.342445954918585,-3.924,6.206524752,-6.847574257
9,0.7-6.4,-6.547965745011078,-6.157960396,6.206524752,-6.847574257
9,0.7-6.4,-5.450200129397293,-6.352217822,6.206524752,-6.847574257
9,0.7-6.4,-2.867616459249663,-3.418930693,6.206524752,-6.847574257
9,0.7-6.4,-2.206938190228776,-2.399079208,6.206524752,-6.847574257
9,0.7-6.4,-0.8450139272965135,-1.369514851,6.206524752,-6.847574257
9,0.7-6.4,0.8867300397152393,0.388514851,6.206524752,-6.847574257
9,0.7-6.4,3.022487808345199,2.447643564,6.206524752,-6.847574257
9,0.7-6.4,4.966743210167838,4.477633663,6.206524752,-6.847574257
9,0.7-6.4,6.008510486246723,5.96370297,6.206524752,-6.847574257
9,0.7-6.4,4.735307003038193,5.099257426,6.206524752,-6.847574257
9,0.7-6.4,3.315968308268378,3.661752475,6.206524752,-6.847574257
9,0.7-6.4,2.031782625775522,2.399079208,6.206524752,-6.847574257
9,0.7-6.4,0.2381575766303658,0.738178218,6.206524752,-6.847574257
9,0.7-6.4,-1.2785568454534104,-0.942148515,6.206524752,-6.847574257
9,0.7-6.4,-3.034924897220582,-2.64190099,6.206524752,-6.847574257
9,0.7-6.4,-5.356190721416313,-4.895287129,6.206524752,-6.847574257
9,0.7-6.4,-6.648950205632645,-6.779584158,6.206524752,-6.847574257
9,0.7-6.4,-4.264550956749826,-5.050693069,6.206524752,-6.847574257
9,0.7-6.4,-2.661209838120437,-3.02070297,6.206524752,-6.847574257
9,0.7-6.4,-1.7246815899683243,-2.03970297,6.206524752,-6.847574257
9,0.7-6.4,-0.1742155975093576,-0.689613861,6.206524752,-6.847574257
9,0.7-6.4,1.7860962441049857,1.165544554,6.206524752,-6.847574257
9,0.7-6.4,3.815996892725977,3.282950495,6.206524752,-6.847574257
9,0.7-6.4,5.5885281700524105,5.089544554,6.206524752,-6.847574257
9,0.7-6.4,5.25076523067817,5.604326733,6.206524752,-6.847574257
9,0.7-6.4,4.208827583455668,4.409643564,6.206524752,-6.847574257
9,0.7-6.4,3.4076029759295934,3.739455446,6.206524752,-6.847574257
9,0.7-6.4,1.06761867038988,1.758029703,6.206524752,-6.847574257
9,0.7-6.4,-0.7291948321250574,-0.437079208,6.206524752,-6.847574257
9,0.7-6.4,-2.444541897966653,-2.088267327,6.206524752,-6.847574257
9,0.7-6.4,-4.10809469069768,-3.720029703,6.206524752,-6.847574257
9,0.7-6.4,-5.884894832997629,-5.604326733,6.206524752,-6.847574257
9,0.7-6.4,-4.858811757932247,-5.546049505,6.206524752,-6.847574257
9,0.7-6.4,-2.4753812727607056,-3.205247525,6.206524752,-6.847574257
9,0.7-6.4,-1.4367961012569452,-1.670613861,6.206524752,-6.847574257
9,0.7-6.4,-0.3786013985381383,-0.777029703,6.206524752,-6.847574257
9,0.7-6.4,0.9871469999695835,0.592485149,6.206524752,-6.847574257
9,0.7-6.4,2.846718743310288,2.292237624,6.206524752,-6.847574257
9,0.7-6.4,3.677630110549305,3.603475248,6.206524752,-6.847574257
9,0.7-6.4,3.500315113125772,3.516059406,6.206524752,-6.847574257
9,0.7-6.4,2.973104964788646,3.16639604,6.206524752,-6.847574257
9,0.7-6.4,2.059074823862652,2.292237624,6.206524752,-6.847574257
9,0.7-6.4,0.6330105540250495,0.971287129,6.206524752,-6.847574257
9,0.7-6.4,-0.3608550829738457,-0.213683168,6.206524752,-6.847574257
9,0.7-6.4,-1.3236466106614146,-1.146118812,6.206524752,-6.847574257
9,0.7-6.4,-2.1392392257403627,-1.942574257,6.206524752,-6.847574257
9,0.7-6.4,-2.518383789949864,-2.515633663,6.206524752,-6.847574257
9,0.7-6.4,-2.614354172492693,-2.758455446,6.206524752,-6.847574257
9,0.7-6.4,-1.540930505385022,-2.000851485,6.206524752,-6.847574257
9,0.7-6.4,-0.2590619045560714,-0.611910891,6.206524752,-6.847574257
9,0.7-6.4,0.3294545528462159,0.155405941,6.206524752,-6.847574257
9,0.7-6.4,0.5881695143984565,0.437079208,6.206524752,-6.847574257
9,0.7-6.4,1.049777754637634,0.981,6.206524752,-6.847574257
9,0.7-6.4,1.143807046839584,1.048990099,6.206524752,-6.847574257
9,0.7-6.4,1.0451590719411206,1.107267327,6.206524752,-6.847574257
9,0.7-6.4,0.5240014952239842,0.52449505,6.206524752,-6.847574257
9,0.7-6.4,0.1190329900780478,0.233108911,6.206524752,-6.847574257
9,0.7-6.4,-0.1278408428051662,-0.135980198,6.206524752,-6.847574257
9,0.7-6.4,-0.323604331811112,-0.281673267,6.206524752,-6.847574257
9,0.7-6.4,-0.2335626542395904,-0.437079208,6.206524752,-6.847574257
9,0.7-6.4,-0.0476870259452488,-0.097128713,6.206524752,-6.847574257
9,0.7-6.4,-0.0678377735447553,-0.174831683,6.206524752,-6.847574257
9,0.7-6.4,-0.0281182971405066,-0.067990099,6.206524752,-6.847574257
9,0.7-6.4,-0.0173848465451777,-0.106841584,6.206524752,-6.847574257
9,0.7-6.4,0.0231390986528958,-0.048564356,6.206524752,-6.847574257
9,0.7-6.4,0.0343102349464631,-0.097128713,6.206524752,-6.847574257
9,0.7-6.4,0.0135628152349167,-0.067990099,6.206524752,-6.847574257
10,0.7-6.4,0.1447670045904131,0.0,6.206524752,-6.847574257
10,0.7-6.4,0.1311598384209774,-0.067990099,6.206524752,-6.847574257
10,0.7-6.4,0.1428298816004675,-0.058277228,6.206524752,-6.847574257
10,0.7-6.4,0.1120328075569421,-0.097128713,6.206524752,-6.847574257
10,0.7-6.4,0.1813197737339883,-0.009712871,6.206524752,-6.847574257
10,0.7-6.4,0.4290959038565692,0.291386139,6.206524752,-6.847574257
10,0.7-6.4,0.7636250146918588,0.641049505,6.206524752,-6.847574257
10,0.7-6.4,0.701061066440207,0.553633663,6.206524752,-6.847574257
10,0.7-6.4,0.2139387262277467,-0.038851485,6.206524752,-6.847574257
10,0.7-6.4,-0.5073881376877418,-0.660475248,6.206524752,-6.847574257
10,0.7-6.4,-1.3157093202310872,-1.495782178,6.206524752,-6.847574257
10,0.7-6.4,-1.5415505614900638,-1.66090099,6.206524752,-6.847574257
10,0.7-6.4,-1.1319527717152065,-1.35980198,6.206524752,-6.847574257
10,0.7-6.4,-0.4702800887773178,-0.718752475,6.206524752,-6.847574257
10,0.7-6.4,0.1983044962499889,-0.087415842,6.206524752,-6.847574257
10,0.7-6.4,0.7751919219414776,0.407940594,6.206524752,-6.847574257
10,0.7-6.4,1.5750893658478715,1.330663366,6.206524752,-6.847574257
10,0.7-6.4,2.487913378190532,2.117405941,6.206524752,-6.847574257
10,0.7-6.4,2.9204864093697798,2.671039604,6.206524752,-6.847574257
10,0.7-6.4,2.6627651502119942,2.389366337,6.206524752,-6.847574257
10,0.7-6.4,1.846990771858871,1.709465347,6.206524752,-6.847574257
10,0.7-6.4,0.8689567555391069,0.670188119,6.206524752,-6.847574257
10,0.7-6.4,-0.3125525005126665,-0.330237624,6.206524752,-6.847574257
10,0.7-6.4,-1.551787021577116,-1.631762376,6.206524752,-6.847574257
10,0.7-6.4,-2.9566381473825296,-3.117831683,6.206524752,-6.847574257
10,0.7-6.4,-4.474231444026446,-4.652465347,6.206524752,-6.847574257
10,0.7-6.4,-4.098482137289131,-4.030841584,6.206524752,-6.847574257
10,0.7-6.4,-2.687253863481041,-2.836158416,6.206524752,-6.847574257
10,0.7-6.4,-1.7095937033054078,-1.622049505,6.206524752,-6.847574257
10,0.7-6.4,-0.5912471884879063,-0.52449505,6.206524752,-6.847574257
10,0.7-6.4,0.6158317508087683,0.573059406,6.206524752,-6.847574257
10,0.7-6.4,2.4436272403147874,2.428217822,6.206524752,-6.847574257
10,0.7-6.4,4.406077986835926,4.38050495,6.206524752,-6.847574257
10,0.7-6.4,5.570599027928847,5.652891089,6.206524752,-6.847574257
10,0.7-6.4,4.86214170925117,4.60390099,6.206524752,-6.847574257
10,0.7-6.4,3.361291735964384,3.380079208,6.206524752,-6.847574257
10,0.7-6.4,1.8587995529602943,1.699752475,6.206524752,-6.847574257
10,0.7-6.4,0.0751276672260112,-0.07770297,6.206524752,-6.847574257
10,0.7-6.4,-1.6549265369031154,-1.73860396,6.206524752,-6.847574257
10,0.7-6.4,-3.3554886465099445,-3.661752475,6.206524752,-6.847574257
10,0.7-6.4,-5.932432292864232,-5.905425743,6.206524752,-6.847574257
10,0.7-6.4,-6.717570483389565,-6.808722772,6.206524752,-6.847574257
10,0.7-6.4,-4.259448803477288,-4.069693069,6.206524752,-6.847574257
10,0.7-6.4,-2.6903550482034766,-2.777881188,6.206524752,-6.847574257
10,0.7-6.4,-1.2370603873126451,-1.223821782,6.206524752,-6.847574257
10,0.7-6.4,0.3123792305788683,0.339950495,6.206524752,-6.847574257
10,0.7-6.4,2.1622420792788724,2.175683168,6.206524752,-6.847574257
10,0.7-6.4,4.090449203842901,4.176534653,6.206524752,-6.847574257
10,0.7-6.4,5.847462648124807,5.856861386,6.206524752,-6.847574257
10,0.7-6.4,5.799884749384683,5.711168317,6.206524752,-6.847574257
10,0.7-6.4,4.156831806763678,4.030841584,6.206524752,-6.847574257
10,0.7-6.4,2.8770416859307946,2.739029703,6.206524752,-6.847574257
10,0.7-6.4,0.8985770730144391,0.796455446,6.206524752,-6.847574257
10,0.7-6.4,-0.906610582389161,-0.913009901,6.206524752,-6.847574257
10,0.7-6.4,-2.2704667969609487,-2.282524752,6.206524752,-6.847574257
10,0.7-6.4,-4.165547669421685,-4.30280198,6.206524752,-6.847574257
10,0.7-6.4,-6.58631159541086,-6.517336634,6.206524752,-6.847574257
10,0.7-6.4,-5.933907988093384,-5.876287129,6.206524752,-6.847574257
10,0.7-6.4,-3.5924940817284874,-3.788019802,6.206524752,-6.847574257
10,0.7-6.4,-2.343974795517138,-2.224247525,6.206524752,-6.847574257
10,0.7-6.4,-0.6808120805835423,-0.689613861,6.206524752,-6.847574257
10,0.7-6.4,1.064848230922865,1.010138614,6.206524752,-6.847574257
10,0.7-6.4,2.785074768077986,2.884722772,6.206524752,-6.847574257
10,0.7-6.4,4.741357232519691,4.652465347,6.206524752,-6.847574257
10,0.7-6.4,6.092636225156349,6.10939604,6.206524752,-6.847574257
10,0.7-6.4,5.134515183910245,5.050693069,6.206524752,-6.847574257
10,0.7-6.4,3.658492163646906,3.690891089,6.206524752,-6.847574257
10,0.7-6.4,2.2547423415639645,2.156257426,6.206524752,-6.847574257
10,0.7-6.4,0.1389363901135898,0.0,6.206524752,-6.847574257
10,0.7-6.4,-1.443362758736943,-1.427792079,6.206524752,-6.847574257
10,0.7-6.4,-2.827799816253424,-2.943,6.206524752,-6.847574257
10,0.7-6.4,-5.064198952035361,-5.196386139,6.206524752,-6.847574257
10,0.7-6.4,-6.6971118323036665,-6.847574257,6.206524752,-6.847574257
10,0.7-6.4,-4.898319487535445,-4.749594059,6.206524752,-6.847574257
10,0.7-6.4,-3.0295939382183965,-3.127544554,6.206524752,-6.847574257
10,0.7-6.4,-1.776626833616711,-1.816306931,6.206524752,-6.847574257
10,0.7-6.4,-0.1329655561315078,0.029138614,6.206524752,-6.847574257
10,0.7-6.4,1.7541088548244683,1.66090099,6.206524752,-6.847574257
10,0.7-6.4,3.57998826177712,3.749168317,6.206524752,-6.847574257
10,0.7-6.4,5.370665580199644,5.28380198,6.206524752,-6.847574257
10,0.7-6.4,5.9413641410090845,5.80829703,6.206524752,-6.847574257
10,0.7-6.4,4.368659826003532,4.390217822,6.206524752,-6.847574257
10,0.7-6.4,3.256350402314458,3.214960396,6.206524752,-6.847574257
10,0.7-6.4,1.5976074750717515,1.515207921,6.206524752,-6.847574257
10,0.7-6.4,-0.4982775553098078,-0.573059406,6.206524752,-6.847574257
10,0.7-6.4,-1.8265432619040485,-1.991138614,6.206524752,-6.847574257
10,0.7-6.4,-3.5313857868700214,-3.70060396,6.206524752,-6.847574257
10,0.7-6.4,-5.84303384060681,-5.847148515,6.206524752,-6.847574257
10,0.7-6.4,-6.393266152800165,-6.56590099,6.206524752,-6.847574257
10,0.7-6.4,-3.985739329780341,-3.962851485,6.206524752,-6.847574257
10,0.7-6.4,-2.576390634080635,-2.593336634,6.206524752,-6.847574257
10,0.7-6.4,-1.248306027007298,-1.184970297,6.206524752,-6.847574257
10,0.7-6.4,0.5173185968732552,0.417653465,6.206524752,-6.847574257
10,0.7-6.4,2.3223807495503697,2.408792079,6.206524752,-6.847574257
10,0.7-6.4,4.261063389326705,4.244524752,6.206524752,-6.847574257
10,0.7-6.4,5.8635515620581184,5.66260396,6.206524752,-6.847574257
10,0.7-6.4,5.490454464167011,5.604326733,6.206524752,-6.847574257
10,0.7-6.4,3.7658060198832,3.768594059,6.206524752,-6.847574257
10,0.7-6.4,2.8034514231024503,2.680752475,6.206524752,-6.847574257
10,0.7-6.4,0.7144737363401903,0.670188119,6.206524752,-6.847574257
10,0.7-6.4,-0.9189299849497086,-1.05870297,6.206524752,-6.847574257
10,0.7-6.4,-2.390202485891721,-2.408792079,6.206524752,-6.847574257
10,0.7-6.4,-4.362567898493496,-4.419356436,6.206524752,-6.847574257
10,0.7-6.4,-6.541915548706228,-6.527049505,6.206524752,-6.847574257
10,0.7-6.4,-5.447037535597617,-5.50719802,6.206524752,-6.847574257
10,0.7-6.4,-3.3418135375225764,-3.418930693,6.206524752,-6.847574257
10,0.7-6.4,-2.264077976745822,-2.233960396,6.206524752,-6.847574257
10,0.7-6.4,-0.5895591449981579,-0.582772277,6.206524752,-6.847574257
10,0.7-6.4,1.0071600843124728,1.05870297,6.206524752,-6.847574257
10,0.7-6.4,3.0552390833376566,3.078980198,6.206524752,-6.847574257
10,0.7-6.4,4.857607398202594,4.866148515,6.206524752,-6.847574257
10,0.7-6.4,5.94937388903695,6.206524752,6.206524752,-6.847574257
10,0.7-6.4,4.720947668492951,4.535910891,6.206524752,-6.847574257
10,0.7-6.4,3.2828362815750234,3.292663366,6.206524752,-6.847574257
10,0.7-6.4,2.222482997671726,2.088267327,6.206524752,-6.847574257
10,0.7-6.4,0.1047970217597032,0.087415842,6.206524752,-6.847574257
10,0.7-6.4,-1.3954426378028004,-1.544346535,6.206524752,-6.847574257
10,0.7-6.4,-3.1974673497272006,-3.234386139,6.206524752,-6.847574257
10,0.7-6.4,-5.285092115222238,-5.380930693,6.206524752,-6.847574257
10,0.7-6.4,-6.461078223967799,-6.692168317,6.206524752,-6.847574257
10,0.7-6.4,-4.40535611718665,-4.176534653,6.206524752,-6.847574257
10,0.7-6.4,-2.9824285549250256,-3.030415842,6.206524752,-6.847574257
10,0.7-6.4,-1.7134840340978608,-1.680326733,6.206524752,-6.847574257
10,0.7-6.4,-0.0821056471115415,-0.048564356,6.206524752,-6.847574257
10,0.7-6.4,1.757219411330152,1.845445545,6.206524752,-6.847574257
10,0.7-6.4,3.7709754011645753,3.739455446,6.206524752,-6.847574257
10,0.7-6.4,5.301155941308626,5.36150495,6.206524752,-6.847574257
10,0.7-6.4,5.8421848533781375,5.769445545,6.206524752,-6.847574257
10,0.7-6.4,3.9902870680133056,3.856009901,6.206524752,-6.847574257
10,0.7-6.4,3.0414473618968616,2.86529703,6.206524752,-6.847574257
10,0.7-6.4,1.305428478072434,1.350089109,6.206524752,-6.847574257
10,0.7-6.4,-0.363375445338679,-0.60219802,6.206524752,-6.847574257
10,0.7-6.4,-2.0673472641645767,-2.18539604,6.206524752,-6.847574257
10,0.7-6.4,-3.7755070588416775,-3.875435644,6.206524752,-6.847574257
10,0.7-6.4,-5.956859742848568,-6.041405941,6.206524752,-6.847574257
10,0.7-6.4,-5.923717552561283,-6.021980198,6.206524752,-6.847574257
10,0.7-6.4,-3.6431766580755456,-3.632613861,6.206524752,-6.847574257
10,0.7-6.4,-2.6175404585421567,-2.593336634,6.206524752,-6.847574257
10,0.7-6.4,-1.1458260523282748,-1.223821782,6.206524752,-6.847574257
10,0.7-6.4,0.4064776967154048,0.582772277,6.206524752,-6.847574257
10,0.7-6.4,2.591973292822125,2.544772277,6.206524752,-6.847574257
10,0.7-6.4,4.21830185445828,4.438782178,6.206524752,-6.847574257
10,0.7-6.4,5.831165302831252,5.915138614,6.206524752,-6.847574257
10,0.7-6.4,5.176100095965795,5.138108911,6.206524752,-6.847574257
10,0.7-6.4,3.6116841556363934,3.642326733,6.206524752,-6.847574257
10,0.7-6.4,2.500876222516286,2.408792079,6.206524752,-6.847574257
10,0.7-6.4,0.6777793551615479,0.747891089,6.206524752,-6.847574257
10,0.7-6.4,-0.8955891925961343,-1.155831683,6.206524752,-6.847574257
10,0.7-6.4,-2.726077401797377,-2.632188119,6.206524752,-6.847574257
10,0.7-6.4,-4.481834770223089,-4.788445545,6.206524752,-6.847574257
10,0.7-6.4,-6.442339796244903,-6.585326733,6.206524752,-6.847574257
10,0.7-6.4,-5.076052382393312,-4.972990099,6.206524752,-6.847574257
10,0.7-6.4,-3.1475057480303543,-3.02070297,6.206524752,-6.847574257
10,0.7-6.4,-2.1108387736582466,-2.233960396,6.206524752,-6.847574257
10,0.7-6.4,-0.5170256657480761,-0.534207921,6.206524752,-6.847574257
10,0.7-6.4,1.1576446447333582,1.136405941,6.206524752,-6.847574257
10,0.7-6.4,3.2719690287205627,3.24409901,6.206524752,-6.847574257
10,0.7-6.4,4.939655437295076,5.060405941,6.206524752,-6.847574257
10,0.7-6.4,6.026281153312633,6.099683168,6.206524752,-6.847574257
10,0.7-6.4,4.555510744594846,4.399930693,6.206524752,-6.847574257
10,0.7-6.4,3.1719825657657217,3.040128713,6.206524752,-6.847574257
10,0.7-6.4,1.843756527447404,1.816306931,6.206524752,-6.847574257
10,0.7-6.4,0.2014511306279534,-0.097128713,6.206524752,-6.847574257
10,0.7-6.4,-1.5974451441742266,-1.680326733,6.206524752,-6.847574257
10,0.7-6.4,-3.1777776466286825,-3.457782178,6.206524752,-6.847574257
10,0.7-6.4,-5.501954415766528,-5.516910891,6.206524752,-6.847574257
10,0.7-6.4,-6.231269270598289,-6.585326733,6.206524752,-6.847574257
10,0.7-6.4,-4.013072621285144,-3.826871287,6.206524752,-6.847574257
10,0.7-6.4,-2.801814004000853,-2.777881188,6.206524752,-6.847574257
10,0.7-6.4,-1.6278077124089316,-1.767742574,6.206524752,-6.847574257
10,0.7-6.4,-0.0299108189838716,0.155405941,6.206524752,-6.847574257
10,0.7-6.4,2.0601693574107443,1.962,6.206524752,-6.847574257
10,0.7-6.4,3.895632833506652,4.040554455,6.206524752,-6.847574257
10,0.7-6.4,5.491775732219015,5.322653465,6.206524752,-6.847574257
10,0.7-6.4,5.717093208461871,5.633465347,6.206524752,-6.847574257
10,0.7-6.4,3.970681395984583,3.836584158,6.206524752,-6.847574257
10,0.7-6.4,2.7510849558478925,2.651613861,6.206524752,-6.847574257
10,0.7-6.4,1.2413235727191714,1.039277228,6.206524752,-6.847574257
10,0.7-6.4,-0.5116375998415357,-0.573059406,6.206524752,-6.847574257
10,0.7-6.4,-2.2129382421007984,-2.243673267,6.206524752,-6.847574257
10,0.7-6.4,-3.9859150583117886,-4.137683168,6.206524752,-6.847574257
10,0.7-6.4,-6.188775319363853,-6.26480198,6.206524752,-6.847574257
10,0.7-6.4,-5.740098223120514,-5.788871287,6.206524752,-6.847574257
10,0.7-6.4,-3.326887218548484,-3.389792079,6.206524752,-6.847574257
10,0.7-6.4,-2.4499684779504904,-2.476782178,6.206524752,-6.847574257
10,0.7-6.4,-1.2379045369352115,-1.155831683,6.206524752,-6.847574257
10,0.7-6.4,0.714210472097996,0.709039604,6.206524752,-6.847574257
10,0.7-6.4,2.8608647929421624,2.972138614,6.206524752,-6.847574257
10,0.7-6.4,4.788077832842312,4.934138614,6.206524752,-6.847574257
10,0.7-6.4,6.06652795771522,5.992841584,6.206524752,-6.847574257
10,0.7-6.4,5.043953324784405,4.837009901,6.206524752,-6.847574257
10,0.7-6.4,3.3368908520327016,3.282950495,6.206524752,-6.847574257
10,0.7-6.4,2.0769871616646745,2.059128713,6.206524752,-6.847574257
10,0.7-6.4,0.4673865013123015,0.252534653,6.206524752,-6.847574257
10,0.7-6.4,-1.2805333878955747,-1.28209901,6.206524752,-6.847574257
10,0.7-6.4,-2.9926911616874508,-3.127544554,6.206524752,-6.847574257
10,0.7-6.4,-5.239316915055643,-5.332366337,6.206524752,-6.847574257
10,0.7-6.4,-6.605133684908208,-6.779584158,6.206524752,-6.847574257
10,0.7-6.4,-4.4949632841628,-4.050267327,6.206524752,-6.847574257
10,0.7-6.4,-2.761359202099471,-2.894435644,6.206524752,-6.847574257
10,0.7-6.4,-1.8068671815108952,-1.855158416,6.206524752,-6.847574257
10,0.7-6.4,-0.3328885498781119,-0.242821782,6.206524752,-6.847574257
10,0.7-6.4,1.734743102527109,1.787168317,6.206524752,-6.847574257
10,0.7-6.4,3.708382381243772,3.652039604,6.206524752,-6.847574257
10,0.7-6.4,5.345482956046838,5.439207921,6.206524752,-6.847574257
10,0.7-6.4,5.811613135196124,5.788871287,6.206524752,-6.847574257
10,0.7-6.4,4.207087989217482,4.050267327,6.206524752,-6.847574257
10,0.7-6.4,2.918770089472825,2.777881188,6.206524752,-6.847574257
10,0.7-6.4,1.4527951426862389,1.379227723,6.206524752,-6.847574257
10,0.7-6.4,-0.238941678485045,-0.369089109,6.206524752,-6.847574257
10,0.7-6.4,-1.8301191779573285,-1.942574257,6.206524752,-6.847574257
10,0.7-6.4,-3.674342056318301,-3.924,6.206524752,-6.847574257
10,0.7-6.4,-6.1524591276528575,-6.157960396,6.206524752,-6.847574257
10,0.7-6.4,-6.175276997118344,-6.352217822,6.206524752,-6.847574257
10,0.7-6.4,-3.5320423666130853,-3.418930693,6.206524752,-6.847574257
10,0.7-6.4,-2.3979414009264546,-2.399079208,6.206524752,-6.847574257
10,0.7-6.4,-1.3934949891523989,-1.369514851,6.206524752,-6.847574257
10,0.7-6.4,0.4378890299692102,0.388514851,6.206524752,-6.847574257
10,0.7-6.4,2.373763920145264,2.447643564,6.206524752,-6.847574257
10,0.7-6.4,4.404733102546408,4.477633663,6.206524752,-6.847574257
10,0.7-6.4,5.955168897981035,5.96370297,6.206524752,-6.847574257
10,0.7-6.4,5.31161508259536,5.099257426,6.206524752,-6.847574257
10,0.7-6.4,3.60639065360019,3.661752475,6.206524752,-6.847574257
10,0.7-6.4,2.5325602963981155,2.399079208,6.206524752,-6.847574257
10,0.7-6.4,0.8088081928748379,0.738178218,6.206524752,-6.847574257
10,0.7-6.4,-0.9139568385909884,-0.942148515,6.206524752,-6.847574257
10,0.7-6.4,-2.53142876591688,-2.64190099,6.206524752,-6.847574257
10,0.7-6.4,-4.670890570514665,-4.895287129,6.206524752,-6.847574257
10,0.7-6.4,-6.708774369148302,-6.779584158,6.206524752,-6.847574257
10,0.7-6.4,-5.193766797877894,-5.050693069,6.206524752,-6.847574257
10,0.7-6.4,-2.975009575032,-3.02070297,6.206524752,-6.847574257
10,0.7-6.4,-2.158342292016738,-2.03970297,6.206524752,-6.847574257
10,0.7-6.4,-0.6566623037009962,-0.689613861,6.206524752,-6.847574257
10,0.7-6.4,1.1196380946657758,1.165544554,6.206524752,-6.847574257
10,0.7-6.4,3.120247086225749,3.282950495,6.206524752,-6.847574257
10,0.7-6.4,5.248215391376939,5.089544554,6.206524752,-6.847574257
10,0.7-6.4,5.670195785533124,5.604326733,6.206524752,-6.847574257
10,0.7-6.4,4.386670651276087,4.409643564,6.206524752,-6.847574257
10,0.7-6.4,3.79776000709952,3.739455446,6.206524752,-6.847574257
10,0.7-6.4,1.8828798550075851,1.758029703,6.206524752,-6.847574257
10,0.7-6.4,-0.3035409118508476,-0.437079208,6.206524752,-6.847574257
10,0.7-6.4,-1.945642131991783,-2.088267327,6.206524752,-6.847574257
10,0.7-6.4,-3.5662280152352994,-3.720029703,6.206524752,-6.847574257
10,0.7-6.4,-5.561630949421993,-5.604326733,6.206524752,-6.847574257
10,0.7-6.4,-5.513192157556627,-5.546049505,6.206524752,-6.847574257
10,0.7-6.4,-3.069149288659901,-3.205247525,6.206524752,-6.847574257
10,0.7-6.4,-1.7752041600012376,-1.670613861,6.206524752,-6.847574257
10,0.7-6.4,-0.7130385655862455,-0.777029703,6.206524752,-6.847574257
10,0.7-6.4,0.5291277936059225,0.592485149,6.206524752,-6.847574257
10,0.7-6.4,2.201263214401876,2.292237624,6.206524752,-6.847574257
10,0.7-6.4,3.5751784738100127,3.603475248,6.206524752,-6.847574257
10,0.7-6.4,3.593971557583993,3.516059406,6.206524752,-6.847574257
10,0.7-6.4,3.16092556685063,3.16639604,6.206524752,-6.847574257
10,0.7-6.4,2.2066135558782416,2.292237624,6.206524752,-6.847574257
10,0.7-6.4,0.9241951809692994,0.971287129,6.206524752,-6.847574257
10,0.7-6.4,-0.2651102050013469,-0.213683168,6.206524752,-6.847574257
10,0.7-6.4,-1.2117193775909831,-1.146118812,6.206524752,-6.847574257
10,0.7-6.4,-2.03030174510021,-1.942574257,6.206524752,-6.847574257
10,0.7-6.4,-2.614216855688457,-2.515633663,6.206524752,-6.847574257
10,0.7-6.4,-2.790342683335127,-2.758455446,6.206524752,-6.847574257
10,0.7-6.4,-1.9519752662287768,-2.000851485,6.206524752,-6.847574257
10,0.7-6.4,-0.4954198849714119,-0.611910891,6.206524752,-6.847574257
10,0.7-6.4,0.2331412020402409,0.155405941,6.206524752,-6.847574257
10,0.7-6.4,0.5726111733429937,0.437079208,6.206524752,-6.847574257
10,0.7-6.4,1.05267316785953,0.981,6.206524752,-6.847574257
10,0.7-6.4,1.2374566927389363,1.048990099,6.206524752,-6.847574257
10,0.7-6.4,1.1927306526812966,1.107267327,6.206524752,-6.847574257
10,0.7-6.4,0.7875193857043412,0.52449505,6.206524752,-6.847574257
10,0.7-6.4,0.3166553138901504,0.233108911,6.206524752,-6.847574257
10,0.7-6.4,0.0026803088108782,-0.135980198,6.206524752,-6.847574257
10,0.7-6.4,-0.2291995304085934,-0.281673267,6.206524752,-6.847574257
10,0.7-6.4,-0.22635623787323,-0.437079208,6.206524752,-6.847574257
10,0.7-6.4,-0.0777354956907241,-0.097128713,6.206524752,-6.847574257
10,0.7-6.4,-0.0269811048103866,-0.174831683,6.206524752,-6.847574257
10,0.7-6.4,0.0016577484613799,-0.067990099,6.206524752,-6.847574257
10,0.7-6.4,0.0174411819144993,-0.106841584,6.206524752,-6.847574257
10,0.7-6.4,0.0726891222569205,-0.048564356,6.206524752,-6.847574257
10,0.7-6.4,0.0261384265240086,-0.097128713,6.206524752,-6.847574257
10,0.7-6.4,0.051299649840023,-0.067990099,6.206524752,-6.847574257
